,Position,Track Name,Artist,URL,Filename,Month,Date,Week Number,Type,Artist ID,Genre 1,Genre 2,Genre 3
0,1,50//50,Vantage,https://open.spotify.com/track/36lNDeaRf8F8aYaP0zaHpm,viral-us-weekly-2020-05-07--2020-05-07.csv,May,2020-05-07,19,Viral 50,6owH8F2INpb18PhnISiVh2,future funk,,
1,2,ily (i love you baby) (feat. Emilee),Surf Mesa,https://open.spotify.com/track/62aP9fBQKYKxi7PDXwcUAS,viral-us-weekly-2020-05-07--2020-05-07.csv,May,2020-05-07,19,Viral 50,1lmU3giNF3CSbkVSQmLpHQ,tropical house,,
2,3,Con Tus Besos,Eslabon Armado,https://open.spotify.com/track/6WYB1odDfMPVMyp1QxFInT,viral-us-weekly-2020-05-07--2020-05-07.csv,May,2020-05-07,19,Viral 50,0XeEobZplHxzM9QzFQWLiR,corridos tumbados,nuevo regional mexicano,sierreno
3,4,LMK,Lil Xxel,https://open.spotify.com/track/0efL46uAuNEfukXQYsbPlX,viral-us-weekly-2020-05-07--2020-05-07.csv,May,2020-05-07,19,Viral 50,7iDeMFJKjI1ak40N3hoYOZ,pop r&b,,
4,5,Yoga,645AR,https://open.spotify.com/track/2DiybJZJGXyV1UYmngo3eq,viral-us-weekly-2020-05-07--2020-05-07.csv,May,2020-05-07,19,Viral 50,3Iv3mOsjFV8vZkXphpQ8hz,unspecified,,
5,6,Rockstar Shit,BLIND.SEE,https://open.spotify.com/track/2MvxhedNhxhj32eVQJnmII,viral-us-weekly-2020-05-07--2020-05-07.csv,May,2020-05-07,19,Viral 50,6SSQog9cu2XcgHTRHPmECq,viral rap,,
6,7,Desires (with Future),Drake,https://open.spotify.com/track/7eYAHC0RbBF9eaqWzT34Aq,viral-us-weekly-2020-05-07--2020-05-07.csv,May,2020-05-07,19,Viral 50,3TVXtAsR1Inumwj472S9r4,canadian hip hop,canadian pop,hip hop
7,8,Play Date,Melanie Martinez,https://open.spotify.com/track/4DpNNXFMMxQEKl7r0ykkWA,viral-us-weekly-2020-05-07--2020-05-07.csv,May,2020-05-07,19,Viral 50,63yrD80RY3RNEM2YDpUpO8,alt z,dance pop,electropop
8,9,IDK You Yet,Alexander 23,https://open.spotify.com/track/47EWMOElkkbMp5m9SBkx7d,viral-us-weekly-2020-05-07--2020-05-07.csv,May,2020-05-07,19,Viral 50,6sFHvCyqklnJpXC9Nh1aag,alt z,electropop,indie cafe pop
9,10,Don't Rush (feat. Headie One),Young T & Bugsey,https://open.spotify.com/track/7LRmDx4pMTQuOBBwRT1MCT,viral-us-weekly-2020-05-07--2020-05-07.csv,May,2020-05-07,19,Viral 50,6M6XXCcO5gI68XpIlrUL3Z,afroswing,uk hip hop,
10,11,I Like Him,Princess Nokia,https://open.spotify.com/track/68UU9oaQtMDnh6PRlW842H,viral-us-weekly-2020-05-07--2020-05-07.csv,May,2020-05-07,19,Viral 50,6lay1nwbE6hTx1jivysUAL,escape room,lgbtq+ hip hop,trap queen
11,12,Skechers,DripReport,https://open.spotify.com/track/2alc8VZAzDgdAsL2QMk3hu,viral-us-weekly-2020-05-07--2020-05-07.csv,May,2020-05-07,19,Viral 50,3O5HD95HTEPgoPFOjAb7yV,viral rap,,
12,13,Roses - Imanbek Remix,SAINt JHN,https://open.spotify.com/track/24Yi9hE78yPEbZ4kxyoXAI,viral-us-weekly-2020-05-07--2020-05-07.csv,May,2020-05-07,19,Viral 50,0H39MdGGX6dbnnQPt6NQkZ,melodic rap,rap,slap house
13,14,Deep End Freestyle,Sleepy Hallow,https://open.spotify.com/track/4zTPYAf5scZdp0LnwPPeWK,viral-us-weekly-2020-05-07--2020-05-07.csv,May,2020-05-07,19,Viral 50,6EPlBSH2RSiettczlz7ihV,brooklyn drill,nyc rap,
14,15,LEMONS - Demo,Brye,https://open.spotify.com/track/5ukAQcKEIJuzIbP55xp07x,viral-us-weekly-2020-05-07--2020-05-07.csv,May,2020-05-07,19,Viral 50,6Z5uMO0V6jlOuZ7LUDrSsC,indie pop,modern indie pop,
15,16,It's You (I've Been Looking for),Lewis Brice,https://open.spotify.com/track/3CetlHFPPW1SF9mQB7fKti,viral-us-weekly-2020-05-07--2020-05-07.csv,May,2020-05-07,19,Viral 50,7uUOszTczQQwzDodHiz4j0,country pop,,
16,17,Level of Concern,Twenty One Pilots,https://open.spotify.com/track/6xZ4Q2k2ompmDppyeESIY8,viral-us-weekly-2020-05-07--2020-05-07.csv,May,2020-05-07,19,Viral 50,3YQKmKGau1PzlVlkL1iodx,modern rock,rock,
17,18,Astronomia,Vicetone,https://open.spotify.com/track/665AK0ovB11McZRwfa852G,viral-us-weekly-2020-05-07--2020-05-07.csv,May,2020-05-07,19,Viral 50,0daugAjUgbJSqdlyYNwIbT,edm,electro house,pop dance
18,19,XS,Rina Sawayama,https://open.spotify.com/track/3OK3uq0udXEDfEo7bvpNHW,viral-us-weekly-2020-05-07--2020-05-07.csv,May,2020-05-07,19,Viral 50,2KEqzdPS7M5YwGmiuPTdr5,art pop,dance pop,electropop
19,20,(i hope you) miss me,Joseph Black,https://open.spotify.com/track/1Zv2jT7iZu98Feqpzhn0nd,viral-us-weekly-2020-05-07--2020-05-07.csv,May,2020-05-07,19,Viral 50,7sPFCTilT1dZsqcDXzOiQf,viral rap,,
20,21,Toosie Slide,Drake,https://open.spotify.com/track/466cKvZn1j45IpxDdYZqdA,viral-us-weekly-2020-05-07--2020-05-07.csv,May,2020-05-07,19,Viral 50,3TVXtAsR1Inumwj472S9r4,canadian hip hop,canadian pop,hip hop
21,22,death bed (coffee for your head),Powfu,https://open.spotify.com/track/7eJMfftS33KTjuF7lTsMCx,viral-us-weekly-2020-05-07--2020-05-07.csv,May,2020-05-07,19,Viral 50,6bmlMHgSheBauioMgKv2tn,emo rap,sad rap,
22,23,After Party,Don Toliver,https://open.spotify.com/track/527k23H0A4Q0UJN3vGs0Da,viral-us-weekly-2020-05-07--2020-05-07.csv,May,2020-05-07,19,Viral 50,4Gso3d4CscCijv0lmajZWs,rap,trap,
23,24,Finesse,Bryson Tiller,https://open.spotify.com/track/4VjGRnrVnqy5eN45aokIzT,viral-us-weekly-2020-05-07--2020-05-07.csv,May,2020-05-07,19,Viral 50,68D6xwiWHcC6cyR2aBVwNz,unspecified,,
24,25,El Envidioso,Los Dos Carnales,https://open.spotify.com/track/3cExeifTyKQSMLLwG70wIo,viral-us-weekly-2020-05-07--2020-05-07.csv,May,2020-05-07,19,Viral 50,25UNJbwGZSQKvz5cPLWlv3,corrido,norteno,nuevo regional mexicano
25,26,War,Drake,https://open.spotify.com/track/1I55Ea0zVoSKs6MqW7DQ3i,viral-us-weekly-2020-05-07--2020-05-07.csv,May,2020-05-07,19,Viral 50,3TVXtAsR1Inumwj472S9r4,canadian hip hop,canadian pop,hip hop
26,27,The Blessing (Live),Elevation Worship,https://open.spotify.com/track/5O306r2a9Nl7rm5ZlaTqka,viral-us-weekly-2020-05-07--2020-05-07.csv,May,2020-05-07,19,Viral 50,3YCKuqpv9nCsIhJ2v8SMix,ccm,christian music,world worship
27,28,Break Things,Kylie Morgan,https://open.spotify.com/track/45hbxz8xCxQfa9vmnV187v,viral-us-weekly-2020-05-07--2020-05-07.csv,May,2020-05-07,19,Viral 50,3g2yaL04Uapb5fxmwsUZgV,contemporary country,country pop,
28,29,Breaking Me,Topic,https://open.spotify.com/track/3H7ihDc1dqLriiWXwsc2po,viral-us-weekly-2020-05-07--2020-05-07.csv,May,2020-05-07,19,Viral 50,0u6GtibW46tFX7koQ6uNJZ,dance pop,edm,german dance
29,30,Graves Into Gardens (Live),Elevation Worship,https://open.spotify.com/track/4wc8FpW9XCUaoxtii3CiCf,viral-us-weekly-2020-05-07--2020-05-07.csv,May,2020-05-07,19,Viral 50,3YCKuqpv9nCsIhJ2v8SMix,ccm,christian music,world worship
30,31,Hung Up On You,Troy Cartwright,https://open.spotify.com/track/7uokjCoYFxSdgcq53GNWhJ,viral-us-weekly-2020-05-07--2020-05-07.csv,May,2020-05-07,19,Viral 50,24I45QsPZf5Gr7aVlVmTfr,country pop,,
31,32,Mariposa,Peach Tree Rascals,https://open.spotify.com/track/4ja2gzrNh9VNigzoXfmbwD,viral-us-weekly-2020-05-07--2020-05-07.csv,May,2020-05-07,19,Viral 50,0imE3buPhAowREqCrr4CYe,alternative r&b,chill r&b,indie r&b
32,33,Still Softish,Josh Richards,https://open.spotify.com/track/2twKCCzVkqTr7MKEbv3tcj,viral-us-weekly-2020-05-07--2020-05-07.csv,May,2020-05-07,19,Viral 50,4NFJfKlf2A6rkLag0MesjU,social media pop,viral rap,
33,34,Someone Else,Rezz,https://open.spotify.com/track/4hR3hQKELrARHNZJ51D14s,viral-us-weekly-2020-05-07--2020-05-07.csv,May,2020-05-07,19,Viral 50,4aKdmOXdUKX07HVd3sGgzw,canadian electronic,dark clubbing,edm
34,35,Supalonely,BENEE,https://open.spotify.com/track/4nK5YrxbMGZstTLbvj6Gxw,viral-us-weekly-2020-05-07--2020-05-07.csv,May,2020-05-07,19,Viral 50,0Cp8WN4V8Tu4QJQwCN5Md4,alt z,nz pop,pop
35,36,Tuff,Jaah SLT,https://open.spotify.com/track/206FddKOYYxN6k2gCKUsFg,viral-us-weekly-2020-05-07--2020-05-07.csv,May,2020-05-07,19,Viral 50,6oUVQSkgFOPuv5g2hRCONc,unspecified,,
36,37,I'm Yer Dad,GRLwood,https://open.spotify.com/track/0GxbglYySl18aZDIaGu1RU,viral-us-weekly-2020-05-07--2020-05-07.csv,May,2020-05-07,19,Viral 50,0yrzVTuk6PgF51NYgfgKXe,louisville indie,,
37,38,Sunday Best,Surfaces,https://open.spotify.com/track/1Cv1YLb4q0RzL6pybtaMLo,viral-us-weekly-2020-05-07--2020-05-07.csv,May,2020-05-07,19,Viral 50,4ETSs924pXMzjIeD6E9b4u,bedroom soul,pop,
38,39,Josslyn,Olivia O'Brien,https://open.spotify.com/track/0UhKDHeZw2kHOz9HiRNFBH,viral-us-weekly-2020-05-07--2020-05-07.csv,May,2020-05-07,19,Viral 50,1QRj3hoop9Mv5VvHQkwPEp,alt z,dance pop,electropop
39,40,Surrender,Natalie Taylor,https://open.spotify.com/track/0ecC8p17cDNlxHXkuYqeR6,viral-us-weekly-2020-05-07--2020-05-07.csv,May,2020-05-07,19,Viral 50,2WxjxdeF7GGdcCK276qViY,unspecified,,
40,41,Por Tu Culpa,Porte Diferente,https://open.spotify.com/track/72jvp2nP4zstRmFdhyWgGu,viral-us-weekly-2020-05-07--2020-05-07.csv,May,2020-05-07,19,Viral 50,1OZhgL2E9qx49PhVzWRcuf,corrido,corridos tumbados,nuevo regional mexicano
41,42,Six Feet Apart,Alec Benjamin,https://open.spotify.com/track/22AJMMJMaQ3qtTwlegrKcm,viral-us-weekly-2020-05-07--2020-05-07.csv,May,2020-05-07,19,Viral 50,5IH6FPUwQTxPSXurCrcIov,alt z,electropop,pop
42,43,Kuntry & Wistern,Koe Wetzel,https://open.spotify.com/track/3GcZ6JWVoyqtTZS3BS47vI,viral-us-weekly-2020-05-07--2020-05-07.csv,May,2020-05-07,19,Viral 50,1Tie3AZgLQZqYEp8Fv4zOZ,texas country,,
43,44,Favorito,Camilo,https://open.spotify.com/track/0jT8Nl0shPS8115is0wD2Q,viral-us-weekly-2020-05-07--2020-05-07.csv,May,2020-05-07,19,Viral 50,28gNT5KBp7IjEOQoevXf9N,colombian pop,reggaeton colombiano,
44,45,Outta There,Moe,https://open.spotify.com/track/6QlKONDgjp9JqcthAtDlKk,viral-us-weekly-2020-05-07--2020-05-07.csv,May,2020-05-07,19,Viral 50,4s03DfC6cLxCYirblvaKlO,unspecified,,
45,46,Boys Ain't Shit (feat. Tate McRae & Audrey Mika),SAYGRACE,https://open.spotify.com/track/7tMEUrMaMzE0YptCGfsXzt,viral-us-weekly-2020-05-07--2020-05-07.csv,May,2020-05-07,19,Viral 50,6y5amJcTjeDgLXIjtQLMst,alt z,dance pop,pop
46,47,Why Is Everything Chrome (Lean Swag Rock Wit It),King Critical,https://open.spotify.com/track/0wQL4dv6dQjuiGdmJIjRCu,viral-us-weekly-2020-05-07--2020-05-07.csv,May,2020-05-07,19,Viral 50,2Kk6KjwTS9Q530Jmul6eHc,unspecified,,
47,48,Left Hand Free,alt-J,https://open.spotify.com/track/4iEOVEULZRvmzYSZY2ViKN,viral-us-weekly-2020-05-07--2020-05-07.csv,May,2020-05-07,19,Viral 50,3XHO7cRUPCLOr6jwp8vsx5,indie rock,modern rock,
48,49,Sirius - Chicago Bulls Theme Song,The Alan Parsons Project,https://open.spotify.com/track/4OV0sRTFrZLXaZZ1sS9hLn,viral-us-weekly-2020-05-07--2020-05-07.csv,May,2020-05-07,19,Viral 50,2m62cc253Xvd9qYQ8d2X3d,album rock,art rock,classic rock
49,50,Comatose,jxdn,https://open.spotify.com/track/1FIv5SzIBWmCF5Xmt8N6BD,viral-us-weekly-2020-05-07--2020-05-07.csv,May,2020-05-07,19,Viral 50,6Y64EaNqpqcZYTgs4c76gF,social media pop,,
50,1,Sexy,JoeVille,https://open.spotify.com/track/2n0vHNx05rdQaTrs2R6Ty7,viral-us-weekly-2020-05-14--2020-05-14.csv,May,2020-05-14,20,Viral 50,6Rf6w9LrInrRvLTh0sEzVW,unspecified,,
51,2,Судно (Борис Рижий),Molchat Doma,https://open.spotify.com/track/6DONTnamNDOJdO6DzCu71p,viral-us-weekly-2020-05-14--2020-05-14.csv,May,2020-05-14,20,Viral 50,1nVq0hKIVReeaiB3xJgKf0,belarusian indie,russian post-punk,sovietwave
52,3,50//50,Vantage,https://open.spotify.com/track/36lNDeaRf8F8aYaP0zaHpm,viral-us-weekly-2020-05-14--2020-05-14.csv,May,2020-05-14,20,Viral 50,6owH8F2INpb18PhnISiVh2,future funk,,
53,4,Deep End Freestyle,Sleepy Hallow,https://open.spotify.com/track/4zTPYAf5scZdp0LnwPPeWK,viral-us-weekly-2020-05-14--2020-05-14.csv,May,2020-05-14,20,Viral 50,6EPlBSH2RSiettczlz7ihV,brooklyn drill,nyc rap,
54,5,ROCKSTAR (feat. Roddy Ricch),DaBaby,https://open.spotify.com/track/7ytR5pFWmSjzHJIeQkgog4,viral-us-weekly-2020-05-14--2020-05-14.csv,May,2020-05-14,20,Viral 50,4r63FhuTkUYltbVAg5TQnk,north carolina hip hop,rap,
55,6,ily (i love you baby) (feat. Emilee),Surf Mesa,https://open.spotify.com/track/62aP9fBQKYKxi7PDXwcUAS,viral-us-weekly-2020-05-14--2020-05-14.csv,May,2020-05-14,20,Viral 50,1lmU3giNF3CSbkVSQmLpHQ,tropical house,,
56,7,IDK You Yet,Alexander 23,https://open.spotify.com/track/47EWMOElkkbMp5m9SBkx7d,viral-us-weekly-2020-05-14--2020-05-14.csv,May,2020-05-14,20,Viral 50,6sFHvCyqklnJpXC9Nh1aag,alt z,electropop,indie cafe pop
57,8,Ruthless (Nice Guys Always Finish Last),MarMar Oso,https://open.spotify.com/track/6HeCk6yewXH7WO4D93eub9,viral-us-weekly-2020-05-14--2020-05-14.csv,May,2020-05-14,20,Viral 50,5rGbtFeEVjymN6xzE8opA6,pop r&b,,
58,9,Play Date,Melanie Martinez,https://open.spotify.com/track/4DpNNXFMMxQEKl7r0ykkWA,viral-us-weekly-2020-05-14--2020-05-14.csv,May,2020-05-14,20,Viral 50,63yrD80RY3RNEM2YDpUpO8,alt z,dance pop,electropop
59,10,Yoga,645AR,https://open.spotify.com/track/2DiybJZJGXyV1UYmngo3eq,viral-us-weekly-2020-05-14--2020-05-14.csv,May,2020-05-14,20,Viral 50,3Iv3mOsjFV8vZkXphpQ8hz,unspecified,,
60,11,Rockstar Shit,BLIND.SEE,https://open.spotify.com/track/2MvxhedNhxhj32eVQJnmII,viral-us-weekly-2020-05-14--2020-05-14.csv,May,2020-05-14,20,Viral 50,6SSQog9cu2XcgHTRHPmECq,viral rap,,
61,12,LMK,Lil Xxel,https://open.spotify.com/track/4s0hDz7zGgZUav9EvzyLsB,viral-us-weekly-2020-05-14--2020-05-14.csv,May,2020-05-14,20,Viral 50,7iDeMFJKjI1ak40N3hoYOZ,pop r&b,,
62,13,I Like Him,Princess Nokia,https://open.spotify.com/track/68UU9oaQtMDnh6PRlW842H,viral-us-weekly-2020-05-14--2020-05-14.csv,May,2020-05-14,20,Viral 50,6lay1nwbE6hTx1jivysUAL,escape room,lgbtq+ hip hop,trap queen
63,14,LEMONS - Demo,Brye,https://open.spotify.com/track/5ukAQcKEIJuzIbP55xp07x,viral-us-weekly-2020-05-14--2020-05-14.csv,May,2020-05-14,20,Viral 50,6Z5uMO0V6jlOuZ7LUDrSsC,indie pop,modern indie pop,
64,15,Rover (feat. DTG),S1mba,https://open.spotify.com/track/4slSrbTK1sNK4I1mDYEthf,viral-us-weekly-2020-05-14--2020-05-14.csv,May,2020-05-14,20,Viral 50,71jSVPQ6yskfyvWeiwvT5s,afroswing,,
65,16,Con Tus Besos,Eslabon Armado,https://open.spotify.com/track/6WYB1odDfMPVMyp1QxFInT,viral-us-weekly-2020-05-14--2020-05-14.csv,May,2020-05-14,20,Viral 50,0XeEobZplHxzM9QzFQWLiR,corridos tumbados,nuevo regional mexicano,sierreno
66,17,Roses - Imanbek Remix,SAINt JHN,https://open.spotify.com/track/24Yi9hE78yPEbZ4kxyoXAI,viral-us-weekly-2020-05-14--2020-05-14.csv,May,2020-05-14,20,Viral 50,0H39MdGGX6dbnnQPt6NQkZ,melodic rap,rap,slap house
67,18,Window,Still Woozy,https://open.spotify.com/track/3hARuUtzTdUuWH1KiLJlSf,viral-us-weekly-2020-05-14--2020-05-14.csv,May,2020-05-14,20,Viral 50,4iMO20EPodreIaEl8qW66y,bedroom pop,modern rock,oakland indie
68,19,327,Westside Gunn,https://open.spotify.com/track/5MvCurNMpM3WCCSs40cd37,viral-us-weekly-2020-05-14--2020-05-14.csv,May,2020-05-14,20,Viral 50,0ABk515kENDyATUdpCKVfW,alternative hip hop,boom bap,buffalo hip hop
69,20,Don't Rush (feat. Headie One),Young T & Bugsey,https://open.spotify.com/track/7LRmDx4pMTQuOBBwRT1MCT,viral-us-weekly-2020-05-14--2020-05-14.csv,May,2020-05-14,20,Viral 50,6M6XXCcO5gI68XpIlrUL3Z,afroswing,uk hip hop,
70,21,After Party,Don Toliver,https://open.spotify.com/track/527k23H0A4Q0UJN3vGs0Da,viral-us-weekly-2020-05-14--2020-05-14.csv,May,2020-05-14,20,Viral 50,4Gso3d4CscCijv0lmajZWs,rap,trap,
71,22,Skechers,DripReport,https://open.spotify.com/track/2alc8VZAzDgdAsL2QMk3hu,viral-us-weekly-2020-05-14--2020-05-14.csv,May,2020-05-14,20,Viral 50,3O5HD95HTEPgoPFOjAb7yV,viral rap,,
72,23,It's You (I've Been Looking for),Lewis Brice,https://open.spotify.com/track/3CetlHFPPW1SF9mQB7fKti,viral-us-weekly-2020-05-14--2020-05-14.csv,May,2020-05-14,20,Viral 50,7uUOszTczQQwzDodHiz4j0,country pop,,
73,24,More Than My Hometown,Morgan Wallen,https://open.spotify.com/track/6FniJZn4agmDtPx1pKZQsa,viral-us-weekly-2020-05-14--2020-05-14.csv,May,2020-05-14,20,Viral 50,4oUHIQIBe0LHzYfvXNW4QM,contemporary country,,
74,25,Tutti Frutti,Little Richard,https://open.spotify.com/track/2iXcvnD3d1gfLBum0cE5Eg,viral-us-weekly-2020-05-14--2020-05-14.csv,May,2020-05-14,20,Viral 50,4xls23Ye9WR9yy3yYMpAMm,adult standards,brill building pop,rock-and-roll
75,26,Toxic,Kehlani,https://open.spotify.com/track/5nexAvWNhwg51EavnDgViy,viral-us-weekly-2020-05-14--2020-05-14.csv,May,2020-05-14,20,Viral 50,0cGUm45nv7Z6M6qdXYQGTX,dance pop,pop,pop rap
76,27,death bed (coffee for your head),Powfu,https://open.spotify.com/track/7eJMfftS33KTjuF7lTsMCx,viral-us-weekly-2020-05-14--2020-05-14.csv,May,2020-05-14,20,Viral 50,6bmlMHgSheBauioMgKv2tn,emo rap,sad rap,
77,28,El Envidioso,Los Dos Carnales,https://open.spotify.com/track/3cExeifTyKQSMLLwG70wIo,viral-us-weekly-2020-05-14--2020-05-14.csv,May,2020-05-14,20,Viral 50,25UNJbwGZSQKvz5cPLWlv3,corrido,norteno,nuevo regional mexicano
78,29,Mariposa,Peach Tree Rascals,https://open.spotify.com/track/4ja2gzrNh9VNigzoXfmbwD,viral-us-weekly-2020-05-14--2020-05-14.csv,May,2020-05-14,20,Viral 50,0imE3buPhAowREqCrr4CYe,alternative r&b,chill r&b,indie r&b
79,30,Break Things,Kylie Morgan,https://open.spotify.com/track/45hbxz8xCxQfa9vmnV187v,viral-us-weekly-2020-05-14--2020-05-14.csv,May,2020-05-14,20,Viral 50,3g2yaL04Uapb5fxmwsUZgV,contemporary country,country pop,
80,31,Astronomia,Vicetone,https://open.spotify.com/track/665AK0ovB11McZRwfa852G,viral-us-weekly-2020-05-14--2020-05-14.csv,May,2020-05-14,20,Viral 50,0daugAjUgbJSqdlyYNwIbT,edm,electro house,pop dance
81,32,you broke me first,Tate McRae,https://open.spotify.com/track/45bE4HXI0AwGZXfZtMp8JR,viral-us-weekly-2020-05-14--2020-05-14.csv,May,2020-05-14,20,Viral 50,45dkTj5sMRSjrmBSBeiHym,alt z,electropop,pop
82,33,The Blessing (Live),Elevation Worship,https://open.spotify.com/track/5O306r2a9Nl7rm5ZlaTqka,viral-us-weekly-2020-05-14--2020-05-14.csv,May,2020-05-14,20,Viral 50,3YCKuqpv9nCsIhJ2v8SMix,ccm,christian music,world worship
83,34,(i hope you) miss me,Joseph Black,https://open.spotify.com/track/1Zv2jT7iZu98Feqpzhn0nd,viral-us-weekly-2020-05-14--2020-05-14.csv,May,2020-05-14,20,Viral 50,7sPFCTilT1dZsqcDXzOiQf,viral rap,,
84,35,Supalonely,BENEE,https://open.spotify.com/track/4nK5YrxbMGZstTLbvj6Gxw,viral-us-weekly-2020-05-14--2020-05-14.csv,May,2020-05-14,20,Viral 50,0Cp8WN4V8Tu4QJQwCN5Md4,alt z,nz pop,pop
85,36,Breaking Me,Topic,https://open.spotify.com/track/3H7ihDc1dqLriiWXwsc2po,viral-us-weekly-2020-05-14--2020-05-14.csv,May,2020-05-14,20,Viral 50,0u6GtibW46tFX7koQ6uNJZ,dance pop,edm,german dance
86,37,Sick and Tired,iann dior,https://open.spotify.com/track/5eU0KDvZVfFl4ehleRwGGF,viral-us-weekly-2020-05-14--2020-05-14.csv,May,2020-05-14,20,Viral 50,6ASri4ePR7RlsvIQgWPJpS,melodic rap,pop rap,
87,38,Everybody Business,Kehlani,https://open.spotify.com/track/6TrdeNEgbKuBqIToRfdWMY,viral-us-weekly-2020-05-14--2020-05-14.csv,May,2020-05-14,20,Viral 50,0cGUm45nv7Z6M6qdXYQGTX,dance pop,pop,pop rap
88,39,Finesse,Bryson Tiller,https://open.spotify.com/track/4VjGRnrVnqy5eN45aokIzT,viral-us-weekly-2020-05-14--2020-05-14.csv,May,2020-05-14,20,Viral 50,68D6xwiWHcC6cyR2aBVwNz,unspecified,,
89,40,Perreo Intenso,Ankhal,https://open.spotify.com/track/4B2kFp1ulVz1FgwVYSShoj,viral-us-weekly-2020-05-14--2020-05-14.csv,May,2020-05-14,20,Viral 50,6NmMI7UnfmIpLRYoz8H9jm,reggaeton flow,,
90,41,Sunday Best,Surfaces,https://open.spotify.com/track/1Cv1YLb4q0RzL6pybtaMLo,viral-us-weekly-2020-05-14--2020-05-14.csv,May,2020-05-14,20,Viral 50,4ETSs924pXMzjIeD6E9b4u,bedroom soul,pop,
91,42,Why We Ever,Hayley Williams,https://open.spotify.com/track/2NYPCh5sEiXsNhvNIjYIhA,viral-us-weekly-2020-05-14--2020-05-14.csv,May,2020-05-14,20,Viral 50,6Rx1JKzBrSzoKQtmbVmBnM,unspecified,,
92,43,One Of Them Girls,Lee Brice,https://open.spotify.com/track/14GwnOeC9qYEKEA6uOZepa,viral-us-weekly-2020-05-14--2020-05-14.csv,May,2020-05-14,20,Viral 50,5Zq7R5qmi58ByYyBQTlNuk,contemporary country,country,country road
93,44,Come Back To Bed,Sean Stemaly,https://open.spotify.com/track/0kSUH6KBoUrHWL93j1Lx3h,viral-us-weekly-2020-05-14--2020-05-14.csv,May,2020-05-14,20,Viral 50,2dZ1l4hWgtbMS0N5T9Oalb,contemporary country,country pop,
94,45,Outta There,Moe,https://open.spotify.com/track/6QlKONDgjp9JqcthAtDlKk,viral-us-weekly-2020-05-14--2020-05-14.csv,May,2020-05-14,20,Viral 50,4s03DfC6cLxCYirblvaKlO,unspecified,,
95,46,XS,Rina Sawayama,https://open.spotify.com/track/3OK3uq0udXEDfEo7bvpNHW,viral-us-weekly-2020-05-14--2020-05-14.csv,May,2020-05-14,20,Viral 50,2KEqzdPS7M5YwGmiuPTdr5,art pop,dance pop,electropop
96,47,Nightrider,Tom Misch,https://open.spotify.com/track/5TgZ7lOUugOdabBcD9a6ud,viral-us-weekly-2020-05-14--2020-05-14.csv,May,2020-05-14,20,Viral 50,1uiEZYehlNivdK3iQyAbye,indie soul,jazz pop,
97,48,Rip It Up,Little Richard,https://open.spotify.com/track/5tHFPtV7dT01fxDe2AhKjD,viral-us-weekly-2020-05-14--2020-05-14.csv,May,2020-05-14,20,Viral 50,4xls23Ye9WR9yy3yYMpAMm,adult standards,brill building pop,rock-and-roll
98,49,Tuff,Jaah SLT,https://open.spotify.com/track/206FddKOYYxN6k2gCKUsFg,viral-us-weekly-2020-05-14--2020-05-14.csv,May,2020-05-14,20,Viral 50,6oUVQSkgFOPuv5g2hRCONc,unspecified,,
99,50,Level of Concern,Twenty One Pilots,https://open.spotify.com/track/6xZ4Q2k2ompmDppyeESIY8,viral-us-weekly-2020-05-14--2020-05-14.csv,May,2020-05-14,20,Viral 50,3YQKmKGau1PzlVlkL1iodx,modern rock,rock,
100,1,Times We Had,Barlito,https://open.spotify.com/track/0taGy8aBzOXCLdPwbPykpz,viral-us-weekly-2020-05-21--2020-05-21.csv,May,2020-05-21,21,Viral 50,2amDdZfkKjK50RDrUlDcTc,unspecified,,
101,2,Sunrise,Kenny Elrod,https://open.spotify.com/track/1W5StOzPxW32oXTlHspq2Q,viral-us-weekly-2020-05-21--2020-05-21.csv,May,2020-05-21,21,Viral 50,0aWwEZiU7YOSgIcyxIXnmd,unspecified,,
102,3,Sexy,JoeVille,https://open.spotify.com/track/2n0vHNx05rdQaTrs2R6Ty7,viral-us-weekly-2020-05-21--2020-05-21.csv,May,2020-05-21,21,Viral 50,6Rf6w9LrInrRvLTh0sEzVW,unspecified,,
103,4,Party Girl,StaySolidRocky,https://open.spotify.com/track/5RqR4ZCCKJDcBLIn4sih9l,viral-us-weekly-2020-05-21--2020-05-21.csv,May,2020-05-21,21,Viral 50,1XLWox9w1Yvbodui0SRhUQ,melodic rap,,
104,5,Laxed – Siren Beat,Jawsh 685,https://open.spotify.com/track/3BJiF37kmX4HCfYSO7qBnQ,viral-us-weekly-2020-05-21--2020-05-21.csv,May,2020-05-21,21,Viral 50,56mfhUDKa1vec6rSLZV5Eg,nz pop,,
105,6,Судно (Борис Рижий),Molchat Doma,https://open.spotify.com/track/6DONTnamNDOJdO6DzCu71p,viral-us-weekly-2020-05-21--2020-05-21.csv,May,2020-05-21,21,Viral 50,1nVq0hKIVReeaiB3xJgKf0,belarusian indie,russian post-punk,sovietwave
106,7,50//50,Vantage,https://open.spotify.com/track/36lNDeaRf8F8aYaP0zaHpm,viral-us-weekly-2020-05-21--2020-05-21.csv,May,2020-05-21,21,Viral 50,6owH8F2INpb18PhnISiVh2,future funk,,
107,8,THE SCOTTS,THE SCOTTS,https://open.spotify.com/track/39Yp9wwQiSRIDOvrVg7mbk,viral-us-weekly-2020-05-21--2020-05-21.csv,May,2020-05-21,21,Viral 50,2PaZWGu5T5nHjY2xxAkFsT,unspecified,,
108,9,Address It,LPB Poody,https://open.spotify.com/track/1FgPyHX7HruKDL4Tx4MeZB,viral-us-weekly-2020-05-21--2020-05-21.csv,May,2020-05-21,21,Viral 50,0wHeZY93Ede0g1jXaWsiFS,florida rap,,
109,10,Figure It Out,Blu DeTiger,https://open.spotify.com/track/5G5qyRHlLmZgy915TBTCkB,viral-us-weekly-2020-05-21--2020-05-21.csv,May,2020-05-21,21,Viral 50,5NyCIBCeU080ynEj33S4hC,unspecified,,
110,11,Cars With The Boom,L'Trimm,https://open.spotify.com/track/7AOU7oaKRWHm5SG6IFVvtJ,viral-us-weekly-2020-05-21--2020-05-21.csv,May,2020-05-21,21,Viral 50,0VxAPHwWkvVRCb5zSHI4Ag,electro,miami bass,miami hip hop
111,12,Deep End Freestyle,Sleepy Hallow,https://open.spotify.com/track/4zTPYAf5scZdp0LnwPPeWK,viral-us-weekly-2020-05-21--2020-05-21.csv,May,2020-05-21,21,Viral 50,6EPlBSH2RSiettczlz7ihV,brooklyn drill,nyc rap,
112,13,ROCKSTAR (feat. Roddy Ricch),DaBaby,https://open.spotify.com/track/7ytR5pFWmSjzHJIeQkgog4,viral-us-weekly-2020-05-21--2020-05-21.csv,May,2020-05-21,21,Viral 50,4r63FhuTkUYltbVAg5TQnk,north carolina hip hop,rap,
113,14,It's You (I've Been Looking for),Lewis Brice,https://open.spotify.com/track/3CetlHFPPW1SF9mQB7fKti,viral-us-weekly-2020-05-21--2020-05-21.csv,May,2020-05-21,21,Viral 50,7uUOszTczQQwzDodHiz4j0,country pop,,
114,15,LEMONS - Demo,Brye,https://open.spotify.com/track/5ukAQcKEIJuzIbP55xp07x,viral-us-weekly-2020-05-21--2020-05-21.csv,May,2020-05-21,21,Viral 50,6Z5uMO0V6jlOuZ7LUDrSsC,indie pop,modern indie pop,
115,16,ily (i love you baby) (feat. Emilee),Surf Mesa,https://open.spotify.com/track/62aP9fBQKYKxi7PDXwcUAS,viral-us-weekly-2020-05-21--2020-05-21.csv,May,2020-05-21,21,Viral 50,1lmU3giNF3CSbkVSQmLpHQ,tropical house,,
116,17,Play Date,Melanie Martinez,https://open.spotify.com/track/4DpNNXFMMxQEKl7r0ykkWA,viral-us-weekly-2020-05-21--2020-05-21.csv,May,2020-05-21,21,Viral 50,63yrD80RY3RNEM2YDpUpO8,alt z,dance pop,electropop
117,18,Ruthless (Nice Guys Always Finish Last),MarMar Oso,https://open.spotify.com/track/6HeCk6yewXH7WO4D93eub9,viral-us-weekly-2020-05-21--2020-05-21.csv,May,2020-05-21,21,Viral 50,5rGbtFeEVjymN6xzE8opA6,pop r&b,,
118,19,Con Tus Besos,Eslabon Armado,https://open.spotify.com/track/6WYB1odDfMPVMyp1QxFInT,viral-us-weekly-2020-05-21--2020-05-21.csv,May,2020-05-21,21,Viral 50,0XeEobZplHxzM9QzFQWLiR,corridos tumbados,nuevo regional mexicano,sierreno
119,20,IDK You Yet,Alexander 23,https://open.spotify.com/track/47EWMOElkkbMp5m9SBkx7d,viral-us-weekly-2020-05-21--2020-05-21.csv,May,2020-05-21,21,Viral 50,6sFHvCyqklnJpXC9Nh1aag,alt z,electropop,indie cafe pop
120,21,Roses - Imanbek Remix,SAINt JHN,https://open.spotify.com/track/24Yi9hE78yPEbZ4kxyoXAI,viral-us-weekly-2020-05-21--2020-05-21.csv,May,2020-05-21,21,Viral 50,0H39MdGGX6dbnnQPt6NQkZ,melodic rap,rap,slap house
121,22,Rockstar Shit,BLIND.SEE,https://open.spotify.com/track/2MvxhedNhxhj32eVQJnmII,viral-us-weekly-2020-05-21--2020-05-21.csv,May,2020-05-21,21,Viral 50,6SSQog9cu2XcgHTRHPmECq,viral rap,,
122,23,I Like Him,Princess Nokia,https://open.spotify.com/track/68UU9oaQtMDnh6PRlW842H,viral-us-weekly-2020-05-21--2020-05-21.csv,May,2020-05-21,21,Viral 50,6lay1nwbE6hTx1jivysUAL,escape room,lgbtq+ hip hop,trap queen
123,24,Waiting For (feat. Jamila Woods),rum.gold,https://open.spotify.com/track/02nZeTbm2dRHisH6qsUM5E,viral-us-weekly-2020-05-21--2020-05-21.csv,May,2020-05-21,21,Viral 50,4mErKO4g29SXtBwj4S80aB,alternative r&b,chill r&b,indie r&b
124,25,Break Things,Kylie Morgan,https://open.spotify.com/track/45hbxz8xCxQfa9vmnV187v,viral-us-weekly-2020-05-21--2020-05-21.csv,May,2020-05-21,21,Viral 50,3g2yaL04Uapb5fxmwsUZgV,contemporary country,country pop,
125,26,Yoga,645AR,https://open.spotify.com/track/2DiybJZJGXyV1UYmngo3eq,viral-us-weekly-2020-05-21--2020-05-21.csv,May,2020-05-21,21,Viral 50,3Iv3mOsjFV8vZkXphpQ8hz,unspecified,,
126,27,After Party,Don Toliver,https://open.spotify.com/track/527k23H0A4Q0UJN3vGs0Da,viral-us-weekly-2020-05-21--2020-05-21.csv,May,2020-05-21,21,Viral 50,4Gso3d4CscCijv0lmajZWs,rap,trap,
127,28,Time (You and I),Khruangbin,https://open.spotify.com/track/2QoiyjegLQ3DWKBfFX9ihX,viral-us-weekly-2020-05-21--2020-05-21.csv,May,2020-05-21,21,Viral 50,2mVVjNmdjXZZDvhgQWiakk,neo-psychedelic,,
128,29,On the Floor,Perfume Genius,https://open.spotify.com/track/4rpyJ4FCTawHW4ItDlpoka,viral-us-weekly-2020-05-21--2020-05-21.csv,May,2020-05-21,21,Viral 50,2ueoLVCXQ948OfhVvAy3Nn,art pop,chamber pop,chillwave
129,30,One Of Them Girls,Lee Brice,https://open.spotify.com/track/14GwnOeC9qYEKEA6uOZepa,viral-us-weekly-2020-05-21--2020-05-21.csv,May,2020-05-21,21,Viral 50,5Zq7R5qmi58ByYyBQTlNuk,contemporary country,country,country road
130,31,LMK,Lil Xxel,https://open.spotify.com/track/4s0hDz7zGgZUav9EvzyLsB,viral-us-weekly-2020-05-21--2020-05-21.csv,May,2020-05-21,21,Viral 50,7iDeMFJKjI1ak40N3hoYOZ,pop r&b,,
131,32,Don't Rush (feat. Headie One),Young T & Bugsey,https://open.spotify.com/track/7LRmDx4pMTQuOBBwRT1MCT,viral-us-weekly-2020-05-21--2020-05-21.csv,May,2020-05-21,21,Viral 50,6M6XXCcO5gI68XpIlrUL3Z,afroswing,uk hip hop,
132,33,claws,Charli XCX,https://open.spotify.com/track/7Dexi5Z2IowCkHrnzlWysc,viral-us-weekly-2020-05-21--2020-05-21.csv,May,2020-05-21,21,Viral 50,25uiPmTg16RbhZWAqwLBy5,art pop,candy pop,dance pop
133,34,Mariposa,Peach Tree Rascals,https://open.spotify.com/track/4ja2gzrNh9VNigzoXfmbwD,viral-us-weekly-2020-05-21--2020-05-21.csv,May,2020-05-21,21,Viral 50,0imE3buPhAowREqCrr4CYe,alternative r&b,chill r&b,indie r&b
134,35,death bed (coffee for your head),Powfu,https://open.spotify.com/track/7eJMfftS33KTjuF7lTsMCx,viral-us-weekly-2020-05-21--2020-05-21.csv,May,2020-05-21,21,Viral 50,6bmlMHgSheBauioMgKv2tn,emo rap,sad rap,
135,36,327,Westside Gunn,https://open.spotify.com/track/5MvCurNMpM3WCCSs40cd37,viral-us-weekly-2020-05-21--2020-05-21.csv,May,2020-05-21,21,Viral 50,0ABk515kENDyATUdpCKVfW,alternative hip hop,boom bap,buffalo hip hop
136,37,Skechers,DripReport,https://open.spotify.com/track/2alc8VZAzDgdAsL2QMk3hu,viral-us-weekly-2020-05-21--2020-05-21.csv,May,2020-05-21,21,Viral 50,3O5HD95HTEPgoPFOjAb7yV,viral rap,,
137,38,"...And To Those I Love, Thanks For Sticking Around",$uicideboy$,https://open.spotify.com/track/41LhQUkElADQ5YUbpYv2D0,viral-us-weekly-2020-05-21--2020-05-21.csv,May,2020-05-21,21,Viral 50,1VPmR4DJC1PlOtd0IADAO0,dark trap,new orleans rap,underground hip hop
138,39,i'm lonely,Luz,https://open.spotify.com/track/65tCdopbRv73fYFOL40ViN,viral-us-weekly-2020-05-21--2020-05-21.csv,May,2020-05-21,21,Viral 50,3cdI6SvJ24KsOcvYyBwH9c,alt z,indie anthem-folk,indie cafe pop
139,40,More Than My Hometown,Morgan Wallen,https://open.spotify.com/track/6FniJZn4agmDtPx1pKZQsa,viral-us-weekly-2020-05-21--2020-05-21.csv,May,2020-05-21,21,Viral 50,4oUHIQIBe0LHzYfvXNW4QM,contemporary country,,
140,41,Come Back To Bed,Sean Stemaly,https://open.spotify.com/track/0kSUH6KBoUrHWL93j1Lx3h,viral-us-weekly-2020-05-21--2020-05-21.csv,May,2020-05-21,21,Viral 50,2dZ1l4hWgtbMS0N5T9Oalb,contemporary country,country pop,
141,42,Righteous,Juice WRLD,https://open.spotify.com/track/0OyQns5ayNK2OVaES0Vb8t,viral-us-weekly-2020-05-21--2020-05-21.csv,May,2020-05-21,21,Viral 50,4MCBfE4596Uoi2O4DtmEMz,chicago rap,melodic rap,
142,43,Comatose,jxdn,https://open.spotify.com/track/5dVKYrPpo8d5AgUGRKMBLp,viral-us-weekly-2020-05-21--2020-05-21.csv,May,2020-05-21,21,Viral 50,6Y64EaNqpqcZYTgs4c76gF,social media pop,,
143,44,Breaking Me,Topic,https://open.spotify.com/track/3H7ihDc1dqLriiWXwsc2po,viral-us-weekly-2020-05-21--2020-05-21.csv,May,2020-05-21,21,Viral 50,0u6GtibW46tFX7koQ6uNJZ,dance pop,edm,german dance
144,45,Window,Still Woozy,https://open.spotify.com/track/3hARuUtzTdUuWH1KiLJlSf,viral-us-weekly-2020-05-21--2020-05-21.csv,May,2020-05-21,21,Viral 50,4iMO20EPodreIaEl8qW66y,bedroom pop,modern rock,oakland indie
145,46,Supalonely,BENEE,https://open.spotify.com/track/4nK5YrxbMGZstTLbvj6Gxw,viral-us-weekly-2020-05-21--2020-05-21.csv,May,2020-05-21,21,Viral 50,0Cp8WN4V8Tu4QJQwCN5Md4,alt z,nz pop,pop
146,47,The Blessing (Live),Elevation Worship,https://open.spotify.com/track/5O306r2a9Nl7rm5ZlaTqka,viral-us-weekly-2020-05-21--2020-05-21.csv,May,2020-05-21,21,Viral 50,3YCKuqpv9nCsIhJ2v8SMix,ccm,christian music,world worship
147,48,Sunday Best,Surfaces,https://open.spotify.com/track/1Cv1YLb4q0RzL6pybtaMLo,viral-us-weekly-2020-05-21--2020-05-21.csv,May,2020-05-21,21,Viral 50,4ETSs924pXMzjIeD6E9b4u,bedroom soul,pop,
148,49,Only Children,Jason Isbell and the 400 Unit,https://open.spotify.com/track/3MPyL5s18WNleQniXQBIyj,viral-us-weekly-2020-05-21--2020-05-21.csv,May,2020-05-21,21,Viral 50,3Lg3FGwBxOGuefqekQzRUf,alternative country,deep new americana,folk
149,50,"Cheesin’ (with Cautious Clay, Remi Wolf, Still Woozy, Sophie Meiers, Claud, Melanie Faye, & HXNS)",Cautious Clay,https://open.spotify.com/track/6lIRYe72fn1pf7TNqfI0ul,viral-us-weekly-2020-05-21--2020-05-21.csv,May,2020-05-21,21,Viral 50,6iWuBN32BqCJAeXW6o3nil,alternative r&b,chill r&b,indie r&b
150,1,Times We Had,Barlito,https://open.spotify.com/track/0taGy8aBzOXCLdPwbPykpz,viral-us-weekly-2020-05-28--2020-05-28.csv,May,2020-05-28,22,Viral 50,2amDdZfkKjK50RDrUlDcTc,unspecified,,
151,2,Think About Things,Daði Freyr,https://open.spotify.com/track/2iRniYXjMHKmwXqA2jYXP7,viral-us-weekly-2020-05-28--2020-05-28.csv,May,2020-05-28,22,Viral 50,3Hb64DQZIhDCgyHKrzBXOL,icelandic pop,,
152,3,Fishy on Me,Dr. Sus,https://open.spotify.com/track/1k6GEdfONk9Fs6JgrC8aBN,viral-us-weekly-2020-05-28--2020-05-28.csv,May,2020-05-28,22,Viral 50,7yeFtlSbnbjTI4yIX9PgOI,unspecified,,
153,4,Party Girl,StaySolidRocky,https://open.spotify.com/track/5RqR4ZCCKJDcBLIn4sih9l,viral-us-weekly-2020-05-28--2020-05-28.csv,May,2020-05-28,22,Viral 50,1XLWox9w1Yvbodui0SRhUQ,melodic rap,,
154,5,Sexy,JoeVille,https://open.spotify.com/track/2n0vHNx05rdQaTrs2R6Ty7,viral-us-weekly-2020-05-28--2020-05-28.csv,May,2020-05-28,22,Viral 50,6Rf6w9LrInrRvLTh0sEzVW,unspecified,,
155,6,#WIPEITDOWN,BMW KENNY,https://open.spotify.com/track/2kefHjNepGePZG4WxH2Vh4,viral-us-weekly-2020-05-28--2020-05-28.csv,May,2020-05-28,22,Viral 50,3n6wgt7LmxAnT0XOHleQcP,unspecified,,
156,7,Laxed – Siren Beat,Jawsh 685,https://open.spotify.com/track/3BJiF37kmX4HCfYSO7qBnQ,viral-us-weekly-2020-05-28--2020-05-28.csv,May,2020-05-28,22,Viral 50,56mfhUDKa1vec6rSLZV5Eg,nz pop,,
157,8,Судно (Борис Рижий),Molchat Doma,https://open.spotify.com/track/6DONTnamNDOJdO6DzCu71p,viral-us-weekly-2020-05-28--2020-05-28.csv,May,2020-05-28,22,Viral 50,1nVq0hKIVReeaiB3xJgKf0,belarusian indie,russian post-punk,sovietwave
158,9,50//50,Vantage,https://open.spotify.com/track/36lNDeaRf8F8aYaP0zaHpm,viral-us-weekly-2020-05-28--2020-05-28.csv,May,2020-05-28,22,Viral 50,6owH8F2INpb18PhnISiVh2,future funk,,
159,10,Figure It Out,Blu DeTiger,https://open.spotify.com/track/5G5qyRHlLmZgy915TBTCkB,viral-us-weekly-2020-05-28--2020-05-28.csv,May,2020-05-28,22,Viral 50,5NyCIBCeU080ynEj33S4hC,unspecified,,
160,11,Deep End Freestyle,Sleepy Hallow,https://open.spotify.com/track/4zTPYAf5scZdp0LnwPPeWK,viral-us-weekly-2020-05-28--2020-05-28.csv,May,2020-05-28,22,Viral 50,6EPlBSH2RSiettczlz7ihV,brooklyn drill,nyc rap,
161,12,Address It,LPB Poody,https://open.spotify.com/track/1FgPyHX7HruKDL4Tx4MeZB,viral-us-weekly-2020-05-28--2020-05-28.csv,May,2020-05-28,22,Viral 50,0wHeZY93Ede0g1jXaWsiFS,florida rap,,
162,13,Qué Maldición,Banda MS de Sergio Lizárraga,https://open.spotify.com/track/2RxC2peY3FtrurYmbbmanr,viral-us-weekly-2020-05-28--2020-05-28.csv,May,2020-05-28,22,Viral 50,2C6i0I5RiGzDKN9IAF8reh,banda,corrido,norteno
163,14,ily (i love you baby) (feat. Emilee),Surf Mesa,https://open.spotify.com/track/62aP9fBQKYKxi7PDXwcUAS,viral-us-weekly-2020-05-28--2020-05-28.csv,May,2020-05-28,22,Viral 50,1lmU3giNF3CSbkVSQmLpHQ,tropical house,,
164,15,bloody valentine,Machine Gun Kelly,https://open.spotify.com/track/1bWEngw5tAF7vWByrf5Oy5,viral-us-weekly-2020-05-28--2020-05-28.csv,May,2020-05-28,22,Viral 50,6TIYQ3jFPwQSRmorSezPxX,ohio hip hop,pop rap,
165,16,ROCKSTAR (feat. Roddy Ricch),DaBaby,https://open.spotify.com/track/7ytR5pFWmSjzHJIeQkgog4,viral-us-weekly-2020-05-28--2020-05-28.csv,May,2020-05-28,22,Viral 50,4r63FhuTkUYltbVAg5TQnk,north carolina hip hop,rap,
166,17,Savage Remix (feat. Beyoncé),Megan Thee Stallion,https://open.spotify.com/track/5v4GgrXPMghOnBBLmveLac,viral-us-weekly-2020-05-28--2020-05-28.csv,May,2020-05-28,22,Viral 50,181bsRPaVXVlUKXrxwZfHK,houston rap,pop,pop rap
167,18,IDK You Yet,Alexander 23,https://open.spotify.com/track/47EWMOElkkbMp5m9SBkx7d,viral-us-weekly-2020-05-28--2020-05-28.csv,May,2020-05-28,22,Viral 50,6sFHvCyqklnJpXC9Nh1aag,alt z,electropop,indie cafe pop
168,19,LEMONS - Demo,Brye,https://open.spotify.com/track/5ukAQcKEIJuzIbP55xp07x,viral-us-weekly-2020-05-28--2020-05-28.csv,May,2020-05-28,22,Viral 50,6Z5uMO0V6jlOuZ7LUDrSsC,indie pop,modern indie pop,
169,20,THE SCOTTS,THE SCOTTS,https://open.spotify.com/track/39Yp9wwQiSRIDOvrVg7mbk,viral-us-weekly-2020-05-28--2020-05-28.csv,May,2020-05-28,22,Viral 50,2PaZWGu5T5nHjY2xxAkFsT,unspecified,,
170,21,Ruthless (Nice Guys Always Finish Last),MarMar Oso,https://open.spotify.com/track/6HeCk6yewXH7WO4D93eub9,viral-us-weekly-2020-05-28--2020-05-28.csv,May,2020-05-28,22,Viral 50,5rGbtFeEVjymN6xzE8opA6,pop r&b,,
171,22,If You’re Too Shy (Let Me Know),The 1975,https://open.spotify.com/track/1C5utO1I8FoSIn6g1R5DAZ,viral-us-weekly-2020-05-28--2020-05-28.csv,May,2020-05-28,22,Viral 50,3mIj9lX2MWuHmhNCA7LSCW,modern alternative rock,modern rock,nu gaze
172,23,Six Feet Apart,Luke Combs,https://open.spotify.com/track/5v6gozUHFv9OoNdFYz6p8V,viral-us-weekly-2020-05-28--2020-05-28.csv,May,2020-05-28,22,Viral 50,718COspgdWOnwOFpJHRZHS,contemporary country,,
173,24,I Like Him,Princess Nokia,https://open.spotify.com/track/68UU9oaQtMDnh6PRlW842H,viral-us-weekly-2020-05-28--2020-05-28.csv,May,2020-05-28,22,Viral 50,6lay1nwbE6hTx1jivysUAL,escape room,lgbtq+ hip hop,trap queen
174,25,Roses - Imanbek Remix,SAINt JHN,https://open.spotify.com/track/24Yi9hE78yPEbZ4kxyoXAI,viral-us-weekly-2020-05-28--2020-05-28.csv,May,2020-05-28,22,Viral 50,0H39MdGGX6dbnnQPt6NQkZ,melodic rap,rap,slap house
175,26,Con Tus Besos,Eslabon Armado,https://open.spotify.com/track/6WYB1odDfMPVMyp1QxFInT,viral-us-weekly-2020-05-28--2020-05-28.csv,May,2020-05-28,22,Viral 50,0XeEobZplHxzM9QzFQWLiR,corridos tumbados,nuevo regional mexicano,sierreno
176,27,The 1975,The 1975,https://open.spotify.com/track/0YtmwGMUPaBIEuJs0FNiDm,viral-us-weekly-2020-05-28--2020-05-28.csv,May,2020-05-28,22,Viral 50,3mIj9lX2MWuHmhNCA7LSCW,modern alternative rock,modern rock,nu gaze
177,28,Waiting For (feat. Jamila Woods),rum.gold,https://open.spotify.com/track/02nZeTbm2dRHisH6qsUM5E,viral-us-weekly-2020-05-28--2020-05-28.csv,May,2020-05-28,22,Viral 50,4mErKO4g29SXtBwj4S80aB,alternative r&b,chill r&b,indie r&b
178,29,Play Date,Melanie Martinez,https://open.spotify.com/track/4DpNNXFMMxQEKl7r0ykkWA,viral-us-weekly-2020-05-28--2020-05-28.csv,May,2020-05-28,22,Viral 50,63yrD80RY3RNEM2YDpUpO8,alt z,dance pop,electropop
179,30,It's You (I've Been Looking for),Lewis Brice,https://open.spotify.com/track/3CetlHFPPW1SF9mQB7fKti,viral-us-weekly-2020-05-28--2020-05-28.csv,May,2020-05-28,22,Viral 50,7uUOszTczQQwzDodHiz4j0,country pop,,
180,31,"...And To Those I Love, Thanks For Sticking Around",$uicideboy$,https://open.spotify.com/track/41LhQUkElADQ5YUbpYv2D0,viral-us-weekly-2020-05-28--2020-05-28.csv,May,2020-05-28,22,Viral 50,1VPmR4DJC1PlOtd0IADAO0,dark trap,new orleans rap,underground hip hop
181,32,Mariposa,Peach Tree Rascals,https://open.spotify.com/track/4ja2gzrNh9VNigzoXfmbwD,viral-us-weekly-2020-05-28--2020-05-28.csv,May,2020-05-28,22,Viral 50,0imE3buPhAowREqCrr4CYe,alternative r&b,chill r&b,indie r&b
182,33,Chicago Freestyle (feat. Giveon),Drake,https://open.spotify.com/track/4wVOKKEHUJxHCFFNUWDn0B,viral-us-weekly-2020-05-28--2020-05-28.csv,May,2020-05-28,22,Viral 50,3TVXtAsR1Inumwj472S9r4,canadian hip hop,canadian pop,hip hop
183,34,Be Kind (with Halsey),Marshmello,https://open.spotify.com/track/3Z8FwOEN59mRMxDCtb8N0A,viral-us-weekly-2020-05-28--2020-05-28.csv,May,2020-05-28,22,Viral 50,64KEffDW9EtZ1y2vBYgq8T,brostep,edm,pop
184,35,Lady,Brett Young,https://open.spotify.com/track/3ySLzrN7950dpf1ncttONO,viral-us-weekly-2020-05-28--2020-05-28.csv,May,2020-05-28,22,Viral 50,0fiWOxhsBsQQvFDtxUQWo0,contemporary country,,
185,36,After Party,Don Toliver,https://open.spotify.com/track/527k23H0A4Q0UJN3vGs0Da,viral-us-weekly-2020-05-28--2020-05-28.csv,May,2020-05-28,22,Viral 50,4Gso3d4CscCijv0lmajZWs,rap,trap,
186,37,More Than My Hometown,Morgan Wallen,https://open.spotify.com/track/6FniJZn4agmDtPx1pKZQsa,viral-us-weekly-2020-05-28--2020-05-28.csv,May,2020-05-28,22,Viral 50,4oUHIQIBe0LHzYfvXNW4QM,contemporary country,,
187,38,Say So (feat. Nicki Minaj),Doja Cat,https://open.spotify.com/track/11VApNQCWLJdzxWrlmwzUa,viral-us-weekly-2020-05-28--2020-05-28.csv,May,2020-05-28,22,Viral 50,5cj0lLjcoR7YOSnhnX0Po5,dance pop,pop,pop rap
188,39,death bed (coffee for your head),Powfu,https://open.spotify.com/track/7eJMfftS33KTjuF7lTsMCx,viral-us-weekly-2020-05-28--2020-05-28.csv,May,2020-05-28,22,Viral 50,6bmlMHgSheBauioMgKv2tn,emo rap,sad rap,
189,40,LMK,Lil Xxel,https://open.spotify.com/track/4s0hDz7zGgZUav9EvzyLsB,viral-us-weekly-2020-05-28--2020-05-28.csv,May,2020-05-28,22,Viral 50,7iDeMFJKjI1ak40N3hoYOZ,pop r&b,,
190,41,One Of Them Girls,Lee Brice,https://open.spotify.com/track/14GwnOeC9qYEKEA6uOZepa,viral-us-weekly-2020-05-28--2020-05-28.csv,May,2020-05-28,22,Viral 50,5Zq7R5qmi58ByYyBQTlNuk,contemporary country,country,country road
191,42,Time (You and I),Khruangbin,https://open.spotify.com/track/2QoiyjegLQ3DWKBfFX9ihX,viral-us-weekly-2020-05-28--2020-05-28.csv,May,2020-05-28,22,Viral 50,2mVVjNmdjXZZDvhgQWiakk,neo-psychedelic,,
192,43,Rockstar Shit,BLIND.SEE,https://open.spotify.com/track/2MvxhedNhxhj32eVQJnmII,viral-us-weekly-2020-05-28--2020-05-28.csv,May,2020-05-28,22,Viral 50,6SSQog9cu2XcgHTRHPmECq,viral rap,,
193,44,Don't Rush (feat. Headie One),Young T & Bugsey,https://open.spotify.com/track/7LRmDx4pMTQuOBBwRT1MCT,viral-us-weekly-2020-05-28--2020-05-28.csv,May,2020-05-28,22,Viral 50,6M6XXCcO5gI68XpIlrUL3Z,afroswing,uk hip hop,
194,45,HEART ATTACK (feat. lau.ra),BRONSON,https://open.spotify.com/track/4esIFtCJ2RUFbJpDGluVG4,viral-us-weekly-2020-05-28--2020-05-28.csv,May,2020-05-28,22,Viral 50,60yfafz0P3gqaUaOUIddae,edm,vapor twitch,
195,46,Break Things,Kylie Morgan,https://open.spotify.com/track/45hbxz8xCxQfa9vmnV187v,viral-us-weekly-2020-05-28--2020-05-28.csv,May,2020-05-28,22,Viral 50,3g2yaL04Uapb5fxmwsUZgV,contemporary country,country pop,
196,47,Skechers,DripReport,https://open.spotify.com/track/2alc8VZAzDgdAsL2QMk3hu,viral-us-weekly-2020-05-28--2020-05-28.csv,May,2020-05-28,22,Viral 50,3O5HD95HTEPgoPFOjAb7yV,viral rap,,
197,48,Disingenuous,Flight,https://open.spotify.com/track/77N3t8CNrUQV2f2SLQzs9Q,viral-us-weekly-2020-05-28--2020-05-28.csv,May,2020-05-28,22,Viral 50,5e4gmiVV4XkRfnXhqRBEOk,texas latin rap,,
198,49,Sunday Best,Surfaces,https://open.spotify.com/track/1Cv1YLb4q0RzL6pybtaMLo,viral-us-weekly-2020-05-28--2020-05-28.csv,May,2020-05-28,22,Viral 50,4ETSs924pXMzjIeD6E9b4u,bedroom soul,pop,
199,50,Breaking Me,Topic,https://open.spotify.com/track/3H7ihDc1dqLriiWXwsc2po,viral-us-weekly-2020-05-28--2020-05-28.csv,May,2020-05-28,22,Viral 50,0u6GtibW46tFX7koQ6uNJZ,dance pop,edm,german dance
200,1,I See Red,Everybody Loves an Outlaw,https://open.spotify.com/track/2Xau3uNsnIb9FwzsvHR84z,viral-us-weekly-2020-07-02--2020-07-02.csv,July,2020-07-02,27,Viral 50,5RCWMaArEntbkeWYVxCiFW,modern blues rock,,
201,2,Then Leave (feat. Queendom Come),BeatKing,https://open.spotify.com/track/2Xoc4gqPbBa3QHKpBLJ5l8,viral-us-weekly-2020-07-02--2020-07-02.csv,July,2020-07-02,27,Viral 50,5L8p9kDnX2cgoI8VLUL2p4,houston rap,,
202,3,Stunnin' (feat. Harm Franklin),Curtis Waters,https://open.spotify.com/track/2D0dj3hVkRQJCp63cxCPEx,viral-us-weekly-2020-07-02--2020-07-02.csv,July,2020-07-02,27,Viral 50,2JbE7jUIGtpXSzytnyMg6U,,,
203,4,Hood Baby,KBFR,https://open.spotify.com/track/5au5NgWCdev4WeLRB3YEOR,viral-us-weekly-2020-07-02--2020-07-02.csv,July,2020-07-02,27,Viral 50,0JFjWic1b9Mvv7WcNYhDvZ,viral rap,,
204,5,Hard For Me,Michele Morrone,https://open.spotify.com/track/00PesUdTmC3Y5xtZbZND0p,viral-us-weekly-2020-07-02--2020-07-02.csv,July,2020-07-02,27,Viral 50,03fLoIOO015incUitpfkad,,,
205,6,Hatchback,Cochise,https://open.spotify.com/track/12hVQgYR254ZziANtiKVWQ,viral-us-weekly-2020-07-02--2020-07-02.csv,July,2020-07-02,27,Viral 50,46HzS7yz0c9udVwtbHk1sx,meme rap,vapor trap,
206,7,Banana (feat. Shaggy) - DJ FLe - Minisiren Remix,Conkarah,https://open.spotify.com/track/0dZpw3h6KZhcHec61qwevZ,viral-us-weekly-2020-07-02--2020-07-02.csv,July,2020-07-02,27,Viral 50,7vPGzgDg3qGUY5bWtrO3K4,jawaiian,,
207,8,Como Llora,Juanfran,https://open.spotify.com/track/52zq2a71SGs3f1vJuv59ui,viral-us-weekly-2020-07-02--2020-07-02.csv,July,2020-07-02,27,Viral 50,7zY0DMisq1oYXvNNgGwHBY,dominican pop,pop reggaeton,urbano espanol
208,9,Do It,Chloe x Halle,https://open.spotify.com/track/35Dh5MnCUPLN3XyAVtQff3,viral-us-weekly-2020-07-02--2020-07-02.csv,July,2020-07-02,27,Viral 50,0AsThoR4KZSVktALiNcQwW,alternative r&b,dance pop,pop
209,10,SAD - Imanbek xxx Remix,Rasster,https://open.spotify.com/track/4x5ymi4akay9Fq5Xm1PW3E,viral-us-weekly-2020-07-02--2020-07-02.csv,July,2020-07-02,27,Viral 50,3LVYHgfHgCTy3QSRt5kKQg,,,
210,11,Both Of Us - Edit,Jayda G,https://open.spotify.com/track/75rGONmoi48LLYBFaGiYsv,viral-us-weekly-2020-07-02--2020-07-02.csv,July,2020-07-02,27,Viral 50,3NKVm2Jedcf6ibJr6pMUVx,canadian electronic,float house,
211,12,Control,Zoe Wees,https://open.spotify.com/track/50Td3qilgs8BLtv8mHyT1t,viral-us-weekly-2020-07-02--2020-07-02.csv,July,2020-07-02,27,Viral 50,03d2mJXSMtuPI0nIvLnhoS,german pop,,
212,13,Prospect (ft. Lil Baby),iann dior,https://open.spotify.com/track/4iHSE5R1U8jf84tRn52xRt,viral-us-weekly-2020-07-02--2020-07-02.csv,July,2020-07-02,27,Viral 50,6ASri4ePR7RlsvIQgWPJpS,melodic rap,pop rap,
213,14,Rover (feat. DTG),S1mba,https://open.spotify.com/track/4slSrbTK1sNK4I1mDYEthf,viral-us-weekly-2020-07-02--2020-07-02.csv,July,2020-07-02,27,Viral 50,71jSVPQ6yskfyvWeiwvT5s,afroswing,,
214,15,Think About Things,Daði Freyr,https://open.spotify.com/track/2iRniYXjMHKmwXqA2jYXP7,viral-us-weekly-2020-07-02--2020-07-02.csv,July,2020-07-02,27,Viral 50,3Hb64DQZIhDCgyHKrzBXOL,icelandic pop,,
215,16,i don’t really like your boyfriend,Avenue Beat,https://open.spotify.com/track/6eqBr4nAQCVIbUbE8IBDP1,viral-us-weekly-2020-07-02--2020-07-02.csv,July,2020-07-02,27,Viral 50,1htYtUdXVMwR6HCSs821Lc,alt z,,
216,17,Renee,SALES,https://open.spotify.com/track/5MeUMSRreLHYLhw8ZTyqpk,viral-us-weekly-2020-07-02--2020-07-02.csv,July,2020-07-02,27,Viral 50,6vVztIuqdDHvYWxOEXCzjN,indie pop,orlando indie,
217,18,Body,Jordan Suaste,https://open.spotify.com/track/6wQgV6ZYt1snXyQV69mGT4,viral-us-weekly-2020-07-02--2020-07-02.csv,July,2020-07-02,27,Viral 50,20soF34gXIwDGHOk90gla0,modern indie pop,,
218,19,Party Girl,StaySolidRocky,https://open.spotify.com/track/5RqR4ZCCKJDcBLIn4sih9l,viral-us-weekly-2020-07-02--2020-07-02.csv,July,2020-07-02,27,Viral 50,1XLWox9w1Yvbodui0SRhUQ,melodic rap,,
219,20,We Paid (feat. 42 Dugg),Lil Baby,https://open.spotify.com/track/6gxKUmycQX7uyMwJcweFjp,viral-us-weekly-2020-07-02--2020-07-02.csv,July,2020-07-02,27,Viral 50,5f7VJjfbwm532GiveGC0ZK,atl hip hop,atl trap,rap
220,21,Time (You and I),Khruangbin,https://open.spotify.com/track/4fMIe4htuvA8RoygYDFqO5,viral-us-weekly-2020-07-02--2020-07-02.csv,July,2020-07-02,27,Viral 50,2mVVjNmdjXZZDvhgQWiakk,neo-psychedelic,,
221,22,Mariposa,Peach Tree Rascals,https://open.spotify.com/track/4ja2gzrNh9VNigzoXfmbwD,viral-us-weekly-2020-07-02--2020-07-02.csv,July,2020-07-02,27,Viral 50,0imE3buPhAowREqCrr4CYe,alternative r&b,chill r&b,indie r&b
222,23,Kolors,Monte Booker,https://open.spotify.com/track/4IOYk6epkzXT38U4ShauZ6,viral-us-weekly-2020-07-02--2020-07-02.csv,July,2020-07-02,27,Viral 50,4p75GTNEXwsAAkpweMVtKo,viral rap,,
223,24,Some Say - Felix Jaehn Remix,Nea,https://open.spotify.com/track/7C1trmcQQ5n5RNy4l6ziCv,viral-us-weekly-2020-07-02--2020-07-02.csv,July,2020-07-02,27,Viral 50,7nqlScm2smydSRl13eaP8E,scandipop,,
224,25,HAHA,Lil Darkie,https://open.spotify.com/track/18Gcl5bxdd8bpBhWOj1rCR,viral-us-weekly-2020-07-02--2020-07-02.csv,July,2020-07-02,27,Viral 50,62F9BiUmjqeXbBztCwiX1U,meme rap,viral rap,
225,26,Roses Remix (feat. Future),SAINt JHN,https://open.spotify.com/track/1KyZ4rUiW2lkqGNLQYKpcC,viral-us-weekly-2020-07-02--2020-07-02.csv,July,2020-07-02,27,Viral 50,0H39MdGGX6dbnnQPt6NQkZ,melodic rap,rap,slap house
226,27,Fishy on me,Kingmichaelbeats,https://open.spotify.com/track/4XLYrsusXIYd1XLSbz24vy,viral-us-weekly-2020-07-02--2020-07-02.csv,July,2020-07-02,27,Viral 50,7cFjrseFN6bG9IN3V2XG76,,,
227,28,Angels & Demons,jxdn,https://open.spotify.com/track/4GUj9MfPPkjpZskxb45uiX,viral-us-weekly-2020-07-02--2020-07-02.csv,July,2020-07-02,27,Viral 50,6Y64EaNqpqcZYTgs4c76gF,social media pop,,
228,29,ROCKSTAR (feat. Roddy Ricch),DaBaby,https://open.spotify.com/track/7ytR5pFWmSjzHJIeQkgog4,viral-us-weekly-2020-07-02--2020-07-02.csv,July,2020-07-02,27,Viral 50,4r63FhuTkUYltbVAg5TQnk,north carolina hip hop,rap,
229,30,Figure It Out,Blu DeTiger,https://open.spotify.com/track/5G5qyRHlLmZgy915TBTCkB,viral-us-weekly-2020-07-02--2020-07-02.csv,July,2020-07-02,27,Viral 50,5NyCIBCeU080ynEj33S4hC,,,
230,31,Go Crazy,Chris Brown,https://open.spotify.com/track/1IIKrJVP1C9N7iPtG6eOsK,viral-us-weekly-2020-07-02--2020-07-02.csv,July,2020-07-02,27,Viral 50,7bXgB6jMjp9ATFy66eO08Z,dance pop,pop,pop rap
231,32,Судно (Борис Рижий),Molchat Doma,https://open.spotify.com/track/6DONTnamNDOJdO6DzCu71p,viral-us-weekly-2020-07-02--2020-07-02.csv,July,2020-07-02,27,Viral 50,1nVq0hKIVReeaiB3xJgKf0,belarusian indie,russian post-punk,sovietwave
232,33,ATL Freestyle,6LACK,https://open.spotify.com/track/3Isj85ak2yj4EndfKFGs9x,viral-us-weekly-2020-07-02--2020-07-02.csv,July,2020-07-02,27,Viral 50,4IVAbR2w4JJNJDDRFP3E83,alternative r&b,atl hip hop,hip hop
233,34,So We Won't Forget,Khruangbin,https://open.spotify.com/track/6dw8ETrtlFSrkzw6W8cWxN,viral-us-weekly-2020-07-02--2020-07-02.csv,July,2020-07-02,27,Viral 50,2mVVjNmdjXZZDvhgQWiakk,neo-psychedelic,,
234,35,Single Saturday Night,Cole Swindell,https://open.spotify.com/track/1irAliF0T8sLIOPJp6n7rU,viral-us-weekly-2020-07-02--2020-07-02.csv,July,2020-07-02,27,Viral 50,1mfDfLsMxYcOOZkzBxvSVW,contemporary country,country,country road
235,36,Tú,Carin Leon,https://open.spotify.com/track/1nLs8r6K4YN0avBwUmmTnr,viral-us-weekly-2020-07-02--2020-07-02.csv,July,2020-07-02,27,Viral 50,66ihevNkSYNzRAl44dx6jJ,corrido,nuevo regional mexicano,regional mexican
236,37,Tinted Eyes (feat. blackbear & 24kGoldn),DVBBS,https://open.spotify.com/track/68UW3plyDDNg1dkNIZRezJ,viral-us-weekly-2020-07-02--2020-07-02.csv,July,2020-07-02,27,Viral 50,5X4LWwbUFNzPkEas04uU82,canadian electronic,edm,electro house
237,38,ily (i love you baby) (feat. Emilee),Surf Mesa,https://open.spotify.com/track/62aP9fBQKYKxi7PDXwcUAS,viral-us-weekly-2020-07-02--2020-07-02.csv,July,2020-07-02,27,Viral 50,1lmU3giNF3CSbkVSQmLpHQ,tropical house,,
238,39,As the World Caves In,Matt Maltese,https://open.spotify.com/track/4JE6agBLHGA5TaF6FlqfBD,viral-us-weekly-2020-07-02--2020-07-02.csv,July,2020-07-02,27,Viral 50,12j6dJrPXanCBwY599pZxf,indie anthem-folk,indie pop,
239,40,TKN (feat. Travis Scott),ROSALÍA,https://open.spotify.com/track/4w47S36wQGBhGg073q3nt7,viral-us-weekly-2020-07-02--2020-07-02.csv,July,2020-07-02,27,Viral 50,7ltDVBr6mKbRvohxheJ9h1,r&b en espanol,,
240,41,Dance with Me (feat. Thomas Rhett & Young Thug),Diplo,https://open.spotify.com/track/6wXgnhpmOPEJ7cUweSyy2B,viral-us-weekly-2020-07-02--2020-07-02.csv,July,2020-07-02,27,Viral 50,5fMUXHkw8R8eOP2RNVYEZX,bmore,dance pop,edm
241,42,Shhh (Pew Pew),Young Fanatic,https://open.spotify.com/track/0gRHMoKnlm3FHL2YrwfE3w,viral-us-weekly-2020-07-02--2020-07-02.csv,July,2020-07-02,27,Viral 50,3WYkULuwVr6K98AQ2s3SYt,viral rap,,
242,43,Con Tus Besos,Eslabon Armado,https://open.spotify.com/track/6WYB1odDfMPVMyp1QxFInT,viral-us-weekly-2020-07-02--2020-07-02.csv,July,2020-07-02,27,Viral 50,0XeEobZplHxzM9QzFQWLiR,corridos tumbados,nuevo regional mexicano,sierreno
243,44,Roses - Imanbek Remix,SAINt JHN,https://open.spotify.com/track/24Yi9hE78yPEbZ4kxyoXAI,viral-us-weekly-2020-07-02--2020-07-02.csv,July,2020-07-02,27,Viral 50,0H39MdGGX6dbnnQPt6NQkZ,melodic rap,rap,slap house
244,45,DOLLAZ ON MY HEAD (feat. Young Thug),Gunna,https://open.spotify.com/track/3nS9a01VvXHQriLqJYwRqG,viral-us-weekly-2020-07-02--2020-07-02.csv,July,2020-07-02,27,Viral 50,2hlmm7s2ICUX0LVIhVFlZQ,atl hip hop,melodic rap,rap
245,46,"...And To Those I Love, Thanks For Sticking Around",$uicideboy$,https://open.spotify.com/track/41LhQUkElADQ5YUbpYv2D0,viral-us-weekly-2020-07-02--2020-07-02.csv,July,2020-07-02,27,Viral 50,1VPmR4DJC1PlOtd0IADAO0,dark trap,new orleans rap,underground hip hop
246,47,Heather,Conan Gray,https://open.spotify.com/track/4xqrdfXkTW4T0RauPLv3WA,viral-us-weekly-2020-07-02--2020-07-02.csv,July,2020-07-02,27,Viral 50,4Uc8Dsxct0oMqx0P6i60ea,alt z,bedroom pop,electropop
247,48,Watermelon Sugar,Harry Styles,https://open.spotify.com/track/6UelLqGlWMcVH1E5c4H7lY,viral-us-weekly-2020-07-02--2020-07-02.csv,July,2020-07-02,27,Viral 50,6KImCVD70vtIoJWnq6nGn3,pop,post-teen pop,
248,49,death bed (coffee for your head),Powfu,https://open.spotify.com/track/7eJMfftS33KTjuF7lTsMCx,viral-us-weekly-2020-07-02--2020-07-02.csv,July,2020-07-02,27,Viral 50,6bmlMHgSheBauioMgKv2tn,emo rap,sad rap,
249,50,Song About You,Sam Grow,https://open.spotify.com/track/5gRsliQqZLc4tv688SE3wB,viral-us-weekly-2020-07-02--2020-07-02.csv,July,2020-07-02,27,Viral 50,4cFA9cxl7v3CrFYxOOXsSs,contemporary country,country pop,
250,1,Savage Love (Laxed - Siren Beat),Jawsh 685,https://open.spotify.com/track/1xQ6trAsedVPCdbtDAmk0c,viral-us-weekly-2020-07-09--2020-07-09.csv,July,2020-07-09,28,Viral 50,56mfhUDKa1vec6rSLZV5Eg,nz pop,,
251,2,Stuck in the Middle,Tai Verdes,https://open.spotify.com/track/2HQPOVBAOU2EBTy1nBGRiW,viral-us-weekly-2020-07-09--2020-07-09.csv,July,2020-07-09,28,Viral 50,2kCO8LXN1usaOPL3iEE28I,modern indie pop,,
252,3,Then Leave (feat. Queendom Come),BeatKing,https://open.spotify.com/track/2Xoc4gqPbBa3QHKpBLJ5l8,viral-us-weekly-2020-07-09--2020-07-09.csv,July,2020-07-09,28,Viral 50,5L8p9kDnX2cgoI8VLUL2p4,houston rap,,
253,4,Stunnin' (feat. Harm Franklin),Curtis Waters,https://open.spotify.com/track/2D0dj3hVkRQJCp63cxCPEx,viral-us-weekly-2020-07-09--2020-07-09.csv,July,2020-07-09,28,Viral 50,2JbE7jUIGtpXSzytnyMg6U,,,
254,5,In This Shirt,The Irrepressibles,https://open.spotify.com/track/60mItLdFl6xkYc1sAjlZlf,viral-us-weekly-2020-07-09--2020-07-09.csv,July,2020-07-09,28,Viral 50,1v5bOzXbhrQ57qSvRwGA6s,baroque pop,,
255,6,Hood Baby,KBFR,https://open.spotify.com/track/5au5NgWCdev4WeLRB3YEOR,viral-us-weekly-2020-07-09--2020-07-09.csv,July,2020-07-09,28,Viral 50,0JFjWic1b9Mvv7WcNYhDvZ,viral rap,,
256,7,Hatchback,Cochise,https://open.spotify.com/track/12hVQgYR254ZziANtiKVWQ,viral-us-weekly-2020-07-09--2020-07-09.csv,July,2020-07-09,28,Viral 50,46HzS7yz0c9udVwtbHk1sx,meme rap,vapor trap,
257,8,I See Red,Everybody Loves an Outlaw,https://open.spotify.com/track/5MAK1nd8R6PWnle1Q1WJvh,viral-us-weekly-2020-07-09--2020-07-09.csv,July,2020-07-09,28,Viral 50,5RCWMaArEntbkeWYVxCiFW,modern blues rock,,
258,9,Volcano Man,Will Ferrell,https://open.spotify.com/track/5j5THOJJaBw3NoQy3zo9Py,viral-us-weekly-2020-07-09--2020-07-09.csv,July,2020-07-09,28,Viral 50,7xF6Psrf6yNOBkB9jpMRa0,,,
259,10,God Bless The U.S.A.,Lee Greenwood,https://open.spotify.com/track/623lYBOJ7bLwh1bu3yeN5V,viral-us-weekly-2020-07-09--2020-07-09.csv,July,2020-07-09,28,Viral 50,3g229vTyhsdwm9SO2p1FPL,country,country rock,
260,11,Banana (feat. Shaggy) - DJ FLe - Minisiren Remix,Conkarah,https://open.spotify.com/track/0dZpw3h6KZhcHec61qwevZ,viral-us-weekly-2020-07-09--2020-07-09.csv,July,2020-07-09,28,Viral 50,7vPGzgDg3qGUY5bWtrO3K4,jawaiian,,
261,12,Renee,SALES,https://open.spotify.com/track/5MeUMSRreLHYLhw8ZTyqpk,viral-us-weekly-2020-07-09--2020-07-09.csv,July,2020-07-09,28,Viral 50,6vVztIuqdDHvYWxOEXCzjN,indie pop,orlando indie,
262,13,GO (feat. Juice WRLD),The Kid LAROI,https://open.spotify.com/track/2t7D3y0jvYjR8IP9Bosyew,viral-us-weekly-2020-07-09--2020-07-09.csv,July,2020-07-09,28,Viral 50,2tIP7SsRs7vjIcLrU85W8J,australian hip hop,,
263,14,Como Llora,Juanfran,https://open.spotify.com/track/52zq2a71SGs3f1vJuv59ui,viral-us-weekly-2020-07-09--2020-07-09.csv,July,2020-07-09,28,Viral 50,7zY0DMisq1oYXvNNgGwHBY,dominican pop,pop reggaeton,urbano espanol
264,15,The Man Who Loves You The Most,Zac Brown Band,https://open.spotify.com/track/58DvikiJcEjow3Skg80yxX,viral-us-weekly-2020-07-09--2020-07-09.csv,July,2020-07-09,28,Viral 50,6yJCxee7QumYr820xdIsjo,contemporary country,country,country road
265,16,Make It Rain (feat. Rowdy Rebel),Pop Smoke,https://open.spotify.com/track/71d7LaAgPcNcUopu3OzmP7,viral-us-weekly-2020-07-09--2020-07-09.csv,July,2020-07-09,28,Viral 50,0eDvMgVFoNV3TpwtrVCoTj,brooklyn drill,,
266,17,You'll Be Back,Jonathan Groff,https://open.spotify.com/track/6OG1S805gIrH5nAQbEOPY3,viral-us-weekly-2020-07-09--2020-07-09.csv,July,2020-07-09,28,Viral 50,4aXXDj9aZnlshx7mzj3W1N,hollywood,show tunes,
267,18,America The Beautiful,Ray Charles,https://open.spotify.com/track/04f3ea1BQlVrhhmxS0qMDH,viral-us-weekly-2020-07-09--2020-07-09.csv,July,2020-07-09,28,Viral 50,1eYhYunlNJlDoQhtYBvPsi,adult standards,classic soul,jazz blues
268,19,The Bigger Picture,Lil Baby,https://open.spotify.com/track/44gRhRi2OhEf7moAUj6MD1,viral-us-weekly-2020-07-09--2020-07-09.csv,July,2020-07-09,28,Viral 50,5f7VJjfbwm532GiveGC0ZK,atl hip hop,atl trap,rap
269,20,Rags2Riches (feat. ATR Son Son),Rod Wave,https://open.spotify.com/track/1ENdcyhqdylaLsPVgB83qq,viral-us-weekly-2020-07-09--2020-07-09.csv,July,2020-07-09,28,Viral 50,45TgXXqMDdF8BkjA83OM7z,florida rap,,
270,21,Djadja (feat. Maluma) - Remix,Aya Nakamura,https://open.spotify.com/track/6AzKhCHOms83jvNVLsz0Bt,viral-us-weekly-2020-07-09--2020-07-09.csv,July,2020-07-09,28,Viral 50,7IlRNXHjoOCgEAWN5qYksg,basshall,francoton,
271,22,Both Of Us - Edit,Jayda G,https://open.spotify.com/track/75rGONmoi48LLYBFaGiYsv,viral-us-weekly-2020-07-09--2020-07-09.csv,July,2020-07-09,28,Viral 50,3NKVm2Jedcf6ibJr6pMUVx,canadian electronic,float house,
272,23,Do It,Chloe x Halle,https://open.spotify.com/track/35Dh5MnCUPLN3XyAVtQff3,viral-us-weekly-2020-07-09--2020-07-09.csv,July,2020-07-09,28,Viral 50,0AsThoR4KZSVktALiNcQwW,alternative r&b,dance pop,pop
273,24,Don't Rush (feat. DaBaby),Young T & Bugsey,https://open.spotify.com/track/3AMxuq6id3YGB57eWeheZQ,viral-us-weekly-2020-07-09--2020-07-09.csv,July,2020-07-09,28,Viral 50,6M6XXCcO5gI68XpIlrUL3Z,afroswing,uk hip hop,
274,25,Prospect (ft. Lil Baby),iann dior,https://open.spotify.com/track/4iHSE5R1U8jf84tRn52xRt,viral-us-weekly-2020-07-09--2020-07-09.csv,July,2020-07-09,28,Viral 50,6ASri4ePR7RlsvIQgWPJpS,melodic rap,pop rap,
275,26,Satisfied,Renée Elise Goldsberry,https://open.spotify.com/track/3dP0pLbg9OfVwssDjp9aT0,viral-us-weekly-2020-07-09--2020-07-09.csv,July,2020-07-09,28,Viral 50,4aXXDj9aZnlshx7mzj3W1N,hollywood,show tunes,
276,27,Wait for It,Leslie Odom Jr.,https://open.spotify.com/track/7EqpEBPOohgk7NnKvBGFWo,viral-us-weekly-2020-07-09--2020-07-09.csv,July,2020-07-09,28,Viral 50,4aXXDj9aZnlshx7mzj3W1N,hollywood,show tunes,
277,28,SAD - Imanbek xxx Remix,Rasster,https://open.spotify.com/track/4x5ymi4akay9Fq5Xm1PW3E,viral-us-weekly-2020-07-09--2020-07-09.csv,July,2020-07-09,28,Viral 50,3LVYHgfHgCTy3QSRt5kKQg,,,
278,29,no song without you,HONNE,https://open.spotify.com/track/1lNHWPDvKEbamKezpLq7HW,viral-us-weekly-2020-07-09--2020-07-09.csv,July,2020-07-09,28,Viral 50,0Vw76uk7P8yVtTClWyOhac,chill r&b,pop,uk pop
279,30,Water,DJ Drewski,https://open.spotify.com/track/4tISZPO2HdivqdTyuq5kDT,viral-us-weekly-2020-07-09--2020-07-09.csv,July,2020-07-09,28,Viral 50,4JyPPwzuX5NvU88c3rlrOW,,,
280,31,Eyes Blue Like The Atlantic,Sista Prod,https://open.spotify.com/track/2RrZbxdl9nuFMCrO71tXTG,viral-us-weekly-2020-07-09--2020-07-09.csv,July,2020-07-09,28,Viral 50,7cSbcJTJBBSXDjRNR2qD61,,,
281,32,Helpless,Phillipa Soo,https://open.spotify.com/track/54Sc7mZQ1RM03STpk4SfaA,viral-us-weekly-2020-07-09--2020-07-09.csv,July,2020-07-09,28,Viral 50,4aXXDj9aZnlshx7mzj3W1N,hollywood,show tunes,
282,33,Mariposa,Peach Tree Rascals,https://open.spotify.com/track/4ja2gzrNh9VNigzoXfmbwD,viral-us-weekly-2020-07-09--2020-07-09.csv,July,2020-07-09,28,Viral 50,0imE3buPhAowREqCrr4CYe,alternative r&b,chill r&b,indie r&b
283,34,Tommy Lee (feat. Post Malone),Tyla Yaweh,https://open.spotify.com/track/5QZKcQDp0tCcvMdyqEciBV,viral-us-weekly-2020-07-09--2020-07-09.csv,July,2020-07-09,28,Viral 50,1MXZ0hsGic96dWRDKwAwdr,cali rap,melodic rap,pop rap
284,35,We Paid (feat. 42 Dugg),Lil Baby,https://open.spotify.com/track/6gxKUmycQX7uyMwJcweFjp,viral-us-weekly-2020-07-09--2020-07-09.csv,July,2020-07-09,28,Viral 50,5f7VJjfbwm532GiveGC0ZK,atl hip hop,atl trap,rap
285,36,Think About Things,Daði Freyr,https://open.spotify.com/track/2iRniYXjMHKmwXqA2jYXP7,viral-us-weekly-2020-07-09--2020-07-09.csv,July,2020-07-09,28,Viral 50,3Hb64DQZIhDCgyHKrzBXOL,icelandic pop,,
286,37,La Curiosidad,Jay Wheeler,https://open.spotify.com/track/4HYDUMY0xSpeBr0AMY9cUz,viral-us-weekly-2020-07-09--2020-07-09.csv,July,2020-07-09,28,Viral 50,2cPqdH7XMvwaBJEVjheH8g,reggaeton,trap latino,
287,38,Lil Scammer That Could (feat. Denzel Curry),Guapdad 4000,https://open.spotify.com/track/2nSKol7UyxwffI6jLYTuUd,viral-us-weekly-2020-07-09--2020-07-09.csv,July,2020-07-09,28,Viral 50,0NcPKaSNIHAM2RfioH9vMT,cali rap,oakland hip hop,scam rap
288,39,Go Crazy,Chris Brown,https://open.spotify.com/track/1IIKrJVP1C9N7iPtG6eOsK,viral-us-weekly-2020-07-09--2020-07-09.csv,July,2020-07-09,28,Viral 50,7bXgB6jMjp9ATFy66eO08Z,dance pop,pop,pop rap
289,40,Grew Apart,Logan Mize,https://open.spotify.com/track/2JK5ALIvepkQAWNItmKBZu,viral-us-weekly-2020-07-09--2020-07-09.csv,July,2020-07-09,28,Viral 50,7tje8UB3cuR1ZfeJx2U38T,contemporary country,country pop,country road
290,41,Alexander Hamilton,Leslie Odom Jr.,https://open.spotify.com/track/4TTV7EcfroSLWzXRY6gLv6,viral-us-weekly-2020-07-09--2020-07-09.csv,July,2020-07-09,28,Viral 50,4aXXDj9aZnlshx7mzj3W1N,hollywood,show tunes,
291,42,As the World Caves In,Matt Maltese,https://open.spotify.com/track/4JE6agBLHGA5TaF6FlqfBD,viral-us-weekly-2020-07-09--2020-07-09.csv,July,2020-07-09,28,Viral 50,12j6dJrPXanCBwY599pZxf,indie anthem-folk,indie pop,
292,43,i don’t really like your boyfriend,Avenue Beat,https://open.spotify.com/track/6eqBr4nAQCVIbUbE8IBDP1,viral-us-weekly-2020-07-09--2020-07-09.csv,July,2020-07-09,28,Viral 50,1htYtUdXVMwR6HCSs821Lc,alt z,,
293,44,Party Girl,StaySolidRocky,https://open.spotify.com/track/5RqR4ZCCKJDcBLIn4sih9l,viral-us-weekly-2020-07-09--2020-07-09.csv,July,2020-07-09,28,Viral 50,1XLWox9w1Yvbodui0SRhUQ,melodic rap,,
294,45,ily (i love you baby) (feat. Emilee),Surf Mesa,https://open.spotify.com/track/62aP9fBQKYKxi7PDXwcUAS,viral-us-weekly-2020-07-09--2020-07-09.csv,July,2020-07-09,28,Viral 50,1lmU3giNF3CSbkVSQmLpHQ,tropical house,,
295,46,Судно (Борис Рижий),Molchat Doma,https://open.spotify.com/track/6DONTnamNDOJdO6DzCu71p,viral-us-weekly-2020-07-09--2020-07-09.csv,July,2020-07-09,28,Viral 50,1nVq0hKIVReeaiB3xJgKf0,belarusian indie,russian post-punk,sovietwave
296,47,ROCKSTAR (feat. Roddy Ricch),DaBaby,https://open.spotify.com/track/7ytR5pFWmSjzHJIeQkgog4,viral-us-weekly-2020-07-09--2020-07-09.csv,July,2020-07-09,28,Viral 50,4r63FhuTkUYltbVAg5TQnk,north carolina hip hop,rap,
297,48,Kolors,Monte Booker,https://open.spotify.com/track/4IOYk6epkzXT38U4ShauZ6,viral-us-weekly-2020-07-09--2020-07-09.csv,July,2020-07-09,28,Viral 50,4p75GTNEXwsAAkpweMVtKo,viral rap,,
298,49,money machine,100 gecs,https://open.spotify.com/track/61bwFjzXGG1x2aZsANdLyl,viral-us-weekly-2020-07-09--2020-07-09.csv,July,2020-07-09,28,Viral 50,6PfSUFtkMVoDkx4MQkzOi3,glitchcore,hyperpop,
299,50,Are You Bored Yet? (feat. Clairo),Wallows,https://open.spotify.com/track/57RA3JGafJm5zRtKJiKPIm,viral-us-weekly-2020-07-09--2020-07-09.csv,July,2020-07-09,28,Viral 50,0NIPkIjTV8mB795yEIiPYL,indie pop,modern rock,pop
300,1,NEVER MET!,CMTEN,https://open.spotify.com/track/7nJWotqUUPhVaCAOov6qGp,viral-us-weekly-2020-07-16--2020-07-16.csv,July,2020-07-16,29,Viral 50,3ReVTyprRfKmKquryr9UeA,glitchcore,hyperpop,
301,2,Stunnin' (feat. Harm Franklin),Curtis Waters,https://open.spotify.com/track/2D0dj3hVkRQJCp63cxCPEx,viral-us-weekly-2020-07-16--2020-07-16.csv,July,2020-07-16,29,Viral 50,2JbE7jUIGtpXSzytnyMg6U,,,
302,3,Then Leave (feat. Queendom Come),BeatKing,https://open.spotify.com/track/2Xoc4gqPbBa3QHKpBLJ5l8,viral-us-weekly-2020-07-16--2020-07-16.csv,July,2020-07-16,29,Viral 50,5L8p9kDnX2cgoI8VLUL2p4,houston rap,,
303,4,Savage Love (Laxed - Siren Beat),Jawsh 685,https://open.spotify.com/track/1xQ6trAsedVPCdbtDAmk0c,viral-us-weekly-2020-07-16--2020-07-16.csv,July,2020-07-16,29,Viral 50,56mfhUDKa1vec6rSLZV5Eg,nz pop,,
304,5,In This Shirt,The Irrepressibles,https://open.spotify.com/track/60mItLdFl6xkYc1sAjlZlf,viral-us-weekly-2020-07-16--2020-07-16.csv,July,2020-07-16,29,Viral 50,1v5bOzXbhrQ57qSvRwGA6s,baroque pop,,
305,6,Stuck in the Middle,Tai Verdes,https://open.spotify.com/track/2HQPOVBAOU2EBTy1nBGRiW,viral-us-weekly-2020-07-16--2020-07-16.csv,July,2020-07-16,29,Viral 50,2kCO8LXN1usaOPL3iEE28I,modern indie pop,,
306,7,Hatchback,Cochise,https://open.spotify.com/track/12hVQgYR254ZziANtiKVWQ,viral-us-weekly-2020-07-16--2020-07-16.csv,July,2020-07-16,29,Viral 50,46HzS7yz0c9udVwtbHk1sx,meme rap,vapor trap,
307,8,Hood Baby,KBFR,https://open.spotify.com/track/5au5NgWCdev4WeLRB3YEOR,viral-us-weekly-2020-07-16--2020-07-16.csv,July,2020-07-16,29,Viral 50,0JFjWic1b9Mvv7WcNYhDvZ,viral rap,,
308,9,I See Red,Everybody Loves an Outlaw,https://open.spotify.com/track/5MAK1nd8R6PWnle1Q1WJvh,viral-us-weekly-2020-07-16--2020-07-16.csv,July,2020-07-16,29,Viral 50,5RCWMaArEntbkeWYVxCiFW,modern blues rock,,
309,10,Banana (feat. Shaggy) - DJ FLe - Minisiren Remix,Conkarah,https://open.spotify.com/track/0dZpw3h6KZhcHec61qwevZ,viral-us-weekly-2020-07-16--2020-07-16.csv,July,2020-07-16,29,Viral 50,7vPGzgDg3qGUY5bWtrO3K4,jawaiian,,
310,11,Party Girl (Remix),StaySolidRocky,https://open.spotify.com/track/0XkmeG97T4mtYlWRJcrxec,viral-us-weekly-2020-07-16--2020-07-16.csv,July,2020-07-16,29,Viral 50,1XLWox9w1Yvbodui0SRhUQ,melodic rap,,
311,12,GO (feat. Juice WRLD),The Kid LAROI,https://open.spotify.com/track/2t7D3y0jvYjR8IP9Bosyew,viral-us-weekly-2020-07-16--2020-07-16.csv,July,2020-07-16,29,Viral 50,2tIP7SsRs7vjIcLrU85W8J,australian hip hop,,
312,13,Rags2Riches (feat. ATR Son Son),Rod Wave,https://open.spotify.com/track/1ENdcyhqdylaLsPVgB83qq,viral-us-weekly-2020-07-16--2020-07-16.csv,July,2020-07-16,29,Viral 50,45TgXXqMDdF8BkjA83OM7z,florida rap,,
313,14,Tap In,Saweetie,https://open.spotify.com/track/4Hpib09wXgD84w4uwTPnYD,viral-us-weekly-2020-07-16--2020-07-16.csv,July,2020-07-16,29,Viral 50,6cK3NBO6uP7hh0oyuVELFl,cali rap,dance pop,pop
314,15,Tell Me U Luv Me (with Trippie Redd),Juice WRLD,https://open.spotify.com/track/7iIzwqG5UxPYwTYUUK4pzU,viral-us-weekly-2020-07-16--2020-07-16.csv,July,2020-07-16,29,Viral 50,4MCBfE4596Uoi2O4DtmEMz,chicago rap,melodic rap,
315,16,Renee,SALES,https://open.spotify.com/track/5MeUMSRreLHYLhw8ZTyqpk,viral-us-weekly-2020-07-16--2020-07-16.csv,July,2020-07-16,29,Viral 50,6vVztIuqdDHvYWxOEXCzjN,indie pop,orlando indie,
316,17,Mariposa,Peach Tree Rascals,https://open.spotify.com/track/4ja2gzrNh9VNigzoXfmbwD,viral-us-weekly-2020-07-16--2020-07-16.csv,July,2020-07-16,29,Viral 50,0imE3buPhAowREqCrr4CYe,alternative r&b,chill r&b,indie r&b
317,18,Djadja (feat. Maluma) - Remix,Aya Nakamura,https://open.spotify.com/track/6AzKhCHOms83jvNVLsz0Bt,viral-us-weekly-2020-07-16--2020-07-16.csv,July,2020-07-16,29,Viral 50,7IlRNXHjoOCgEAWN5qYksg,basshall,francoton,
318,19,money machine,100 gecs,https://open.spotify.com/track/61bwFjzXGG1x2aZsANdLyl,viral-us-weekly-2020-07-16--2020-07-16.csv,July,2020-07-16,29,Viral 50,6PfSUFtkMVoDkx4MQkzOi3,glitchcore,hyperpop,
319,20,Righteous,Juice WRLD,https://open.spotify.com/track/615vw74T1NebV8pKoutm2J,viral-us-weekly-2020-07-16--2020-07-16.csv,July,2020-07-16,29,Viral 50,4MCBfE4596Uoi2O4DtmEMz,chicago rap,melodic rap,
320,21,Como Llora,Juanfran,https://open.spotify.com/track/52zq2a71SGs3f1vJuv59ui,viral-us-weekly-2020-07-16--2020-07-16.csv,July,2020-07-16,29,Viral 50,7zY0DMisq1oYXvNNgGwHBY,dominican pop,pop reggaeton,urbano espanol
321,22,Water,DJ Drewski,https://open.spotify.com/track/4tISZPO2HdivqdTyuq5kDT,viral-us-weekly-2020-07-16--2020-07-16.csv,July,2020-07-16,29,Viral 50,4JyPPwzuX5NvU88c3rlrOW,,,
322,23,Eyes Blue Like The Atlantic,Sista Prod,https://open.spotify.com/track/2RrZbxdl9nuFMCrO71tXTG,viral-us-weekly-2020-07-16--2020-07-16.csv,July,2020-07-16,29,Viral 50,7cSbcJTJBBSXDjRNR2qD61,,,
323,24,The Man Who Loves You The Most,Zac Brown Band,https://open.spotify.com/track/58DvikiJcEjow3Skg80yxX,viral-us-weekly-2020-07-16--2020-07-16.csv,July,2020-07-16,29,Viral 50,6yJCxee7QumYr820xdIsjo,contemporary country,country,country road
324,25,SAD - Imanbek xxx Remix,Rasster,https://open.spotify.com/track/4x5ymi4akay9Fq5Xm1PW3E,viral-us-weekly-2020-07-16--2020-07-16.csv,July,2020-07-16,29,Viral 50,3LVYHgfHgCTy3QSRt5kKQg,,,
325,26,You'll Be Back,Jonathan Groff,https://open.spotify.com/track/6OG1S805gIrH5nAQbEOPY3,viral-us-weekly-2020-07-16--2020-07-16.csv,July,2020-07-16,29,Viral 50,4aXXDj9aZnlshx7mzj3W1N,hollywood,show tunes,
326,27,Experience,Victoria Monét,https://open.spotify.com/track/0hRRNHeSZv2x6pHCcXPAct,viral-us-weekly-2020-07-16--2020-07-16.csv,July,2020-07-16,29,Viral 50,63XBtGSEZINSyXylZxEUbv,alternative r&b,chill r&b,dance pop
327,28,i don’t really like your boyfriend,Avenue Beat,https://open.spotify.com/track/6eqBr4nAQCVIbUbE8IBDP1,viral-us-weekly-2020-07-16--2020-07-16.csv,July,2020-07-16,29,Viral 50,1htYtUdXVMwR6HCSs821Lc,alt z,,
328,29,La Curiosidad,Jay Wheeler,https://open.spotify.com/track/4HYDUMY0xSpeBr0AMY9cUz,viral-us-weekly-2020-07-16--2020-07-16.csv,July,2020-07-16,29,Viral 50,2cPqdH7XMvwaBJEVjheH8g,reggaeton,trap latino,
329,30,Go Crazy,Chris Brown,https://open.spotify.com/track/1IIKrJVP1C9N7iPtG6eOsK,viral-us-weekly-2020-07-16--2020-07-16.csv,July,2020-07-16,29,Viral 50,7bXgB6jMjp9ATFy66eO08Z,dance pop,pop,pop rap
330,31,Satisfied,Renée Elise Goldsberry,https://open.spotify.com/track/3dP0pLbg9OfVwssDjp9aT0,viral-us-weekly-2020-07-16--2020-07-16.csv,July,2020-07-16,29,Viral 50,4aXXDj9aZnlshx7mzj3W1N,hollywood,show tunes,
331,32,The Bigger Picture,Lil Baby,https://open.spotify.com/track/44gRhRi2OhEf7moAUj6MD1,viral-us-weekly-2020-07-16--2020-07-16.csv,July,2020-07-16,29,Viral 50,5f7VJjfbwm532GiveGC0ZK,atl hip hop,atl trap,rap
332,33,"ringtone (Remix) [feat. Charli XCX, Rico Nasty, Kero Kero Bonito]",100 gecs,https://open.spotify.com/track/2T93MtJuKMzcGRTR8fdizV,viral-us-weekly-2020-07-16--2020-07-16.csv,July,2020-07-16,29,Viral 50,6PfSUFtkMVoDkx4MQkzOi3,glitchcore,hyperpop,
333,34,Wait for It,Leslie Odom Jr.,https://open.spotify.com/track/7EqpEBPOohgk7NnKvBGFWo,viral-us-weekly-2020-07-16--2020-07-16.csv,July,2020-07-16,29,Viral 50,4aXXDj9aZnlshx7mzj3W1N,hollywood,show tunes,
334,35,Do It,Chloe x Halle,https://open.spotify.com/track/35Dh5MnCUPLN3XyAVtQff3,viral-us-weekly-2020-07-16--2020-07-16.csv,July,2020-07-16,29,Viral 50,0AsThoR4KZSVktALiNcQwW,alternative r&b,dance pop,pop
335,36,Magic Bullet,My Morning Jacket,https://open.spotify.com/track/0szMkrbyGhTE1ogVoFPvB2,viral-us-weekly-2020-07-16--2020-07-16.csv,July,2020-07-16,29,Viral 50,43O3c6wewpzPKwVaGEEtBM,alternative rock,funk,indie folk
336,37,Prospect (ft. Lil Baby),iann dior,https://open.spotify.com/track/4iHSE5R1U8jf84tRn52xRt,viral-us-weekly-2020-07-16--2020-07-16.csv,July,2020-07-16,29,Viral 50,6ASri4ePR7RlsvIQgWPJpS,melodic rap,pop rap,
337,38,As the World Caves In,Matt Maltese,https://open.spotify.com/track/4JE6agBLHGA5TaF6FlqfBD,viral-us-weekly-2020-07-16--2020-07-16.csv,July,2020-07-16,29,Viral 50,12j6dJrPXanCBwY599pZxf,indie anthem-folk,indie pop,
338,39,God’s Menu,Stray Kids,https://open.spotify.com/track/0RzT9tBLcQhofW2TNiHP9B,viral-us-weekly-2020-07-16--2020-07-16.csv,July,2020-07-16,29,Viral 50,2dIgFjalVxs4ThymZ67YCE,k-pop,k-pop boy group,
339,40,Moral of the Story (feat. Niall Horan),Ashe,https://open.spotify.com/track/2NWVdwbd2hPIzC2lyf4y63,viral-us-weekly-2020-07-16--2020-07-16.csv,July,2020-07-16,29,Viral 50,6P5NO5hzJbuOqSdyPB7SJM,alt z,electropop,indie pop
340,41,Lockdown,Anderson .Paak,https://open.spotify.com/track/5oZps6mYqU5s7A4WjUZggJ,viral-us-weekly-2020-07-16--2020-07-16.csv,July,2020-07-16,29,Viral 50,3jK9MiCrA42lLAdMGUZpwa,escape room,,
341,42,Судно (Борис Рижий),Molchat Doma,https://open.spotify.com/track/6DONTnamNDOJdO6DzCu71p,viral-us-weekly-2020-07-16--2020-07-16.csv,July,2020-07-16,29,Viral 50,1nVq0hKIVReeaiB3xJgKf0,belarusian indie,russian post-punk,sovietwave
342,43,We Paid (feat. 42 Dugg),Lil Baby,https://open.spotify.com/track/6gxKUmycQX7uyMwJcweFjp,viral-us-weekly-2020-07-16--2020-07-16.csv,July,2020-07-16,29,Viral 50,5f7VJjfbwm532GiveGC0ZK,atl hip hop,atl trap,rap
343,44,Labios Rojos,LDNE,https://open.spotify.com/track/1zF5Jr9yPDKkT1ghsNMale,viral-us-weekly-2020-07-16--2020-07-16.csv,July,2020-07-16,29,Viral 50,5hkcGbdTv8nC62vVT7RJmZ,corrido,corridos tumbados,nuevo regional mexicano
344,45,Helpless,Phillipa Soo,https://open.spotify.com/track/54Sc7mZQ1RM03STpk4SfaA,viral-us-weekly-2020-07-16--2020-07-16.csv,July,2020-07-16,29,Viral 50,4aXXDj9aZnlshx7mzj3W1N,hollywood,show tunes,
345,46,stupid horse,100 gecs,https://open.spotify.com/track/23Dapn8107GgxvXDIsPwWm,viral-us-weekly-2020-07-16--2020-07-16.csv,July,2020-07-16,29,Viral 50,6PfSUFtkMVoDkx4MQkzOi3,glitchcore,hyperpop,
346,47,Pussy Talk,City Girls,https://open.spotify.com/track/5EzL7hGT9g2Tvqsy158Lu9,viral-us-weekly-2020-07-16--2020-07-16.csv,July,2020-07-16,29,Viral 50,37hAfseJWi0G3Scife12Il,dance pop,pop,pop rap
347,48,Con Tus Besos,Eslabon Armado,https://open.spotify.com/track/6WYB1odDfMPVMyp1QxFInT,viral-us-weekly-2020-07-16--2020-07-16.csv,July,2020-07-16,29,Viral 50,0XeEobZplHxzM9QzFQWLiR,corridos tumbados,nuevo regional mexicano,sierreno
348,49,Think About Things,Daði Freyr,https://open.spotify.com/track/2iRniYXjMHKmwXqA2jYXP7,viral-us-weekly-2020-07-16--2020-07-16.csv,July,2020-07-16,29,Viral 50,3Hb64DQZIhDCgyHKrzBXOL,icelandic pop,,
349,50,Stay Gold,BTS,https://open.spotify.com/track/3Ys2PYl1wyPKQIwyqhP9cQ,viral-us-weekly-2020-07-16--2020-07-16.csv,July,2020-07-16,29,Viral 50,3Nrfpe0tUJi4K4DXYWgMUX,k-pop,k-pop boy group,
350,1,DDLG,ppcocaine,https://open.spotify.com/track/42dtq3bqOCzD0L2kITk4Dp,viral-us-weekly-2020-07-23--2020-07-23.csv,July,2020-07-23,30,Viral 50,2u1aL8XADqj0nJFHMKRjNw,viral rap,,
351,2,NEVER MET!,CMTEN,https://open.spotify.com/track/7nJWotqUUPhVaCAOov6qGp,viral-us-weekly-2020-07-23--2020-07-23.csv,July,2020-07-23,30,Viral 50,3ReVTyprRfKmKquryr9UeA,glitchcore,hyperpop,
352,3,In This Shirt,The Irrepressibles,https://open.spotify.com/track/60mItLdFl6xkYc1sAjlZlf,viral-us-weekly-2020-07-23--2020-07-23.csv,July,2020-07-23,30,Viral 50,1v5bOzXbhrQ57qSvRwGA6s,baroque pop,,
353,4,Be Happy,Dixie,https://open.spotify.com/track/0egBBvt6cfROuCHP5nBABx,viral-us-weekly-2020-07-23--2020-07-23.csv,July,2020-07-23,30,Viral 50,3DKkhRCGOG4e8IUPYFPfWs,social media pop,,
354,5,Then Leave (feat. Queendom Come),BeatKing,https://open.spotify.com/track/2Xoc4gqPbBa3QHKpBLJ5l8,viral-us-weekly-2020-07-23--2020-07-23.csv,July,2020-07-23,30,Viral 50,5L8p9kDnX2cgoI8VLUL2p4,houston rap,,
355,6,Stunnin' (feat. Harm Franklin),Curtis Waters,https://open.spotify.com/track/2D0dj3hVkRQJCp63cxCPEx,viral-us-weekly-2020-07-23--2020-07-23.csv,July,2020-07-23,30,Viral 50,2JbE7jUIGtpXSzytnyMg6U,,,
356,7,Stuck in the Middle,Tai Verdes,https://open.spotify.com/track/2HQPOVBAOU2EBTy1nBGRiW,viral-us-weekly-2020-07-23--2020-07-23.csv,July,2020-07-23,30,Viral 50,2kCO8LXN1usaOPL3iEE28I,modern indie pop,,
357,8,Savage Love (Laxed - Siren Beat),Jawsh 685,https://open.spotify.com/track/1xQ6trAsedVPCdbtDAmk0c,viral-us-weekly-2020-07-23--2020-07-23.csv,July,2020-07-23,30,Viral 50,56mfhUDKa1vec6rSLZV5Eg,nz pop,,
358,9,Husavik (My Hometown),Will Ferrell,https://open.spotify.com/track/6ofMKJjMpfDEb48JYEAgjX,viral-us-weekly-2020-07-23--2020-07-23.csv,July,2020-07-23,30,Viral 50,0LyfQWJT6nXafLPZqxe9Of,,,
359,10,Overwhelmed,Royal & the Serpent,https://open.spotify.com/track/5jjZikDrEd0by1o7V3fO4y,viral-us-weekly-2020-07-23--2020-07-23.csv,July,2020-07-23,30,Viral 50,64EHXDoln95lnccszdPum0,alt z,indie electropop,modern alternative pop
360,11,Hatchback,Cochise,https://open.spotify.com/track/12hVQgYR254ZziANtiKVWQ,viral-us-weekly-2020-07-23--2020-07-23.csv,July,2020-07-23,30,Viral 50,46HzS7yz0c9udVwtbHk1sx,meme rap,vapor trap,
361,12,"WHATS POPPIN (feat. DaBaby, Tory Lanez & Lil Wayne) - Remix",Jack Harlow,https://open.spotify.com/track/2MbdDtCv5LUVjYy9RuGTgC,viral-us-weekly-2020-07-23--2020-07-23.csv,July,2020-07-23,30,Viral 50,2LIk90788K0zvyj2JJVwkJ,deep underground hip hop,kentucky hip hop,pop rap
362,13,Heat Waves,Glass Animals,https://open.spotify.com/track/6CDzDgIUqeDY5g8ujExx2f,viral-us-weekly-2020-07-23--2020-07-23.csv,July,2020-07-23,30,Viral 50,4yvcSjfu4PC0CYQyLy4wSq,gauze pop,indietronica,shiver pop
363,14,Phantom,Allen Mock,https://open.spotify.com/track/7hX7eKN0PglaprxYdmD6rn,viral-us-weekly-2020-07-23--2020-07-23.csv,July,2020-07-23,30,Viral 50,1FWowTsaucHkPDgmAGGk4T,japanese edm,,
364,15,Free Joe Exotic,Bfb Da Packman,https://open.spotify.com/track/3uzrG1ZgnMeATFf2KgAV6I,viral-us-weekly-2020-07-23--2020-07-23.csv,July,2020-07-23,30,Viral 50,3C1bStPNVIPmGIrORT5OlF,flint hip hop,,
365,16,Weird Fishes,Lianne La Havas,https://open.spotify.com/track/29QmoL1eeQrs6MEfKImfBV,viral-us-weekly-2020-07-23--2020-07-23.csv,July,2020-07-23,30,Viral 50,2RP4pPHTXlQpDnO9LvR7Yt,british soul,indie soul,neo soul
366,17,Hood Baby,KBFR,https://open.spotify.com/track/5au5NgWCdev4WeLRB3YEOR,viral-us-weekly-2020-07-23--2020-07-23.csv,July,2020-07-23,30,Viral 50,0JFjWic1b9Mvv7WcNYhDvZ,viral rap,,
367,18,Rags2Riches (feat. ATR Son Son),Rod Wave,https://open.spotify.com/track/1ENdcyhqdylaLsPVgB83qq,viral-us-weekly-2020-07-23--2020-07-23.csv,July,2020-07-23,30,Viral 50,45TgXXqMDdF8BkjA83OM7z,florida rap,,
368,19,Tap In,Saweetie,https://open.spotify.com/track/4Hpib09wXgD84w4uwTPnYD,viral-us-weekly-2020-07-23--2020-07-23.csv,July,2020-07-23,30,Viral 50,6cK3NBO6uP7hh0oyuVELFl,cali rap,dance pop,pop
369,20,La Trokita,Eslabon Armado,https://open.spotify.com/track/5N1OCw4KTdu1cbcecdSsDM,viral-us-weekly-2020-07-23--2020-07-23.csv,July,2020-07-23,30,Viral 50,0XeEobZplHxzM9QzFQWLiR,corridos tumbados,nuevo regional mexicano,sierreno
370,21,Hey Lover!,Wabie,https://open.spotify.com/track/7rC3P7tpWriaC4hYWKwGQd,viral-us-weekly-2020-07-23--2020-07-23.csv,July,2020-07-23,30,Viral 50,3wOQaMNQU0rbzWyGXIudmE,bedroom pop,,
371,22,Truly Madly Deeply,One Direction,https://open.spotify.com/track/5lgqMorcT2crsPWiYlgec1,viral-us-weekly-2020-07-23--2020-07-23.csv,July,2020-07-23,30,Viral 50,4AK6F7OLvEQ5QYCBNiQWHq,boy band,pop,post-teen pop
372,23,Banana (feat. Shaggy) - DJ FLe - Minisiren Remix,Conkarah,https://open.spotify.com/track/0dZpw3h6KZhcHec61qwevZ,viral-us-weekly-2020-07-23--2020-07-23.csv,July,2020-07-23,30,Viral 50,7vPGzgDg3qGUY5bWtrO3K4,jawaiian,,
373,24,Con Tus Besos,Eslabon Armado,https://open.spotify.com/track/6WYB1odDfMPVMyp1QxFInT,viral-us-weekly-2020-07-23--2020-07-23.csv,July,2020-07-23,30,Viral 50,0XeEobZplHxzM9QzFQWLiR,corridos tumbados,nuevo regional mexicano,sierreno
374,25,Girls in the Hood,Megan Thee Stallion,https://open.spotify.com/track/6WbTTAGKrQtCQvmc5BuYfh,viral-us-weekly-2020-07-23--2020-07-23.csv,July,2020-07-23,30,Viral 50,181bsRPaVXVlUKXrxwZfHK,houston rap,pop,pop rap
375,26,How You Like That,BLACKPINK,https://open.spotify.com/track/3vAn0qZzdyuHamcrpkfiX3,viral-us-weekly-2020-07-23--2020-07-23.csv,July,2020-07-23,30,Viral 50,41MozSoPIsD1dJM0CLPjZF,k-pop,k-pop girl group,
376,27,VICES,Mothica,https://open.spotify.com/track/2cYynEijt5LiNLJkWK1njz,viral-us-weekly-2020-07-23--2020-07-23.csv,July,2020-07-23,30,Viral 50,1JhiIIXT9DWqEU3BYFZwGA,alt z,electropop,indie electropop
377,28,Save Me,Jelly Roll,https://open.spotify.com/track/5ShenzydHxkHm8w6vdJxMT,viral-us-weekly-2020-07-23--2020-07-23.csv,July,2020-07-23,30,Viral 50,19k8AgwwTSxeaxkOuCQEJs,country rap,nashville hip hop,tennessee hip hop
378,29,Looking for Me,Paul Woolford,https://open.spotify.com/track/17bGtGqqaXOgVnhnfx5NlE,viral-us-weekly-2020-07-23--2020-07-23.csv,July,2020-07-23,30,Viral 50,4CA8PTrbq1l5IgyvBA2JSV,deep groove house,house,pop dance
379,30,I See Red,Everybody Loves an Outlaw,https://open.spotify.com/track/5MAK1nd8R6PWnle1Q1WJvh,viral-us-weekly-2020-07-23--2020-07-23.csv,July,2020-07-23,30,Viral 50,5RCWMaArEntbkeWYVxCiFW,modern blues rock,,
380,31,Irresistible,One Direction,https://open.spotify.com/track/7y2SafCBiLoQVBDVZHaVOK,viral-us-weekly-2020-07-23--2020-07-23.csv,July,2020-07-23,30,Viral 50,4AK6F7OLvEQ5QYCBNiQWHq,boy band,pop,post-teen pop
381,32,Djadja (feat. Maluma) - Remix,Aya Nakamura,https://open.spotify.com/track/6AzKhCHOms83jvNVLsz0Bt,viral-us-weekly-2020-07-23--2020-07-23.csv,July,2020-07-23,30,Viral 50,7IlRNXHjoOCgEAWN5qYksg,basshall,francoton,
382,33,money machine,100 gecs,https://open.spotify.com/track/61bwFjzXGG1x2aZsANdLyl,viral-us-weekly-2020-07-23--2020-07-23.csv,July,2020-07-23,30,Viral 50,6PfSUFtkMVoDkx4MQkzOi3,glitchcore,hyperpop,
383,34,Mariposa,Peach Tree Rascals,https://open.spotify.com/track/4ja2gzrNh9VNigzoXfmbwD,viral-us-weekly-2020-07-23--2020-07-23.csv,July,2020-07-23,30,Viral 50,0imE3buPhAowREqCrr4CYe,alternative r&b,chill r&b,indie r&b
384,35,March March,The Chicks,https://open.spotify.com/track/3TCQaTVKBHYMBPVx1sTB8v,viral-us-weekly-2020-07-23--2020-07-23.csv,July,2020-07-23,30,Viral 50,25IG9fa7cbdmCIy3OnuH57,contemporary country,country,country dawn
385,36,Magic,One Direction,https://open.spotify.com/track/7gY8FAYu5zuOzmPBlOec3L,viral-us-weekly-2020-07-23--2020-07-23.csv,July,2020-07-23,30,Viral 50,4AK6F7OLvEQ5QYCBNiQWHq,boy band,pop,post-teen pop
386,37,Eyes Blue Like The Atlantic (feat. Subvrbs),Sista Prod,https://open.spotify.com/track/0qUcpOOna3kkrwfqky85e1,viral-us-weekly-2020-07-23--2020-07-23.csv,July,2020-07-23,30,Viral 50,7cSbcJTJBBSXDjRNR2qD61,,,
387,38,Young,Vacations,https://open.spotify.com/track/0cjclnXBEihsvHLuqJzpJr,viral-us-weekly-2020-07-23--2020-07-23.csv,July,2020-07-23,30,Viral 50,0U7iI0Dk4Ojvi17nZboNO4,indie garage rock,newcastle nsw indie,
388,39,GO (feat. Juice WRLD),The Kid LAROI,https://open.spotify.com/track/2t7D3y0jvYjR8IP9Bosyew,viral-us-weekly-2020-07-23--2020-07-23.csv,July,2020-07-23,30,Viral 50,2tIP7SsRs7vjIcLrU85W8J,australian hip hop,,
389,40,Go Crazy,Chris Brown,https://open.spotify.com/track/1IIKrJVP1C9N7iPtG6eOsK,viral-us-weekly-2020-07-23--2020-07-23.csv,July,2020-07-23,30,Viral 50,7bXgB6jMjp9ATFy66eO08Z,dance pop,pop,pop rap
390,41,SAD - Imanbek xxx Remix,Rasster,https://open.spotify.com/track/4x5ymi4akay9Fq5Xm1PW3E,viral-us-weekly-2020-07-23--2020-07-23.csv,July,2020-07-23,30,Viral 50,3LVYHgfHgCTy3QSRt5kKQg,,,
391,42,Labios Rojos,LDNE,https://open.spotify.com/track/1zF5Jr9yPDKkT1ghsNMale,viral-us-weekly-2020-07-23--2020-07-23.csv,July,2020-07-23,30,Viral 50,5hkcGbdTv8nC62vVT7RJmZ,corrido,corridos tumbados,nuevo regional mexicano
392,43,La Curiosidad,Jay Wheeler,https://open.spotify.com/track/4HYDUMY0xSpeBr0AMY9cUz,viral-us-weekly-2020-07-23--2020-07-23.csv,July,2020-07-23,30,Viral 50,2cPqdH7XMvwaBJEVjheH8g,reggaeton,trap latino,
393,44,Home for the Summer,Sara Kays,https://open.spotify.com/track/6zHP0OCcZYtxumAqmRuIXk,viral-us-weekly-2020-07-23--2020-07-23.csv,July,2020-07-23,30,Viral 50,7Lk9V7E1u5gqSHmtcKlOqH,alt z,indie cafe pop,modern indie pop
394,45,Thank You Lord (feat.Thomas Rhett & Florida Georgia Line),Chris Tomlin,https://open.spotify.com/track/6zN6wjHO3ALVCIQQhSqqqN,viral-us-weekly-2020-07-23--2020-07-23.csv,July,2020-07-23,30,Viral 50,6pRi6EIPXz4QJEOEsBaA0m,ccm,christian alternative rock,christian music
395,46,Past Life (with Selena Gomez),Trevor Daniel,https://open.spotify.com/track/4P6IttK2PRBjyr3fm0pP7t,viral-us-weekly-2020-07-23--2020-07-23.csv,July,2020-07-23,30,Viral 50,7uaIm6Pw7xplS8Dy06V6pT,alternative r&b,melodic rap,pop rap
396,47,Судно (Борис Рижий),Molchat Doma,https://open.spotify.com/track/6DONTnamNDOJdO6DzCu71p,viral-us-weekly-2020-07-23--2020-07-23.csv,July,2020-07-23,30,Viral 50,1nVq0hKIVReeaiB3xJgKf0,belarusian indie,russian post-punk,sovietwave
397,48,Renee,SALES,https://open.spotify.com/track/5MeUMSRreLHYLhw8ZTyqpk,viral-us-weekly-2020-07-23--2020-07-23.csv,July,2020-07-23,30,Viral 50,6vVztIuqdDHvYWxOEXCzjN,indie pop,orlando indie,
398,49,"PORFA Remix ( Feat. Maluma, Nicky Jam, Sech) - Remix",Feid,https://open.spotify.com/track/7lUdbnz7wsv3C9zzf4WHl9,viral-us-weekly-2020-07-23--2020-07-23.csv,July,2020-07-23,30,Viral 50,2LRoIwlKmHjgvigdNGBHNo,colombian pop,latin,pop reggaeton
399,50,Baby,Eslabon Armado,https://open.spotify.com/track/3lbCkWmaQKphoT2ZWdQrQs,viral-us-weekly-2020-07-23--2020-07-23.csv,July,2020-07-23,30,Viral 50,0XeEobZplHxzM9QzFQWLiR,corridos tumbados,nuevo regional mexicano,sierreno
