,Unnamed: 0,Unnamed: 0.1,Position,Track Name,Artist,URL,Filename,Month,Week Number,Type,Date,Artist ID,Genre 1,Genre 2,Genre 3
0,0,0,1,Mad at Disney,salem ilese,https://open.spotify.com/track/7aGyRfJWtLqgJaZoG9lJhE,viral-us-weekly-2020-09-03--2020-09-03.csv,September,36,Viral 50,2020-09-03,3QJUFtGBGL05vo0kCJZsmT,alt z,modern indie pop,social media pop
1,1,1,2,WAP (feat. Megan Thee Stallion),Cardi B,https://open.spotify.com/track/4Oun2ylbjFKMPTiaSbbCih,viral-us-weekly-2020-09-03--2020-09-03.csv,September,36,Viral 50,2020-09-03,4kYSro6naA4h99UJvo89HB,pop,pop rap,post-teen pop
2,2,2,3,Mood (feat. iann dior),24kGoldn,https://open.spotify.com/track/3tjFYV6RSFtuktYl3ZtYcq,viral-us-weekly-2020-09-03--2020-09-03.csv,September,36,Viral 50,2020-09-03,6fWVd57NKTalqvmjRd2t8Z,cali rap,unspecified,unspecified
3,3,3,4,3 Musketeers,NextYoungin,https://open.spotify.com/track/57Oi4yqY27uJzCyqFWIP5q,viral-us-weekly-2020-09-03--2020-09-03.csv,September,36,Viral 50,2020-09-03,2u1aL8XADqj0nJFHMKRjNw,viral rap,unspecified,unspecified
4,4,4,5,Backyard Boy,Claire Rosinkranz,https://open.spotify.com/track/0QpOqKz66ZxHNqj2PPHiFF,viral-us-weekly-2020-09-03--2020-09-03.csv,September,36,Viral 50,2020-09-03,3V0ZQW0dNuVaFtbVYgSI24,modern indie pop,unspecified,unspecified
5,5,5,6,F2020,Avenue Beat,https://open.spotify.com/track/7opTGnWVJcm1e5mWWOldpg,viral-us-weekly-2020-09-03--2020-09-03.csv,September,36,Viral 50,2020-09-03,1htYtUdXVMwR6HCSs821Lc,alt z,unspecified,unspecified
6,6,6,7,Ashes,Stellar,https://open.spotify.com/track/2NeyJbL3ROKCjRkAjs77ya,viral-us-weekly-2020-09-03--2020-09-03.csv,September,36,Viral 50,2020-09-03,5yw4tA8D5uG7tT3NaDvq10,social media pop,unspecified,unspecified
7,7,7,8,Eyes Blue Like The Atlantic (feat. Subvrbs),Sista Prod,https://open.spotify.com/track/0qUcpOOna3kkrwfqky85e1,viral-us-weekly-2020-09-03--2020-09-03.csv,September,36,Viral 50,2020-09-03,7cSbcJTJBBSXDjRNR2qD61,unspecified,unspecified,unspecified
8,8,8,9,my ex's best friend (with blackbear),Machine Gun Kelly,https://open.spotify.com/track/70rFIfYN7lU6iTgUIVP42w,viral-us-weekly-2020-09-03--2020-09-03.csv,September,36,Viral 50,2020-09-03,6TIYQ3jFPwQSRmorSezPxX,ohio hip hop,pop rap,unspecified
9,9,9,10,Hawái,Maluma,https://open.spotify.com/track/1yoMvmasuxZfqHEipJhRbp,viral-us-weekly-2020-09-03--2020-09-03.csv,September,36,Viral 50,2020-09-03,1r4hJ1h58CWwUQe3MxPuau,latin,reggaeton,reggaeton colombiano
10,10,10,11,Overwhelmed,Royal & the Serpent,https://open.spotify.com/track/5jjZikDrEd0by1o7V3fO4y,viral-us-weekly-2020-09-03--2020-09-03.csv,September,36,Viral 50,2020-09-03,64EHXDoln95lnccszdPum0,alt z,indie electropop,modern alternative pop
11,11,11,12,Heather,Conan Gray,https://open.spotify.com/track/4xqrdfXkTW4T0RauPLv3WA,viral-us-weekly-2020-09-03--2020-09-03.csv,September,36,Viral 50,2020-09-03,4Uc8Dsxct0oMqx0P6i60ea,alt z,bedroom pop,electropop
12,12,12,13,Banks,NEEDTOBREATHE,https://open.spotify.com/track/49UfoZosKBdiE9D1aR3ErY,viral-us-weekly-2020-09-03--2020-09-03.csv,September,36,Viral 50,2020-09-03,610EjgFatGvVPtib97jQ8G,acoustic pop,ccm,christian alternative rock
13,13,13,14,Stuck in the Middle,Tai Verdes,https://open.spotify.com/track/2HQPOVBAOU2EBTy1nBGRiW,viral-us-weekly-2020-09-03--2020-09-03.csv,September,36,Viral 50,2020-09-03,2kCO8LXN1usaOPL3iEE28I,modern indie pop,unspecified,unspecified
14,14,14,15,DDLG,ppcocaine,https://open.spotify.com/track/42dtq3bqOCzD0L2kITk4Dp,viral-us-weekly-2020-09-03--2020-09-03.csv,September,36,Viral 50,2020-09-03,2u1aL8XADqj0nJFHMKRjNw,viral rap,unspecified,unspecified
15,15,15,16,Brace Yourself,zenorachi,https://open.spotify.com/track/6YMjTao59i1kRdmYlB33N8,viral-us-weekly-2020-09-03--2020-09-03.csv,September,36,Viral 50,2020-09-03,0LSJVfOGq9hf7G9qKAyOug,viral rap,unspecified,unspecified
16,16,16,17,Just About Over You,Priscilla Block,https://open.spotify.com/track/6VzJCMOzVbvb25LPYQviM5,viral-us-weekly-2020-09-03--2020-09-03.csv,September,36,Viral 50,2020-09-03,6BpvASijzSWj7gnZD4Dvf1,contemporary country,country pop,unspecified
17,17,17,18,PJ,ppcocaine,https://open.spotify.com/track/1qxnmVbl8To9W9BcbTS8yC,viral-us-weekly-2020-09-03--2020-09-03.csv,September,36,Viral 50,2020-09-03,2u1aL8XADqj0nJFHMKRjNw,viral rap,unspecified,unspecified
18,18,18,19,Coochie,YN Jay,https://open.spotify.com/track/2UM09BKxJ3NM8qNxzNSdXV,viral-us-weekly-2020-09-03--2020-09-03.csv,September,36,Viral 50,2020-09-03,3gIWD9hK0VEhgsSrLu19PU,flint hip hop,viral rap,unspecified
19,19,19,20,Surf Swag,Lil Wayne,https://open.spotify.com/track/56ehF3tXMjwLJkAmuKzRE2,viral-us-weekly-2020-09-03--2020-09-03.csv,September,36,Viral 50,2020-09-03,55Aa2cqylxrFIXC767Z865,hip hop,new orleans rap,pop rap
20,20,20,21,Put Your Records On,Ritt Momney,https://open.spotify.com/track/1fah1uAs7HeTYDlNftKr3K,viral-us-weekly-2020-09-03--2020-09-03.csv,September,36,Viral 50,2020-09-03,7MPGCB854Qo4alYMOPkBka,bedroom pop,unspecified,unspecified
21,21,21,22,Such a Whore (Stellular Remix),JVLA,https://open.spotify.com/track/6A25J9As7towpxovYryAWr,viral-us-weekly-2020-09-03--2020-09-03.csv,September,36,Viral 50,2020-09-03,24D8gx0257CDd1HAuqNuHu,viral rap,unspecified,unspecified
22,22,22,23,Hai Domo,Cao White,https://open.spotify.com/track/5vOwis62qEz4avzkppHHL5,viral-us-weekly-2020-09-03--2020-09-03.csv,September,36,Viral 50,2020-09-03,7Ifh6z0Ibeuqmtf6RnGt2w,glitchcore,unspecified,unspecified
23,23,23,24,Buss It,Erica Banks,https://open.spotify.com/track/6NWdgyVsjp2bJ11PToXCr1,viral-us-weekly-2020-09-03--2020-09-03.csv,September,36,Viral 50,2020-09-03,2SXhbucehn00OBVKhzxDyM,trap queen,viral rap,unspecified
24,24,24,25,Pussy Talk,City Girls,https://open.spotify.com/track/5EzL7hGT9g2Tvqsy158Lu9,viral-us-weekly-2020-09-03--2020-09-03.csv,September,36,Viral 50,2020-09-03,37hAfseJWi0G3Scife12Il,dance pop,pop,pop rap
25,25,25,26,Mood Swings (feat. Lil Tjay),Pop Smoke,https://open.spotify.com/track/5rZlwNFl01HqLWBQGryKSm,viral-us-weekly-2020-09-03--2020-09-03.csv,September,36,Viral 50,2020-09-03,0eDvMgVFoNV3TpwtrVCoTj,brooklyn drill,unspecified,unspecified
26,26,26,27,blind,ROLE MODEL,https://open.spotify.com/track/6d1ffV5RisInvrDxkLgBxe,viral-us-weekly-2020-09-03--2020-09-03.csv,September,36,Viral 50,2020-09-03,1dy5WNgIKQU6ezkpZs4y8z,alt z,alternative r&b,bedroom pop
27,27,27,28,Mr Loverman,Ricky Montgomery,https://open.spotify.com/track/0MF5QHFzTUM2dYm6J7Vngt,viral-us-weekly-2020-09-03--2020-09-03.csv,September,36,Viral 50,2020-09-03,0ZUvK7zGdXLd78mQr3t1Tw,alt z,indie pop,la indie
28,28,28,29,Head & Heart (feat. MNEK),Joel Corry,https://open.spotify.com/track/6cx06DFPPHchuUAcTxznu9,viral-us-weekly-2020-09-03--2020-09-03.csv,September,36,Viral 50,2020-09-03,6DgP9otnZw5z6daOntINxp,dance pop,edm,house
29,29,29,30,Smile (with The Weeknd),Juice WRLD,https://open.spotify.com/track/6wQlQrTY5mVS8EGaFZVwVF,viral-us-weekly-2020-09-03--2020-09-03.csv,September,36,Viral 50,2020-09-03,4MCBfE4596Uoi2O4DtmEMz,chicago rap,melodic rap,unspecified
30,30,30,31,TWIST & TURN (feat. Drake & PARTYNEXTDOOR),Popcaan,https://open.spotify.com/track/24SDeYAeTFda8OUzVI1VR6,viral-us-weekly-2020-09-03--2020-09-03.csv,September,36,Viral 50,2020-09-03,62DmErcU7dqZbJaDqwsqzR,dancehall,reggae fusion,unspecified
31,31,31,32,Things A Man Oughta Know,Lainey Wilson,https://open.spotify.com/track/7cwKO3SvjCpTyLiIWfnxpx,viral-us-weekly-2020-09-03--2020-09-03.csv,September,36,Viral 50,2020-09-03,6tPHARSq45lQ8BSALCfkFC,contemporary country,country pop,unspecified
32,32,32,33,Still Don't Know My Name,Labrinth,https://open.spotify.com/track/6N22FZs2ZhPBYi3b9XPajV,viral-us-weekly-2020-09-03--2020-09-03.csv,September,36,Viral 50,2020-09-03,2feDdbD5araYcm6JhFHHw7,indie poptimism,pop,post-teen pop
33,33,33,34,"Agua (with J Balvin) - Music From ""Sponge On The Run"" Movie",Tainy,https://open.spotify.com/track/1pqnQ41XbfKjaFu6M0eGJp,viral-us-weekly-2020-09-03--2020-09-03.csv,September,36,Viral 50,2020-09-03,0GM7qgcRCORpGnfcN2tCiB,latin,latin hip hop,latin pop
34,34,34,35,Heat Waves,Glass Animals,https://open.spotify.com/track/02MWAaffLxlfxAUY7c5dvx,viral-us-weekly-2020-09-03--2020-09-03.csv,September,36,Viral 50,2020-09-03,4yvcSjfu4PC0CYQyLy4wSq,gauze pop,indietronica,shiver pop
35,35,35,36,Douha (Mali Mali),Disclosure,https://open.spotify.com/track/33J9lmeViWXN0Le0vWRyjc,viral-us-weekly-2020-09-03--2020-09-03.csv,September,36,Viral 50,2020-09-03,6nS5roXSAGhTGr34W6n7Et,house,pop,uk dance
36,36,36,37,Shoes,Lil Wayne,https://open.spotify.com/track/5yHevmbP3PEex0kxP2cBc5,viral-us-weekly-2020-09-03--2020-09-03.csv,September,36,Viral 50,2020-09-03,55Aa2cqylxrFIXC767Z865,hip hop,new orleans rap,pop rap
37,37,37,38,Mi Cuarto,Jerry Di,https://open.spotify.com/track/6fmQjRuo7XvRFCK2qex5hQ,viral-us-weekly-2020-09-03--2020-09-03.csv,September,36,Viral 50,2020-09-03,7f02bxFbZIOVdSbYRNYvLT,cubaton,pop venezolano,reggaeton
38,38,38,39,Monte Carlo,Remi Wolf,https://open.spotify.com/track/3CXCtE8qJIFtUJJZRKCcXC,viral-us-weekly-2020-09-03--2020-09-03.csv,September,36,Viral 50,2020-09-03,0NB5HROxc8dDBXpkIi1v3d,alternative r&b,indie pop,indie r&b
39,39,39,40,You Got It,Vedo,https://open.spotify.com/track/4lsHZ92XCFOQfzJFBTluk8,viral-us-weekly-2020-09-03--2020-09-03.csv,September,36,Viral 50,2020-09-03,3wVXTWabe3viT0jF7DfjOL,pop r&b,r&b,unspecified
40,40,40,41,Be Like That - feat. Swae Lee & Khalid,Kane Brown,https://open.spotify.com/track/5f1joOtoMeyppIcJGZQvqJ,viral-us-weekly-2020-09-03--2020-09-03.csv,September,36,Viral 50,2020-09-03,3oSJ7TBVCWMDMiYjXNiCKE,contemporary country,country,country road
41,41,41,42,Wildfire,Nate Smith,https://open.spotify.com/track/21HxYsyuuXZNqB1Dme5PQN,viral-us-weekly-2020-09-03--2020-09-03.csv,September,36,Viral 50,2020-09-03,4NYMUsIcUUsBHbV9DICa5x,unspecified,unspecified,unspecified
42,42,42,43,Pain,Nessa Barrett,https://open.spotify.com/track/1vwTCUJxmGlTuClU5YLfJA,viral-us-weekly-2020-09-03--2020-09-03.csv,September,36,Viral 50,2020-09-03,7pwufEBGfggjoI8twqlsmQ,social media pop,unspecified,unspecified
43,43,43,44,Kismet,WHOKILLEDXIX,https://open.spotify.com/track/24hPnL2Yr82INEk0YUWCJr,viral-us-weekly-2020-09-03--2020-09-03.csv,September,36,Viral 50,2020-09-03,0RSogp4qeGu0ZM71JRTay3,glitchcore,unspecified,unspecified
44,44,44,45,Save Me,Jelly Roll,https://open.spotify.com/track/5ShenzydHxkHm8w6vdJxMT,viral-us-weekly-2020-09-03--2020-09-03.csv,September,36,Viral 50,2020-09-03,19k8AgwwTSxeaxkOuCQEJs,country rap,nashville hip hop,tennessee hip hop
45,45,45,46,you broke me first,Tate McRae,https://open.spotify.com/track/45bE4HXI0AwGZXfZtMp8JR,viral-us-weekly-2020-09-03--2020-09-03.csv,September,36,Viral 50,2020-09-03,45dkTj5sMRSjrmBSBeiHym,alt z,dance pop,electropop
46,46,46,47,Muwop (feat. Gucci Mane),Mulatto,https://open.spotify.com/track/231WYcXWUxYSx79tuPtzBk,viral-us-weekly-2020-09-03--2020-09-03.csv,September,36,Viral 50,2020-09-03,3MdXrJWsbVzdn6fe5JYkSQ,pop,pop r&b,r&b
47,47,47,48,Cowpoke,Colter Wall,https://open.spotify.com/track/1FJDhcC36CbA16lMIxgT1F,viral-us-weekly-2020-09-03--2020-09-03.csv,September,36,Viral 50,2020-09-03,3xYXYzm9H3RzyQgBrYwIcx,canadian americana,canadian contemporary country,outlaw country
48,48,48,49,Obnimi (Callmearco Remix),Okean Elzi,https://open.spotify.com/track/1ZbJScG0Dr74y1hvgDneYm,viral-us-weekly-2020-09-03--2020-09-03.csv,September,36,Viral 50,2020-09-03,20V4dlQgbJH5dFBr2edJBC,viral rap,unspecified,unspecified
49,49,49,50,For The Night (feat. Lil Baby & DaBaby),Pop Smoke,https://open.spotify.com/track/0PvFJmanyNQMseIFrU708S,viral-us-weekly-2020-09-03--2020-09-03.csv,September,36,Viral 50,2020-09-03,0eDvMgVFoNV3TpwtrVCoTj,brooklyn drill,unspecified,unspecified
50,50,0,1,Mad at Disney,salem ilese,https://open.spotify.com/track/7aGyRfJWtLqgJaZoG9lJhE,viral-us-weekly-2020-09-10--2020-09-10.csv,September,37,Viral 50,2020-09-10,3QJUFtGBGL05vo0kCJZsmT,alt z,modern indie pop,social media pop
51,51,1,2,Whole Lotta Choppas,Sada Baby,https://open.spotify.com/track/6hLZzCS4E7AWo3PRBWy6az,viral-us-weekly-2020-09-10--2020-09-10.csv,September,37,Viral 50,2020-09-10,2JSwnwAT1BupAQkhqcRCUw,detroit trap,scam rap,trap
52,52,2,3,"Lemonade (feat. Gunna, Don Toliver & NAV)",Internet Money,https://open.spotify.com/track/2DQNYMRjisN3KAPj1bEwOI,viral-us-weekly-2020-09-10--2020-09-10.csv,September,37,Viral 50,2020-09-10,6MPCFvOQv5cIGfw3jODMF0,pop rap,rap,trap
53,53,3,4,Put Your Records On,Ritt Momney,https://open.spotify.com/track/1fah1uAs7HeTYDlNftKr3K,viral-us-weekly-2020-09-10--2020-09-10.csv,September,37,Viral 50,2020-09-10,7MPGCB854Qo4alYMOPkBka,bedroom pop,unspecified,unspecified
54,54,4,5,Sálvame,RBD,https://open.spotify.com/track/3hbTkJ0yFzHbawnKyhvTQj,viral-us-weekly-2020-09-10--2020-09-10.csv,September,37,Viral 50,2020-09-10,7cjh6y0V9SsyCrWSXTzwOs,latin,latin pop,pop
55,55,5,6,Throat Baby (Go Baby),BRS Kash,https://open.spotify.com/track/31iqpzg1ZXLLgq0L5iIwLe,viral-us-weekly-2020-09-10--2020-09-10.csv,September,37,Viral 50,2020-09-10,5jJjvmEwRr8epuGZq4eUUa,unspecified,unspecified,unspecified
56,56,6,7,WAP (feat. Megan Thee Stallion),Cardi B,https://open.spotify.com/track/4Oun2ylbjFKMPTiaSbbCih,viral-us-weekly-2020-09-10--2020-09-10.csv,September,37,Viral 50,2020-09-10,4kYSro6naA4h99UJvo89HB,pop,pop rap,post-teen pop
57,57,7,8,Mood (feat. iann dior),24kGoldn,https://open.spotify.com/track/3tjFYV6RSFtuktYl3ZtYcq,viral-us-weekly-2020-09-10--2020-09-10.csv,September,37,Viral 50,2020-09-10,6fWVd57NKTalqvmjRd2t8Z,cali rap,unspecified,unspecified
58,58,8,9,You Got It,Vedo,https://open.spotify.com/track/4lsHZ92XCFOQfzJFBTluk8,viral-us-weekly-2020-09-10--2020-09-10.csv,September,37,Viral 50,2020-09-10,3wVXTWabe3viT0jF7DfjOL,pop r&b,r&b,unspecified
59,59,9,10,Losing You,WONHO,https://open.spotify.com/track/2Bk8jjFB0FfAFYUIxihOnG,viral-us-weekly-2020-09-10--2020-09-10.csv,September,37,Viral 50,2020-09-10,6pC3vnUgNVITdYMMXefi6D,k-pop,unspecified,unspecified
60,60,10,11,Solo Quédate En Silencio,RBD,https://open.spotify.com/track/2RJ1fg4qf2vgZKifTa4HgA,viral-us-weekly-2020-09-10--2020-09-10.csv,September,37,Viral 50,2020-09-10,7cjh6y0V9SsyCrWSXTzwOs,latin,latin pop,pop
61,61,11,12,Rebelde,RBD,https://open.spotify.com/track/56tOMi4N980gmsdUoyaLb3,viral-us-weekly-2020-09-10--2020-09-10.csv,September,37,Viral 50,2020-09-10,7cjh6y0V9SsyCrWSXTzwOs,latin,latin pop,pop
62,62,12,13,Este Corazón,RBD,https://open.spotify.com/track/0bMVCO35RJiUhAfvFsLjIF,viral-us-weekly-2020-09-10--2020-09-10.csv,September,37,Viral 50,2020-09-10,7cjh6y0V9SsyCrWSXTzwOs,latin,latin pop,pop
63,63,13,14,Stuck in the Middle,Tai Verdes,https://open.spotify.com/track/2HQPOVBAOU2EBTy1nBGRiW,viral-us-weekly-2020-09-10--2020-09-10.csv,September,37,Viral 50,2020-09-10,2kCO8LXN1usaOPL3iEE28I,modern indie pop,unspecified,unspecified
64,64,14,15,Nuestro Amor,RBD,https://open.spotify.com/track/7F7qwp7VZRVwZsNoddRRgX,viral-us-weekly-2020-09-10--2020-09-10.csv,September,37,Viral 50,2020-09-10,7cjh6y0V9SsyCrWSXTzwOs,latin,latin pop,pop
65,65,15,16,Ashes,Stellar,https://open.spotify.com/track/2NeyJbL3ROKCjRkAjs77ya,viral-us-weekly-2020-09-10--2020-09-10.csv,September,37,Viral 50,2020-09-10,5yw4tA8D5uG7tT3NaDvq10,social media pop,unspecified,unspecified
66,66,16,17,Heather,Conan Gray,https://open.spotify.com/track/4xqrdfXkTW4T0RauPLv3WA,viral-us-weekly-2020-09-10--2020-09-10.csv,September,37,Viral 50,2020-09-10,4Uc8Dsxct0oMqx0P6i60ea,alt z,bedroom pop,electropop
67,67,17,18,3 Musketeers,NextYoungin,https://open.spotify.com/track/57Oi4yqY27uJzCyqFWIP5q,viral-us-weekly-2020-09-10--2020-09-10.csv,September,37,Viral 50,2020-09-10,2u1aL8XADqj0nJFHMKRjNw,viral rap,unspecified,unspecified
68,68,18,19,Eyes Blue Like The Atlantic (feat. Subvrbs),Sista Prod,https://open.spotify.com/track/0qUcpOOna3kkrwfqky85e1,viral-us-weekly-2020-09-10--2020-09-10.csv,September,37,Viral 50,2020-09-10,7cSbcJTJBBSXDjRNR2qD61,unspecified,unspecified,unspecified
69,69,19,20,Daisy,Ashnikko,https://open.spotify.com/track/0AUvWawuP0ibk4SQ3sIZjk,viral-us-weekly-2020-09-10--2020-09-10.csv,September,37,Viral 50,2020-09-10,3PyJHH2wyfQK3WZrk9rpmP,alt z,electropop,escape room
70,70,20,21,This Side of Paradise,Coyote Theory,https://open.spotify.com/track/3sgf2a905hjZ81tXYytY6i,viral-us-weekly-2020-09-10--2020-09-10.csv,September,37,Viral 50,2020-09-10,48vmXfV0QPy3ljXBp81Fwn,unspecified,unspecified,unspecified
71,71,21,22,Backyard Boy,Claire Rosinkranz,https://open.spotify.com/track/0QpOqKz66ZxHNqj2PPHiFF,viral-us-weekly-2020-09-10--2020-09-10.csv,September,37,Viral 50,2020-09-10,3V0ZQW0dNuVaFtbVYgSI24,modern indie pop,unspecified,unspecified
72,72,22,23,"Eyes Blue Like The Atlantic, Pt. 2 (feat. Powfu, Alec Benjamin & Rxseboy)",Sista Prod,https://open.spotify.com/track/1eCTQhsNA31FcwyNcJcf86,viral-us-weekly-2020-09-10--2020-09-10.csv,September,37,Viral 50,2020-09-10,7cSbcJTJBBSXDjRNR2qD61,unspecified,unspecified,unspecified
73,73,23,24,Ser O Parecer,RBD,https://open.spotify.com/track/5sgvzXoYFCr5F5tUZdAA20,viral-us-weekly-2020-09-10--2020-09-10.csv,September,37,Viral 50,2020-09-10,7cjh6y0V9SsyCrWSXTzwOs,latin,latin pop,pop
74,74,24,25,Overwhelmed,Royal & the Serpent,https://open.spotify.com/track/5jjZikDrEd0by1o7V3fO4y,viral-us-weekly-2020-09-10--2020-09-10.csv,September,37,Viral 50,2020-09-10,64EHXDoln95lnccszdPum0,alt z,indie electropop,modern alternative pop
75,75,25,26,Enséñame,RBD,https://open.spotify.com/track/3eo3Dw5OGSWCzJDVHLKE3v,viral-us-weekly-2020-09-10--2020-09-10.csv,September,37,Viral 50,2020-09-10,7cjh6y0V9SsyCrWSXTzwOs,latin,latin pop,pop
76,76,26,27,Hawái,Maluma,https://open.spotify.com/track/1yoMvmasuxZfqHEipJhRbp,viral-us-weekly-2020-09-10--2020-09-10.csv,September,37,Viral 50,2020-09-10,1r4hJ1h58CWwUQe3MxPuau,latin,reggaeton,reggaeton colombiano
77,77,27,28,Un Poco De Tu Amor,RBD,https://open.spotify.com/track/64mK5Yd0rdGeXVkMFspEyt,viral-us-weekly-2020-09-10--2020-09-10.csv,September,37,Viral 50,2020-09-10,7cjh6y0V9SsyCrWSXTzwOs,latin,latin pop,pop
78,78,28,29,24 (feat. Lil Baby),Money Man,https://open.spotify.com/track/0xUvi7wldroBzaZCengPa5,viral-us-weekly-2020-09-10--2020-09-10.csv,September,37,Viral 50,2020-09-10,3Rx4PJ7SP6unkOk5elPUK7,atl trap,rap,southern hip hop
79,79,29,30,my ex's best friend (with blackbear),Machine Gun Kelly,https://open.spotify.com/track/70rFIfYN7lU6iTgUIVP42w,viral-us-weekly-2020-09-10--2020-09-10.csv,September,37,Viral 50,2020-09-10,6TIYQ3jFPwQSRmorSezPxX,ohio hip hop,pop rap,unspecified
80,80,30,31,GIVE HEAVEN SOME HELL,HARDY,https://open.spotify.com/track/2bVeUlOC5JjTpkQXuUUoYm,viral-us-weekly-2020-09-10--2020-09-10.csv,September,37,Viral 50,2020-09-10,5QNm7E7RU2m64l6Gliu8Oy,contemporary country,unspecified,unspecified
81,81,31,32,Aún Hay Algo,RBD,https://open.spotify.com/track/6fqpsCQ7jF7OgQolXgYovX,viral-us-weekly-2020-09-10--2020-09-10.csv,September,37,Viral 50,2020-09-10,7cjh6y0V9SsyCrWSXTzwOs,latin,latin pop,pop
82,82,32,33,Midnight Sky,Miley Cyrus,https://open.spotify.com/track/27ycaQnQAxaPiyeg3nr2aB,viral-us-weekly-2020-09-10--2020-09-10.csv,September,37,Viral 50,2020-09-10,5YGY8feqx7naU7z4HrwZM6,dance pop,pop,post-teen pop
83,83,33,34,F2020,Avenue Beat,https://open.spotify.com/track/7opTGnWVJcm1e5mWWOldpg,viral-us-weekly-2020-09-10--2020-09-10.csv,September,37,Viral 50,2020-09-10,1htYtUdXVMwR6HCSs821Lc,alt z,unspecified,unspecified
84,84,34,35,7 Summers,Morgan Wallen,https://open.spotify.com/track/0tbjiOUl4k492KPdWZS9sy,viral-us-weekly-2020-09-10--2020-09-10.csv,September,37,Viral 50,2020-09-10,4oUHIQIBe0LHzYfvXNW4QM,contemporary country,unspecified,unspecified
85,85,35,36,Laugh Now Cry Later (feat. Lil Durk),Drake,https://open.spotify.com/track/2SAqBLGA283SUiwJ3xOUVI,viral-us-weekly-2020-09-10--2020-09-10.csv,September,37,Viral 50,2020-09-10,3TVXtAsR1Inumwj472S9r4,canadian hip hop,canadian pop,hip hop
86,86,36,37,Mr Loverman,Ricky Montgomery,https://open.spotify.com/track/0MF5QHFzTUM2dYm6J7Vngt,viral-us-weekly-2020-09-10--2020-09-10.csv,September,37,Viral 50,2020-09-10,0ZUvK7zGdXLd78mQr3t1Tw,alt z,indie pop,la indie
87,87,37,38,DDLG,ppcocaine,https://open.spotify.com/track/42dtq3bqOCzD0L2kITk4Dp,viral-us-weekly-2020-09-10--2020-09-10.csv,September,37,Viral 50,2020-09-10,2u1aL8XADqj0nJFHMKRjNw,viral rap,unspecified,unspecified
88,88,38,39,ALL GIRLS ARE THE SAME,RØNIN,https://open.spotify.com/track/4xhWfr0tyA7BGL7eXo8KnV,viral-us-weekly-2020-09-10--2020-09-10.csv,September,37,Viral 50,2020-09-10,5AueQd01cgyqBRQ82ns5cd,sad rap,unspecified,unspecified
89,89,39,40,Michelle,Sir Chloe,https://open.spotify.com/track/3sa1wUB8FAkoH95MGPGBWI,viral-us-weekly-2020-09-10--2020-09-10.csv,September,37,Viral 50,2020-09-10,6rniTPs9zN26kYnkPdFl1U,indie pop,modern rock,unspecified
90,90,40,41,Hai Domo,Cao White,https://open.spotify.com/track/5vOwis62qEz4avzkppHHL5,viral-us-weekly-2020-09-10--2020-09-10.csv,September,37,Viral 50,2020-09-10,7Ifh6z0Ibeuqmtf6RnGt2w,glitchcore,unspecified,unspecified
91,91,41,42,Head & Heart (feat. MNEK),Joel Corry,https://open.spotify.com/track/6cx06DFPPHchuUAcTxznu9,viral-us-weekly-2020-09-10--2020-09-10.csv,September,37,Viral 50,2020-09-10,6DgP9otnZw5z6daOntINxp,dance pop,edm,house
92,92,42,43,PJ,ppcocaine,https://open.spotify.com/track/1qxnmVbl8To9W9BcbTS8yC,viral-us-weekly-2020-09-10--2020-09-10.csv,September,37,Viral 50,2020-09-10,2u1aL8XADqj0nJFHMKRjNw,viral rap,unspecified,unspecified
93,93,43,44,Things A Man Oughta Know,Lainey Wilson,https://open.spotify.com/track/7cwKO3SvjCpTyLiIWfnxpx,viral-us-weekly-2020-09-10--2020-09-10.csv,September,37,Viral 50,2020-09-10,6tPHARSq45lQ8BSALCfkFC,contemporary country,country pop,unspecified
94,94,44,45,Mi Cuarto,Jerry Di,https://open.spotify.com/track/6fmQjRuo7XvRFCK2qex5hQ,viral-us-weekly-2020-09-10--2020-09-10.csv,September,37,Viral 50,2020-09-10,7f02bxFbZIOVdSbYRNYvLT,cubaton,pop venezolano,reggaeton
95,95,45,46,Just About Over You,Priscilla Block,https://open.spotify.com/track/6VzJCMOzVbvb25LPYQviM5,viral-us-weekly-2020-09-10--2020-09-10.csv,September,37,Viral 50,2020-09-10,6BpvASijzSWj7gnZD4Dvf1,contemporary country,country pop,unspecified
96,96,46,47,Such a Whore (Stellular Remix),JVLA,https://open.spotify.com/track/6A25J9As7towpxovYryAWr,viral-us-weekly-2020-09-10--2020-09-10.csv,September,37,Viral 50,2020-09-10,24D8gx0257CDd1HAuqNuHu,viral rap,unspecified,unspecified
97,97,47,48,Pussy Talk,City Girls,https://open.spotify.com/track/5EzL7hGT9g2Tvqsy158Lu9,viral-us-weekly-2020-09-10--2020-09-10.csv,September,37,Viral 50,2020-09-10,37hAfseJWi0G3Scife12Il,dance pop,pop,pop rap
98,98,48,49,Coochie,YN Jay,https://open.spotify.com/track/2UM09BKxJ3NM8qNxzNSdXV,viral-us-weekly-2020-09-10--2020-09-10.csv,September,37,Viral 50,2020-09-10,3gIWD9hK0VEhgsSrLu19PU,flint hip hop,viral rap,unspecified
99,99,49,50,Brace Yourself,zenorachi,https://open.spotify.com/track/6YMjTao59i1kRdmYlB33N8,viral-us-weekly-2020-09-10--2020-09-10.csv,September,37,Viral 50,2020-09-10,0LSJVfOGq9hf7G9qKAyOug,viral rap,unspecified,unspecified
100,100,0,1,Lets Link,WhoHeem,https://open.spotify.com/track/6fMzgFFGzWCwiHMzDzNpp5,viral-us-weekly-2020-09-17--2020-09-17.csv,September,38,Viral 50,2020-09-17,5KYEMMz9O9iLIESifKAEOp,viral rap,unspecified,unspecified
101,101,1,2,Put Your Records On,Ritt Momney,https://open.spotify.com/track/6AGOKlMZWLCaEJGnaROtF9,viral-us-weekly-2020-09-17--2020-09-17.csv,September,38,Viral 50,2020-09-17,7MPGCB854Qo4alYMOPkBka,bedroom pop,unspecified,unspecified
102,102,2,3,Mad at Disney,salem ilese,https://open.spotify.com/track/7aGyRfJWtLqgJaZoG9lJhE,viral-us-weekly-2020-09-17--2020-09-17.csv,September,38,Viral 50,2020-09-17,3QJUFtGBGL05vo0kCJZsmT,alt z,modern indie pop,social media pop
103,103,3,4,Upside Down,JVKE,https://open.spotify.com/track/614OkajfRPH8V0ugNQnduP,viral-us-weekly-2020-09-17--2020-09-17.csv,September,38,Viral 50,2020-09-17,164Uj4eKjl6zTBKfJLFKKK,modern indie pop,unspecified,unspecified
104,104,4,5,"Lemonade (feat. Gunna, Don Toliver & NAV)",Internet Money,https://open.spotify.com/track/2DQNYMRjisN3KAPj1bEwOI,viral-us-weekly-2020-09-17--2020-09-17.csv,September,38,Viral 50,2020-09-17,6MPCFvOQv5cIGfw3jODMF0,pop rap,rap,trap
105,105,5,6,You Got It,Vedo,https://open.spotify.com/track/4lsHZ92XCFOQfzJFBTluk8,viral-us-weekly-2020-09-17--2020-09-17.csv,September,38,Viral 50,2020-09-17,3wVXTWabe3viT0jF7DfjOL,pop r&b,r&b,unspecified
106,106,6,7,This Side of Paradise,Coyote Theory,https://open.spotify.com/track/3sgf2a905hjZ81tXYytY6i,viral-us-weekly-2020-09-17--2020-09-17.csv,September,38,Viral 50,2020-09-17,48vmXfV0QPy3ljXBp81Fwn,unspecified,unspecified,unspecified
107,107,7,8,Whole Lotta Choppas,Sada Baby,https://open.spotify.com/track/6hLZzCS4E7AWo3PRBWy6az,viral-us-weekly-2020-09-17--2020-09-17.csv,September,38,Viral 50,2020-09-17,2JSwnwAT1BupAQkhqcRCUw,detroit trap,scam rap,trap
108,108,8,9,Mood (feat. iann dior),24kGoldn,https://open.spotify.com/track/3tjFYV6RSFtuktYl3ZtYcq,viral-us-weekly-2020-09-17--2020-09-17.csv,September,38,Viral 50,2020-09-17,6fWVd57NKTalqvmjRd2t8Z,cali rap,unspecified,unspecified
109,109,9,10,Throat Baby (Go Baby),BRS Kash,https://open.spotify.com/track/31iqpzg1ZXLLgq0L5iIwLe,viral-us-weekly-2020-09-17--2020-09-17.csv,September,38,Viral 50,2020-09-17,5jJjvmEwRr8epuGZq4eUUa,unspecified,unspecified,unspecified
110,110,10,11,Daisy,Ashnikko,https://open.spotify.com/track/0AUvWawuP0ibk4SQ3sIZjk,viral-us-weekly-2020-09-17--2020-09-17.csv,September,38,Viral 50,2020-09-17,3PyJHH2wyfQK3WZrk9rpmP,alt z,electropop,escape room
111,111,11,12,WAP (feat. Megan Thee Stallion),Cardi B,https://open.spotify.com/track/4Oun2ylbjFKMPTiaSbbCih,viral-us-weekly-2020-09-17--2020-09-17.csv,September,38,Viral 50,2020-09-17,4kYSro6naA4h99UJvo89HB,pop,pop rap,post-teen pop
112,112,12,13,Dynamite,BTS,https://open.spotify.com/track/0t1kP63rueHleOhQkYSXFY,viral-us-weekly-2020-09-17--2020-09-17.csv,September,38,Viral 50,2020-09-17,3Nrfpe0tUJi4K4DXYWgMUX,k-pop,k-pop boy group,unspecified
113,113,13,14,Stuck in the Middle,Tai Verdes,https://open.spotify.com/track/2HQPOVBAOU2EBTy1nBGRiW,viral-us-weekly-2020-09-17--2020-09-17.csv,September,38,Viral 50,2020-09-17,2kCO8LXN1usaOPL3iEE28I,modern indie pop,unspecified,unspecified
114,114,14,15,THICK,DJ Chose,https://open.spotify.com/track/0YYNIGKgAk34vZkV2NySie,viral-us-weekly-2020-09-17--2020-09-17.csv,September,38,Viral 50,2020-09-17,28Jt29jw6Smc3ZkzALTouq,houston rap,unspecified,unspecified
115,115,15,16,Onna Come Up,Lil Eazzyy,https://open.spotify.com/track/0s8QrhtXW1Av2tuLLerDjN,viral-us-weekly-2020-09-17--2020-09-17.csv,September,38,Viral 50,2020-09-17,0rpUnzu4JIoRkKkGvdcm7b,chicago rap,unspecified,unspecified
116,116,16,17,Ashes,Stellar,https://open.spotify.com/track/2NeyJbL3ROKCjRkAjs77ya,viral-us-weekly-2020-09-17--2020-09-17.csv,September,38,Viral 50,2020-09-17,5yw4tA8D5uG7tT3NaDvq10,social media pop,unspecified,unspecified
117,117,17,18,BOYFRIEND,HARDY,https://open.spotify.com/track/5M8ExcJIACOWCEgPfNZNn8,viral-us-weekly-2020-09-17--2020-09-17.csv,September,38,Viral 50,2020-09-17,5QNm7E7RU2m64l6Gliu8Oy,contemporary country,unspecified,unspecified
118,118,18,19,Losing You,WONHO,https://open.spotify.com/track/2Bk8jjFB0FfAFYUIxihOnG,viral-us-weekly-2020-09-17--2020-09-17.csv,September,38,Viral 50,2020-09-17,6pC3vnUgNVITdYMMXefi6D,k-pop,unspecified,unspecified
119,119,19,20,Hawái,Maluma,https://open.spotify.com/track/1yoMvmasuxZfqHEipJhRbp,viral-us-weekly-2020-09-17--2020-09-17.csv,September,38,Viral 50,2020-09-17,1r4hJ1h58CWwUQe3MxPuau,latin,reggaeton,reggaeton colombiano
120,120,20,21,Michelle,Sir Chloe,https://open.spotify.com/track/3sa1wUB8FAkoH95MGPGBWI,viral-us-weekly-2020-09-17--2020-09-17.csv,September,38,Viral 50,2020-09-17,6rniTPs9zN26kYnkPdFl1U,indie pop,modern rock,unspecified
121,121,21,22,24 (feat. Lil Baby),Money Man,https://open.spotify.com/track/0xUvi7wldroBzaZCengPa5,viral-us-weekly-2020-09-17--2020-09-17.csv,September,38,Viral 50,2020-09-17,3Rx4PJ7SP6unkOk5elPUK7,atl trap,rap,southern hip hop
122,122,22,23,Heather,Conan Gray,https://open.spotify.com/track/4xqrdfXkTW4T0RauPLv3WA,viral-us-weekly-2020-09-17--2020-09-17.csv,September,38,Viral 50,2020-09-17,4Uc8Dsxct0oMqx0P6i60ea,alt z,bedroom pop,electropop
123,123,23,24,Eyes Blue Like The Atlantic (feat. Subvrbs),Sista Prod,https://open.spotify.com/track/0qUcpOOna3kkrwfqky85e1,viral-us-weekly-2020-09-17--2020-09-17.csv,September,38,Viral 50,2020-09-17,7cSbcJTJBBSXDjRNR2qD61,unspecified,unspecified,unspecified
124,124,24,25,GIVE HEAVEN SOME HELL,HARDY,https://open.spotify.com/track/2bVeUlOC5JjTpkQXuUUoYm,viral-us-weekly-2020-09-17--2020-09-17.csv,September,38,Viral 50,2020-09-17,5QNm7E7RU2m64l6Gliu8Oy,contemporary country,unspecified,unspecified
125,125,25,26,Overwhelmed,Royal & the Serpent,https://open.spotify.com/track/5jjZikDrEd0by1o7V3fO4y,viral-us-weekly-2020-09-17--2020-09-17.csv,September,38,Viral 50,2020-09-17,64EHXDoln95lnccszdPum0,alt z,indie electropop,modern alternative pop
126,126,26,27,People So Stupid,Tom MacDonald,https://open.spotify.com/track/3rjJAqZWPjDhsTkCmc2HcY,viral-us-weekly-2020-09-17--2020-09-17.csv,September,38,Viral 50,2020-09-17,6DvlemMOlMH6VD9tB7BPRf,bc underground hip hop,country rap,unspecified
127,127,27,28,Things A Man Oughta Know,Lainey Wilson,https://open.spotify.com/track/7cwKO3SvjCpTyLiIWfnxpx,viral-us-weekly-2020-09-17--2020-09-17.csv,September,38,Viral 50,2020-09-17,6tPHARSq45lQ8BSALCfkFC,contemporary country,country pop,unspecified
128,128,28,29,3 Musketeers,NextYoungin,https://open.spotify.com/track/57Oi4yqY27uJzCyqFWIP5q,viral-us-weekly-2020-09-17--2020-09-17.csv,September,38,Viral 50,2020-09-17,2u1aL8XADqj0nJFHMKRjNw,viral rap,unspecified,unspecified
129,129,29,30,Backyard Boy,Claire Rosinkranz,https://open.spotify.com/track/0QpOqKz66ZxHNqj2PPHiFF,viral-us-weekly-2020-09-17--2020-09-17.csv,September,38,Viral 50,2020-09-17,3V0ZQW0dNuVaFtbVYgSI24,modern indie pop,unspecified,unspecified
130,130,30,31,Wrap Me In Plastic - Marcus Layton Radio Edit,CHROMANCE,https://open.spotify.com/track/3n2P3ipLt5mPFVaM0fJHNR,viral-us-weekly-2020-09-17--2020-09-17.csv,September,38,Viral 50,2020-09-17,0fEj1fYIQwWj1bzzAto9rp,modern indie pop,unspecified,unspecified
131,131,31,32,Sálvame,RBD,https://open.spotify.com/track/3hbTkJ0yFzHbawnKyhvTQj,viral-us-weekly-2020-09-17--2020-09-17.csv,September,38,Viral 50,2020-09-17,7cjh6y0V9SsyCrWSXTzwOs,latin,latin pop,pop
132,132,32,33,F2020,Avenue Beat,https://open.spotify.com/track/7opTGnWVJcm1e5mWWOldpg,viral-us-weekly-2020-09-17--2020-09-17.csv,September,38,Viral 50,2020-09-17,1htYtUdXVMwR6HCSs821Lc,alt z,unspecified,unspecified
133,133,33,34,My Person,Spencer Crandall,https://open.spotify.com/track/1K61P0kbiT6cJzh77NnxFg,viral-us-weekly-2020-09-17--2020-09-17.csv,September,38,Viral 50,2020-09-17,6to2NJmRWY1h7rLU4c9TyG,alt z,contemporary country,country pop
134,134,34,35,you broke me first,Tate McRae,https://open.spotify.com/track/45bE4HXI0AwGZXfZtMp8JR,viral-us-weekly-2020-09-17--2020-09-17.csv,September,38,Viral 50,2020-09-17,45dkTj5sMRSjrmBSBeiHym,alt z,dance pop,electropop
135,135,35,36,ALL GIRLS ARE THE SAME,RØNIN,https://open.spotify.com/track/4xhWfr0tyA7BGL7eXo8KnV,viral-us-weekly-2020-09-17--2020-09-17.csv,September,38,Viral 50,2020-09-17,5AueQd01cgyqBRQ82ns5cd,sad rap,unspecified,unspecified
136,136,36,37,Head & Heart (feat. MNEK),Joel Corry,https://open.spotify.com/track/6cx06DFPPHchuUAcTxznu9,viral-us-weekly-2020-09-17--2020-09-17.csv,September,38,Viral 50,2020-09-17,6DgP9otnZw5z6daOntINxp,dance pop,edm,house
137,137,37,38,my ex's best friend (with blackbear),Machine Gun Kelly,https://open.spotify.com/track/70rFIfYN7lU6iTgUIVP42w,viral-us-weekly-2020-09-17--2020-09-17.csv,September,38,Viral 50,2020-09-17,6TIYQ3jFPwQSRmorSezPxX,ohio hip hop,pop rap,unspecified
138,138,38,39,7 Summers,Morgan Wallen,https://open.spotify.com/track/0tbjiOUl4k492KPdWZS9sy,viral-us-weekly-2020-09-17--2020-09-17.csv,September,38,Viral 50,2020-09-17,4oUHIQIBe0LHzYfvXNW4QM,contemporary country,unspecified,unspecified
139,139,39,40,Mr Loverman,Ricky Montgomery,https://open.spotify.com/track/0MF5QHFzTUM2dYm6J7Vngt,viral-us-weekly-2020-09-17--2020-09-17.csv,September,38,Viral 50,2020-09-17,0ZUvK7zGdXLd78mQr3t1Tw,alt z,indie pop,la indie
140,140,40,41,Just About Over You,Priscilla Block,https://open.spotify.com/track/6VzJCMOzVbvb25LPYQviM5,viral-us-weekly-2020-09-17--2020-09-17.csv,September,38,Viral 50,2020-09-17,6BpvASijzSWj7gnZD4Dvf1,contemporary country,country pop,unspecified
141,141,41,42,Laugh Now Cry Later (feat. Lil Durk),Drake,https://open.spotify.com/track/2SAqBLGA283SUiwJ3xOUVI,viral-us-weekly-2020-09-17--2020-09-17.csv,September,38,Viral 50,2020-09-17,3TVXtAsR1Inumwj472S9r4,canadian hip hop,canadian pop,hip hop
142,142,42,43,Mi Cuarto,Jerry Di,https://open.spotify.com/track/6fmQjRuo7XvRFCK2qex5hQ,viral-us-weekly-2020-09-17--2020-09-17.csv,September,38,Viral 50,2020-09-17,7f02bxFbZIOVdSbYRNYvLT,cubaton,pop venezolano,reggaeton
143,143,43,44,Promises,Maverick City Music,https://open.spotify.com/track/0aZFEiDKLK2B4gzPaGCZVm,viral-us-weekly-2020-09-17--2020-09-17.csv,September,38,Viral 50,2020-09-17,58r1rB5t3VF5X6yXGPequV,ccm,unspecified,unspecified
144,144,44,45,Lemon (feat. Method Man),Conway the Machine,https://open.spotify.com/track/5MurVzJcSmQ6f7BI6qnv6o,viral-us-weekly-2020-09-17--2020-09-17.csv,September,38,Viral 50,2020-09-17,67gqUXxHedeUGDTxwBzdjS,alternative hip hop,boom bap,buffalo hip hop
145,145,45,46,Hai Domo,Cao White,https://open.spotify.com/track/5vOwis62qEz4avzkppHHL5,viral-us-weekly-2020-09-17--2020-09-17.csv,September,38,Viral 50,2020-09-17,7Ifh6z0Ibeuqmtf6RnGt2w,glitchcore,unspecified,unspecified
146,146,46,47,Kilby Girl,The Backseat Lovers,https://open.spotify.com/track/1170VohRSx6GwE6QDCHPPH,viral-us-weekly-2020-09-17--2020-09-17.csv,September,38,Viral 50,2020-09-17,6p2HnfM955TI1bX34dkLnI,modern rock,slc indie,unspecified
147,147,47,48,Moonwalking in Calabasas (feat. Blueface) - Remix,DDG,https://open.spotify.com/track/7o4gBbTM6UBLkOYPw9xMCz,viral-us-weekly-2020-09-17--2020-09-17.csv,September,38,Viral 50,2020-09-17,0WK3H9OErSn5zKOkOV5egm,trap,viral rap,unspecified
148,148,48,49,DDLG,ppcocaine,https://open.spotify.com/track/42dtq3bqOCzD0L2kITk4Dp,viral-us-weekly-2020-09-17--2020-09-17.csv,September,38,Viral 50,2020-09-17,2u1aL8XADqj0nJFHMKRjNw,viral rap,unspecified,unspecified
149,149,49,50,Midnight Sky,Miley Cyrus,https://open.spotify.com/track/27ycaQnQAxaPiyeg3nr2aB,viral-us-weekly-2020-09-17--2020-09-17.csv,September,38,Viral 50,2020-09-17,5YGY8feqx7naU7z4HrwZM6,dance pop,pop,post-teen pop
150,150,0,1,No Wind Resistance!,Kinneret,https://open.spotify.com/track/78Vm1H6bT8WQyPNyx7HBhP,viral-us-weekly-2020-09-24--2020-09-24.csv,September,39,Viral 50,2020-09-24,5pnHmnSlN4hJqjG3VWtdYJ,unspecified,unspecified,unspecified
151,151,1,2,Put Your Records On,Ritt Momney,https://open.spotify.com/track/6AGOKlMZWLCaEJGnaROtF9,viral-us-weekly-2020-09-24--2020-09-24.csv,September,39,Viral 50,2020-09-24,7MPGCB854Qo4alYMOPkBka,bedroom pop,unspecified,unspecified
152,152,2,3,M to the B,Millie B,https://open.spotify.com/track/1meosvrJFk4xXo1HwUIasC,viral-us-weekly-2020-09-24--2020-09-24.csv,September,39,Viral 50,2020-09-24,31doejENzNckcbU7CUrUs0,viral rap,unspecified,unspecified
153,153,3,4,F-150,Robyn Ottolini,https://open.spotify.com/track/0JSxnF1JmC8LblMhrovm6K,viral-us-weekly-2020-09-24--2020-09-24.csv,September,39,Viral 50,2020-09-24,2mAb9JDF63azaglqA7c9bb,alt z,contemporary country,unspecified
154,154,4,5,Mad at Disney,salem ilese,https://open.spotify.com/track/7aGyRfJWtLqgJaZoG9lJhE,viral-us-weekly-2020-09-24--2020-09-24.csv,September,39,Viral 50,2020-09-24,3QJUFtGBGL05vo0kCJZsmT,alt z,modern indie pop,social media pop
155,155,5,6,Lets Link,WhoHeem,https://open.spotify.com/track/6fMzgFFGzWCwiHMzDzNpp5,viral-us-weekly-2020-09-24--2020-09-24.csv,September,39,Viral 50,2020-09-24,5KYEMMz9O9iLIESifKAEOp,viral rap,unspecified,unspecified
156,156,6,7,"Edge of Great (feat. Madison Reyes, Charlie Gillespie, Owen Patrick Joyner & Jeremy Shada)",Julie and the Phantoms Cast,https://open.spotify.com/track/1e2ofLpE40cjEeMENP7pzv,viral-us-weekly-2020-09-24--2020-09-24.csv,September,39,Viral 50,2020-09-24,52OQXvCMAJ0zqE2ZQrBTqC,pop,social media pop,unspecified
157,157,7,8,This Side of Paradise,Coyote Theory,https://open.spotify.com/track/3sgf2a905hjZ81tXYytY6i,viral-us-weekly-2020-09-24--2020-09-24.csv,September,39,Viral 50,2020-09-24,48vmXfV0QPy3ljXBp81Fwn,unspecified,unspecified,unspecified
158,158,8,9,"Lemonade (feat. Gunna, Don Toliver & NAV)",Internet Money,https://open.spotify.com/track/7hxHWCCAIIxFLCzvDgnQHX,viral-us-weekly-2020-09-24--2020-09-24.csv,September,39,Viral 50,2020-09-24,6MPCFvOQv5cIGfw3jODMF0,pop rap,rap,trap
159,159,9,10,You Got It,Vedo,https://open.spotify.com/track/4lsHZ92XCFOQfzJFBTluk8,viral-us-weekly-2020-09-24--2020-09-24.csv,September,39,Viral 50,2020-09-24,3wVXTWabe3viT0jF7DfjOL,pop r&b,r&b,unspecified
160,160,10,11,September,"Earth, Wind & Fire",https://open.spotify.com/track/4f2GB5ZC7vOUYPAg69N2Xw,viral-us-weekly-2020-09-24--2020-09-24.csv,September,39,Viral 50,2020-09-24,4QQgXkCYTt3BlENzhyNETg,disco,funk,jazz funk
161,161,11,12,Upside Down,JVKE,https://open.spotify.com/track/614OkajfRPH8V0ugNQnduP,viral-us-weekly-2020-09-24--2020-09-24.csv,September,39,Viral 50,2020-09-24,164Uj4eKjl6zTBKfJLFKKK,modern indie pop,unspecified,unspecified
162,162,12,13,Throat Baby (Go Baby),BRS Kash,https://open.spotify.com/track/31iqpzg1ZXLLgq0L5iIwLe,viral-us-weekly-2020-09-24--2020-09-24.csv,September,39,Viral 50,2020-09-24,5jJjvmEwRr8epuGZq4eUUa,unspecified,unspecified,unspecified
163,163,13,14,THICK,DJ Chose,https://open.spotify.com/track/0YYNIGKgAk34vZkV2NySie,viral-us-weekly-2020-09-24--2020-09-24.csv,September,39,Viral 50,2020-09-24,28Jt29jw6Smc3ZkzALTouq,houston rap,unspecified,unspecified
164,164,14,15,Whole Lotta Choppas,Sada Baby,https://open.spotify.com/track/6hLZzCS4E7AWo3PRBWy6az,viral-us-weekly-2020-09-24--2020-09-24.csv,September,39,Viral 50,2020-09-24,2JSwnwAT1BupAQkhqcRCUw,detroit trap,scam rap,trap
165,165,15,16,Mood (feat. iann dior),24kGoldn,https://open.spotify.com/track/3tjFYV6RSFtuktYl3ZtYcq,viral-us-weekly-2020-09-24--2020-09-24.csv,September,39,Viral 50,2020-09-24,6fWVd57NKTalqvmjRd2t8Z,cali rap,unspecified,unspecified
166,166,16,17,Daisy,Ashnikko,https://open.spotify.com/track/0AUvWawuP0ibk4SQ3sIZjk,viral-us-weekly-2020-09-24--2020-09-24.csv,September,39,Viral 50,2020-09-24,3PyJHH2wyfQK3WZrk9rpmP,alt z,electropop,escape room
167,167,17,18,Michelle,Sir Chloe,https://open.spotify.com/track/3sa1wUB8FAkoH95MGPGBWI,viral-us-weekly-2020-09-24--2020-09-24.csv,September,39,Viral 50,2020-09-24,6rniTPs9zN26kYnkPdFl1U,indie pop,modern rock,unspecified
168,168,18,19,Stuck in the Middle,Tai Verdes,https://open.spotify.com/track/2HQPOVBAOU2EBTy1nBGRiW,viral-us-weekly-2020-09-24--2020-09-24.csv,September,39,Viral 50,2020-09-24,2kCO8LXN1usaOPL3iEE28I,modern indie pop,unspecified,unspecified
169,169,19,20,Jerusalema (feat. Nomcebo Zikode),Master KG,https://open.spotify.com/track/2MlOUXmcofMackX3bxfSwi,viral-us-weekly-2020-09-24--2020-09-24.csv,September,39,Viral 50,2020-09-24,523y9KSneKh6APd1hKxLuF,south african house,unspecified,unspecified
170,170,20,21,Onna Come Up,Lil Eazzyy,https://open.spotify.com/track/0s8QrhtXW1Av2tuLLerDjN,viral-us-weekly-2020-09-24--2020-09-24.csv,September,39,Viral 50,2020-09-24,0rpUnzu4JIoRkKkGvdcm7b,chicago rap,unspecified,unspecified
171,171,21,22,Starting Over,Chris Stapleton,https://open.spotify.com/track/3TNSVsiFngfe68UJpMq1oS,viral-us-weekly-2020-09-24--2020-09-24.csv,September,39,Viral 50,2020-09-24,4YLtscXsxbVgi031ovDDdh,contemporary country,outlaw country,unspecified
172,172,22,23,WAP (feat. Megan Thee Stallion),Cardi B,https://open.spotify.com/track/4Oun2ylbjFKMPTiaSbbCih,viral-us-weekly-2020-09-24--2020-09-24.csv,September,39,Viral 50,2020-09-24,4kYSro6naA4h99UJvo89HB,pop,pop rap,post-teen pop
173,173,23,24,GIVE HEAVEN SOME HELL,HARDY,https://open.spotify.com/track/2bVeUlOC5JjTpkQXuUUoYm,viral-us-weekly-2020-09-24--2020-09-24.csv,September,39,Viral 50,2020-09-24,5QNm7E7RU2m64l6Gliu8Oy,contemporary country,unspecified,unspecified
174,174,24,25,Dynamite,BTS,https://open.spotify.com/track/0t1kP63rueHleOhQkYSXFY,viral-us-weekly-2020-09-24--2020-09-24.csv,September,39,Viral 50,2020-09-24,3Nrfpe0tUJi4K4DXYWgMUX,k-pop,k-pop boy group,unspecified
175,175,25,26,BOYFRIEND,HARDY,https://open.spotify.com/track/5M8ExcJIACOWCEgPfNZNn8,viral-us-weekly-2020-09-24--2020-09-24.csv,September,39,Viral 50,2020-09-24,5QNm7E7RU2m64l6Gliu8Oy,contemporary country,unspecified,unspecified
176,176,26,27,24 (feat. Lil Baby),Money Man,https://open.spotify.com/track/0xUvi7wldroBzaZCengPa5,viral-us-weekly-2020-09-24--2020-09-24.csv,September,39,Viral 50,2020-09-24,3Rx4PJ7SP6unkOk5elPUK7,atl trap,rap,southern hip hop
177,177,27,28,Ashes,Stellar,https://open.spotify.com/track/2NeyJbL3ROKCjRkAjs77ya,viral-us-weekly-2020-09-24--2020-09-24.csv,September,39,Viral 50,2020-09-24,5yw4tA8D5uG7tT3NaDvq10,social media pop,unspecified,unspecified
178,178,28,29,Overwhelmed,Royal & the Serpent,https://open.spotify.com/track/5jjZikDrEd0by1o7V3fO4y,viral-us-weekly-2020-09-24--2020-09-24.csv,September,39,Viral 50,2020-09-24,64EHXDoln95lnccszdPum0,alt z,indie electropop,modern alternative pop
179,179,29,30,Blastoff (feat. Juice Wrld & Trippie Redd),Internet Money,https://open.spotify.com/track/7dH9TPjTWQ60wOJkmYay8a,viral-us-weekly-2020-09-24--2020-09-24.csv,September,39,Viral 50,2020-09-24,6MPCFvOQv5cIGfw3jODMF0,pop rap,rap,trap
180,180,30,31,Things A Man Oughta Know,Lainey Wilson,https://open.spotify.com/track/7cwKO3SvjCpTyLiIWfnxpx,viral-us-weekly-2020-09-24--2020-09-24.csv,September,39,Viral 50,2020-09-24,6tPHARSq45lQ8BSALCfkFC,contemporary country,country pop,unspecified
181,181,31,32,Heather,Conan Gray,https://open.spotify.com/track/4xqrdfXkTW4T0RauPLv3WA,viral-us-weekly-2020-09-24--2020-09-24.csv,September,39,Viral 50,2020-09-24,4Uc8Dsxct0oMqx0P6i60ea,alt z,bedroom pop,electropop
182,182,32,33,Head & Heart (feat. MNEK),Joel Corry,https://open.spotify.com/track/6cx06DFPPHchuUAcTxznu9,viral-us-weekly-2020-09-24--2020-09-24.csv,September,39,Viral 50,2020-09-24,6DgP9otnZw5z6daOntINxp,dance pop,edm,house
183,183,33,34,"Tap In (feat. Post Malone, DaBaby & Jack Harlow)",Saweetie,https://open.spotify.com/track/5woaU1FNkqCwg6WzWiQPW5,viral-us-weekly-2020-09-24--2020-09-24.csv,September,39,Viral 50,2020-09-24,6cK3NBO6uP7hh0oyuVELFl,cali rap,dance pop,pop
184,184,34,35,Pegao / Me Miro y La Mire (TikTok Hit),Omega,https://open.spotify.com/track/4Pzk85DqWoLqptyA5IlhLk,viral-us-weekly-2020-09-24--2020-09-24.csv,September,39,Viral 50,2020-09-24,1UjxAZqzphB1tsMb1aWBj0,dominican pop,rap dominicano,unspecified
185,185,35,36,Ice Cream (with Selena Gomez),BLACKPINK,https://open.spotify.com/track/2J4P46vCFm1rPkNkp9pZWX,viral-us-weekly-2020-09-24--2020-09-24.csv,September,39,Viral 50,2020-09-24,41MozSoPIsD1dJM0CLPjZF,k-pop,k-pop girl group,unspecified
186,186,36,37,Eyes Blue Like The Atlantic (feat. Subvrbs),Sista Prod,https://open.spotify.com/track/0qUcpOOna3kkrwfqky85e1,viral-us-weekly-2020-09-24--2020-09-24.csv,September,39,Viral 50,2020-09-24,7cSbcJTJBBSXDjRNR2qD61,unspecified,unspecified,unspecified
187,187,37,38,Nightlight,ILLENIUM,https://open.spotify.com/track/06kxa3al7bUqRRo5nAFduZ,viral-us-weekly-2020-09-24--2020-09-24.csv,September,39,Viral 50,2020-09-24,45eNHdiiabvmbp4erw26rg,edm,electropop,melodic dubstep
188,188,38,39,Mr Loverman,Ricky Montgomery,https://open.spotify.com/track/0MF5QHFzTUM2dYm6J7Vngt,viral-us-weekly-2020-09-24--2020-09-24.csv,September,39,Viral 50,2020-09-24,0ZUvK7zGdXLd78mQr3t1Tw,alt z,indie pop,la indie
189,189,39,40,Hawái,Maluma,https://open.spotify.com/track/1yoMvmasuxZfqHEipJhRbp,viral-us-weekly-2020-09-24--2020-09-24.csv,September,39,Viral 50,2020-09-24,1r4hJ1h58CWwUQe3MxPuau,latin,reggaeton,reggaeton colombiano
190,190,40,41,Moonwalking in Calabasas (feat. Blueface) - Remix,DDG,https://open.spotify.com/track/7o4gBbTM6UBLkOYPw9xMCz,viral-us-weekly-2020-09-24--2020-09-24.csv,September,39,Viral 50,2020-09-24,0WK3H9OErSn5zKOkOV5egm,trap,viral rap,unspecified
191,191,41,42,Don't Need Time - Remix,Hotboii,https://open.spotify.com/track/43LKpvgZhQ7HwFYYKxqDki,viral-us-weekly-2020-09-24--2020-09-24.csv,September,39,Viral 50,2020-09-24,220xv2aB3dsGxaJI1gGs7l,florida rap,unspecified,unspecified
192,192,42,43,Funny Thing,Thundercat,https://open.spotify.com/track/1c5CllrZr45UBhWpIqM332,viral-us-weekly-2020-09-24--2020-09-24.csv,September,39,Viral 50,2020-09-24,4frXpPxQQZwbCu3eTGnZEw,afrofuturism,hip hop,indie soul
193,193,43,44,冬のはなし,ギヴン,https://open.spotify.com/track/3VrKkcEm7RYXBI9RLv7SL7,viral-us-weekly-2020-09-24--2020-09-24.csv,September,39,Viral 50,2020-09-24,6LQYtKNp3ZsJ9xOzVVUj5j,yaoi,unspecified,unspecified
194,194,44,45,F2020,Avenue Beat,https://open.spotify.com/track/7opTGnWVJcm1e5mWWOldpg,viral-us-weekly-2020-09-24--2020-09-24.csv,September,39,Viral 50,2020-09-24,1htYtUdXVMwR6HCSs821Lc,alt z,unspecified,unspecified
195,195,45,46,ALL GIRLS ARE THE SAME,RØNIN,https://open.spotify.com/track/4xhWfr0tyA7BGL7eXo8KnV,viral-us-weekly-2020-09-24--2020-09-24.csv,September,39,Viral 50,2020-09-24,5AueQd01cgyqBRQ82ns5cd,sad rap,unspecified,unspecified
196,196,46,47,Wrap Me In Plastic - Marcus Layton Radio Edit,CHROMANCE,https://open.spotify.com/track/3n2P3ipLt5mPFVaM0fJHNR,viral-us-weekly-2020-09-24--2020-09-24.csv,September,39,Viral 50,2020-09-24,0fEj1fYIQwWj1bzzAto9rp,modern indie pop,unspecified,unspecified
197,197,47,48,People So Stupid,Tom MacDonald,https://open.spotify.com/track/3rjJAqZWPjDhsTkCmc2HcY,viral-us-weekly-2020-09-24--2020-09-24.csv,September,39,Viral 50,2020-09-24,6DvlemMOlMH6VD9tB7BPRf,bc underground hip hop,country rap,unspecified
198,198,48,49,Mi Cuarto,Jerry Di,https://open.spotify.com/track/6fmQjRuo7XvRFCK2qex5hQ,viral-us-weekly-2020-09-24--2020-09-24.csv,September,39,Viral 50,2020-09-24,7f02bxFbZIOVdSbYRNYvLT,cubaton,pop venezolano,reggaeton
199,199,49,50,Promises,Maverick City Music,https://open.spotify.com/track/0aZFEiDKLK2B4gzPaGCZVm,viral-us-weekly-2020-09-24--2020-09-24.csv,September,39,Viral 50,2020-09-24,58r1rB5t3VF5X6yXGPequV,ccm,unspecified,unspecified
200,200,0,1,E-GIRLS ARE RUINING MY LIFE!,CORPSE,https://open.spotify.com/track/7bCfHiRcfUjG0YVVNUL7Ve,viral-us-weekly-2020-11-05--2020-11-05.csv,November,45,Viral 50,2020-11-05,7yntSJ6uojO3z6GFUVwhAW,viral rap,unspecified,unspecified
201,201,1,2,Trump Is Your President,Bryson Gray,https://open.spotify.com/track/3PdQfXbIuEjUoNlCy6JQCM,viral-us-weekly-2020-11-05--2020-11-05.csv,November,45,Viral 50,2020-11-05,66pGC6EHiiLr7Ce6twM5bk,unspecified,unspecified,unspecified
202,202,2,3,Die Very Rough,Mario Judah,https://open.spotify.com/track/1AyrLa7PkFQvt1A6XQY3ff,viral-us-weekly-2020-11-05--2020-11-05.csv,November,45,Viral 50,2020-11-05,5HFSWl4JPwju06kHxukvTe,meme rap,unspecified,unspecified
203,203,3,4,Touch You,遠野高志,https://open.spotify.com/track/6qWEpnyU43Bcrx3vfbGuVm,viral-us-weekly-2020-11-05--2020-11-05.csv,November,45,Viral 50,2020-11-05,01ACNPPnzgrwcqlbX6eo3x,unspecified,unspecified,unspecified
204,204,4,5,Monster Mash,"Bobby ""Boris"" Pickett",https://open.spotify.com/track/0xxZY5C9xxij3D1HkzbnfC,viral-us-weekly-2020-11-05--2020-11-05.csv,November,45,Viral 50,2020-11-05,42MRYPhQfcEXqb18dl5ERX,halloween,novelty,unspecified
205,205,5,6,Whoopty,CJ,https://open.spotify.com/track/1RSzyxqtIO4yX3EyiV4zT5,viral-us-weekly-2020-11-05--2020-11-05.csv,November,45,Viral 50,2020-11-05,7arQA31aZVS8yS6zUveWzb,trap,unspecified,unspecified
206,206,6,7,Deep End,Fousheé,https://open.spotify.com/track/6HlE9t71z9DjGi7KqSyEpA,viral-us-weekly-2020-11-05--2020-11-05.csv,November,45,Viral 50,2020-11-05,6trIghKwHRUyxwvm66HLHH,indie r&b,unspecified,unspecified
207,207,7,8,HIT EM WHERE IT HURTS,PawPaw Rod,https://open.spotify.com/track/63e35wfL6GMUp0boIvNBhw,viral-us-weekly-2020-11-05--2020-11-05.csv,November,45,Viral 50,2020-11-05,23KIrX6iPiVOkx60F4bjNq,indie r&b,unspecified,unspecified
208,208,8,9,Drip Like ME,Kenndog,https://open.spotify.com/track/5lNsNowjCKqgafSWE7Ie2Z,viral-us-weekly-2020-11-05--2020-11-05.csv,November,45,Viral 50,2020-11-05,2NLseG7xyv3fHY5U8AUntx,unspecified,unspecified,unspecified
209,209,9,10,moment,Vierre Cloud,https://open.spotify.com/track/2JKIYl8KaAMzOR1dIzEO5f,viral-us-weekly-2020-11-05--2020-11-05.csv,November,45,Viral 50,2020-11-05,31ijgiurmIPTNojkYQXdnl,unspecified,unspecified,unspecified
210,210,10,11,Dirt Road,Kidd G,https://open.spotify.com/track/3azaE9S4YBYOuKmZu2TZrV,viral-us-weekly-2020-11-05--2020-11-05.csv,November,45,Viral 50,2020-11-05,5edcHuf8pWH3I00WTorajM,unspecified,unspecified,unspecified
211,211,11,12,"Spooky, Scary Skeletons - Undead Tombstone Remix",Andrew Gold,https://open.spotify.com/track/1sUdq3kWa9dJXHu3eYOUll,viral-us-weekly-2020-11-05--2020-11-05.csv,November,45,Viral 50,2020-11-05,5fmvGUlMVgmnCn45f1he7d,soft rock,underground power pop,unspecified
212,212,12,13,This Is Halloween,The Citizens of Halloween,https://open.spotify.com/track/0yURuYmnz9tl4K04e5Y6aQ,viral-us-weekly-2020-11-05--2020-11-05.csv,November,45,Viral 50,2020-11-05,0LyfQWJT6nXafLPZqxe9Of,unspecified,unspecified,unspecified
213,213,13,14,Cat Girls Are Ruining My Life!,CORPSE,https://open.spotify.com/track/4SPBwOTXgku4QvmRtMEGfW,viral-us-weekly-2020-11-05--2020-11-05.csv,November,45,Viral 50,2020-11-05,7yntSJ6uojO3z6GFUVwhAW,viral rap,unspecified,unspecified
214,214,14,15,Miss YOU!,CORPSE,https://open.spotify.com/track/3pXVmZh293nWtqxildz9jf,viral-us-weekly-2020-11-05--2020-11-05.csv,November,45,Viral 50,2020-11-05,7yntSJ6uojO3z6GFUVwhAW,viral rap,unspecified,unspecified
215,215,15,16,Astronaut In The Ocean,Masked Wolf,https://open.spotify.com/track/0jdso14vaFnpRazMLEZovF,viral-us-weekly-2020-11-05--2020-11-05.csv,November,45,Viral 50,2020-11-05,1uU7g3DNSbsu0QjSEqZtEd,australian hip hop,unspecified,unspecified
216,216,16,17,The Crypt Jam,The Crypt Keeper,https://open.spotify.com/track/21zjT55VHzq3PHc2CQlAeJ,viral-us-weekly-2020-11-05--2020-11-05.csv,November,45,Viral 50,2020-11-05,0LyfQWJT6nXafLPZqxe9Of,unspecified,unspecified,unspecified
217,217,17,18,Moonwalking in Calabasas (feat. Blueface) - Remix,DDG,https://open.spotify.com/track/7o4gBbTM6UBLkOYPw9xMCz,viral-us-weekly-2020-11-05--2020-11-05.csv,November,45,Viral 50,2020-11-05,0WK3H9OErSn5zKOkOV5egm,trap,viral rap,unspecified
218,218,18,19,Ghostbusters,Ray Parker Jr.,https://open.spotify.com/track/6thXB4RmajS4oZPNiBAKy0,viral-us-weekly-2020-11-05--2020-11-05.csv,November,45,Viral 50,2020-11-05,0NyzfcGDZZ6GM25EBG9BYK,disco,funk,post-disco
219,219,19,20,Papi Chulo,Octavian,https://open.spotify.com/track/6Juv5N0dNU1imms9c9u1dA,viral-us-weekly-2020-11-05--2020-11-05.csv,November,45,Viral 50,2020-11-05,5zfEatKLDdRkgbw6sdLBAQ,afroswing,london rap,uk alternative hip hop
220,220,20,21,Put Your Records On,Ritt Momney,https://open.spotify.com/track/6AGOKlMZWLCaEJGnaROtF9,viral-us-weekly-2020-11-05--2020-11-05.csv,November,45,Viral 50,2020-11-05,7MPGCB854Qo4alYMOPkBka,bedroom pop,unspecified,unspecified
221,221,21,22,FDT,YG,https://open.spotify.com/track/6k0DJqW2v2e4809Z1zN0YU,viral-us-weekly-2020-11-05--2020-11-05.csv,November,45,Viral 50,2020-11-05,0A0FS04o6zMoto8OKPsDwY,cali rap,gangster rap,hip hop
222,222,22,23,Halloween Theme - Main Title,John Carpenter,https://open.spotify.com/track/7swocJUCUWTCiRUAU9oerC,viral-us-weekly-2020-11-05--2020-11-05.csv,November,45,Viral 50,2020-11-05,0hxQtmgWiPtEsDPeIuKxXq,classic soundtrack,horror synth,soundtrack
223,223,23,24,No Eres La Oficial,David Santos,https://open.spotify.com/track/7LYWPZL216dyiN02mjefro,viral-us-weekly-2020-11-05--2020-11-05.csv,November,45,Viral 50,2020-11-05,3sc9qeCcbKwYiiBspwVUzU,corridos tumbados,sierreno,unspecified
224,224,24,25,Time Warp,Little Nell,https://open.spotify.com/track/4WFeJTXNHIS2wURtwlAkhu,viral-us-weekly-2020-11-05--2020-11-05.csv,November,45,Viral 50,2020-11-05,0LyfQWJT6nXafLPZqxe9Of,unspecified,unspecified,unspecified
225,225,25,26,Pull Up,LMB DG,https://open.spotify.com/track/6NwyHRfUVnUBUZW9W5McAZ,viral-us-weekly-2020-11-05--2020-11-05.csv,November,45,Viral 50,2020-11-05,32dh4IR61XDw1XhDpD2Faw,unspecified,unspecified,unspecified
226,226,26,27,Gone Too Soon,Andrew Jannakos,https://open.spotify.com/track/07mnxqYqssab1EEBynCuQ4,viral-us-weekly-2020-11-05--2020-11-05.csv,November,45,Viral 50,2020-11-05,6DAX5iORnv8nsZYYeZqket,unspecified,unspecified,unspecified
227,227,27,28,White Tee,CORPSE,https://open.spotify.com/track/3qdRwIwWa5nVZnNp43uYrx,viral-us-weekly-2020-11-05--2020-11-05.csv,November,45,Viral 50,2020-11-05,7yntSJ6uojO3z6GFUVwhAW,viral rap,unspecified,unspecified
228,228,28,29,Never Satisfied,CORPSE,https://open.spotify.com/track/04bEhujOxzNrXeideMtFuR,viral-us-weekly-2020-11-05--2020-11-05.csv,November,45,Viral 50,2020-11-05,7yntSJ6uojO3z6GFUVwhAW,viral rap,unspecified,unspecified
229,229,29,30,Demons and Monsters,347aidan,https://open.spotify.com/track/6pgSQuEY2hJhRkC4YpZfJQ,viral-us-weekly-2020-11-05--2020-11-05.csv,November,45,Viral 50,2020-11-05,0bBz5bRBkExaej2HxtVfCw,sad rap,unspecified,unspecified
230,230,30,31,Daisy,Ashnikko,https://open.spotify.com/track/0AUvWawuP0ibk4SQ3sIZjk,viral-us-weekly-2020-11-05--2020-11-05.csv,November,45,Viral 50,2020-11-05,3PyJHH2wyfQK3WZrk9rpmP,alt z,electropop,escape room
231,231,31,32,Судно (Борис Рижий),Molchat Doma,https://open.spotify.com/track/6DONTnamNDOJdO6DzCu71p,viral-us-weekly-2020-11-05--2020-11-05.csv,November,45,Viral 50,2020-11-05,1nVq0hKIVReeaiB3xJgKf0,belarusian indie,russian post-punk,sovietwave
232,232,32,33,A Nightmare on My Street,DJ Jazzy Jeff & The Fresh Prince,https://open.spotify.com/track/2aRjuScpka878tUWOsLYpQ,viral-us-weekly-2020-11-05--2020-11-05.csv,November,45,Viral 50,2020-11-05,1mG23iQeR29Ojhq89D5gbh,gangster rap,hip hop,old school hip hop
233,233,33,34,The Purple People Eater,Sheb Wooley,https://open.spotify.com/track/0WkZQPNC0c7yrsMX1arVAd,viral-us-weekly-2020-11-05--2020-11-05.csv,November,45,Viral 50,2020-11-05,2dOTS74R4yPISc7AVU9QzD,comic,novelty,unspecified
234,234,34,35,I Put a Spell On You,Screamin' Jay Hawkins,https://open.spotify.com/track/3sLhMSePzxSrmxluIqeoAZ,viral-us-weekly-2020-11-05--2020-11-05.csv,November,45,Viral 50,2020-11-05,3VBpsrUi2vV7Uj87ONHu7Z,blues,traditional blues,unspecified
235,235,35,36,Levitating (feat. DaBaby),Dua Lipa,https://open.spotify.com/track/6OqrJqDMu15AGJHJazg9Nr,viral-us-weekly-2020-11-05--2020-11-05.csv,November,45,Viral 50,2020-11-05,6M2wZ9GZgrQXHCFfjv46we,dance pop,pop,uk pop
236,236,36,37,夜に駆ける,YOASOBI,https://open.spotify.com/track/3dPtXHP0oXQ4HCWHsOA9js,viral-us-weekly-2020-11-05--2020-11-05.csv,November,45,Viral 50,2020-11-05,64tJ2EAv1R6UaZqc4iOCyj,j-pop,japanese teen pop,unspecified
237,237,37,38,Fire for You,Cannons,https://open.spotify.com/track/4o0LyB69tylqDG6eTGhmig,viral-us-weekly-2020-11-05--2020-11-05.csv,November,45,Viral 50,2020-11-05,7FtCyCJCJaxabYO7Uyda5B,vapor soul,unspecified,unspecified
238,238,38,39,At My Worst,Pink Sweat$,https://open.spotify.com/track/0ri0Han4IRJhzvERHOZTMr,viral-us-weekly-2020-11-05--2020-11-05.csv,November,45,Viral 50,2020-11-05,1W7FNibLa0O0b572tB2w7t,bedroom soul,pop,unspecified
239,239,39,40,Throat Baby (Go Baby),BRS Kash,https://open.spotify.com/track/31iqpzg1ZXLLgq0L5iIwLe,viral-us-weekly-2020-11-05--2020-11-05.csv,November,45,Viral 50,2020-11-05,5jJjvmEwRr8epuGZq4eUUa,unspecified,unspecified,unspecified
240,240,40,41,Cigarette Ahegao,Penelope Scott,https://open.spotify.com/track/6UYJYgY8VRo6mKrhgTe1CF,viral-us-weekly-2020-11-05--2020-11-05.csv,November,45,Viral 50,2020-11-05,3u6lPufHw4Oww6D88rv6sB,alt z,indie pop,modern indie pop
241,241,41,42,Sofia,Clairo,https://open.spotify.com/track/7B3z0ySL9Rr0XvZEAjWZzM,viral-us-weekly-2020-11-05--2020-11-05.csv,November,45,Viral 50,2020-11-05,3l0CmX0FuQjFxr8SK7Vqag,bedroom pop,pop,unspecified
242,242,42,43,Make A Wish (Birthday Song),NCT U,https://open.spotify.com/track/6FdShjf7nA2cqEnpv1tIia,viral-us-weekly-2020-11-05--2020-11-05.csv,November,45,Viral 50,2020-11-05,48eO052eSDcn8aTxiv6QaG,k-pop,k-pop boy group,unspecified
243,243,43,44,Everyday Is Like Halloween,Ministry,https://open.spotify.com/track/6qmY21MWIcAEPf9G80wKfb,viral-us-weekly-2020-11-05--2020-11-05.csv,November,45,Viral 50,2020-11-05,1DXylZlWbVvlckNqwvjTEt,alternative metal,double drumming,industrial
244,244,44,45,Susurro Riddim,LASTMONDAY,https://open.spotify.com/track/1mGxiXPxKIuItW4D2eVgjI,viral-us-weekly-2020-11-05--2020-11-05.csv,November,45,Viral 50,2020-11-05,7x3VJT4Tm32G8l0fquiayN,unspecified,unspecified,unspecified
245,245,45,46,Onna Come Up,Lil Eazzyy,https://open.spotify.com/track/3NxFTRr0692mbC5hD0nEZD,viral-us-weekly-2020-11-05--2020-11-05.csv,November,45,Viral 50,2020-11-05,0rpUnzu4JIoRkKkGvdcm7b,chicago rap,unspecified,unspecified
246,246,46,47,Calling All the Monsters,China Anne McClain,https://open.spotify.com/track/0hnHoQbEQOL4YUZ4SO6xbe,viral-us-weekly-2020-11-05--2020-11-05.csv,November,45,Viral 50,2020-11-05,6SvFyXN6qzhw95Bj4HoevV,disney,post-teen pop,social media pop
247,247,47,48,Halloween - Mix-O-Lydian 1981,Misfits,https://open.spotify.com/track/5QOvYYp7yRSY6LP7Vm48br,viral-us-weekly-2020-11-05--2020-11-05.csv,November,45,Viral 50,2020-11-05,1cXi8ALPQCBHZbf0EgP4Ey,horror punk,new jersey hardcore,new jersey punk
248,248,48,49,Goosebumps,HVME,https://open.spotify.com/track/20McUFi8KCIVdNDLrkTDuZ,viral-us-weekly-2020-11-05--2020-11-05.csv,November,45,Viral 50,2020-11-05,2o08sCWF5yyo2G4DCiT7T9,slap house,unspecified,unspecified
249,249,49,50,"Spooky, Scary Skeletons",Andrew Gold,https://open.spotify.com/track/23V08GxMeaZNSf8Gy6KF6t,viral-us-weekly-2020-11-05--2020-11-05.csv,November,45,Viral 50,2020-11-05,5fmvGUlMVgmnCn45f1he7d,soft rock,underground power pop,unspecified
250,250,0,1,Gdzie jest biały węgorz ? (Zejście),Cypis,https://open.spotify.com/track/4fNbS43X6yt4iWxLgRqwKa,viral-us-weekly-2020-11-12--2020-11-12.csv,November,46,Viral 50,2020-11-12,20akE7sZUTpZSC78lPhqvt,unspecified,unspecified,unspecified
251,251,1,2,FDT,YG,https://open.spotify.com/track/6k0DJqW2v2e4809Z1zN0YU,viral-us-weekly-2020-11-12--2020-11-12.csv,November,46,Viral 50,2020-11-12,0A0FS04o6zMoto8OKPsDwY,cali rap,gangster rap,hip hop
252,252,2,3,Oh No,Kreepa,https://open.spotify.com/track/4qBMiRsJjtm1WR4KyAQqrX,viral-us-weekly-2020-11-12--2020-11-12.csv,November,46,Viral 50,2020-11-12,6XUob2lASlLLaavOTAw9Vb,viral rap,unspecified,unspecified
253,253,3,4,E-GIRLS ARE RUINING MY LIFE!,CORPSE,https://open.spotify.com/track/7bCfHiRcfUjG0YVVNUL7Ve,viral-us-weekly-2020-11-12--2020-11-12.csv,November,46,Viral 50,2020-11-12,7yntSJ6uojO3z6GFUVwhAW,viral rap,unspecified,unspecified
254,254,4,5,Touch You,遠野高志,https://open.spotify.com/track/6qWEpnyU43Bcrx3vfbGuVm,viral-us-weekly-2020-11-12--2020-11-12.csv,November,46,Viral 50,2020-11-12,01ACNPPnzgrwcqlbX6eo3x,unspecified,unspecified,unspecified
255,255,5,6,Die Very Rough,Mario Judah,https://open.spotify.com/track/1AyrLa7PkFQvt1A6XQY3ff,viral-us-weekly-2020-11-12--2020-11-12.csv,November,46,Viral 50,2020-11-12,5HFSWl4JPwju06kHxukvTe,meme rap,unspecified,unspecified
256,256,6,7,Adderall (Corvette Corvette),Popp Hunna,https://open.spotify.com/track/3aAmQOxRPeKDL0HMWFA5qn,viral-us-weekly-2020-11-12--2020-11-12.csv,November,46,Viral 50,2020-11-12,3fyhhXHbGVLuSHFk2SYx4I,philly rap,viral rap,unspecified
257,257,7,8,Whoopty,CJ,https://open.spotify.com/track/5vGLcdRuSbUhD8ScwsGSdA,viral-us-weekly-2020-11-12--2020-11-12.csv,November,46,Viral 50,2020-11-12,7arQA31aZVS8yS6zUveWzb,trap,unspecified,unspecified
258,258,8,9,Rät,Penelope Scott,https://open.spotify.com/track/25z6kpmIwkCUqk2IORrJ5v,viral-us-weekly-2020-11-12--2020-11-12.csv,November,46,Viral 50,2020-11-12,3u6lPufHw4Oww6D88rv6sB,alt z,indie pop,modern indie pop
259,259,9,10,Fuck Donald Trump,Tamu,https://open.spotify.com/track/00aRveHhOMrCvozhPTKtQj,viral-us-weekly-2020-11-12--2020-11-12.csv,November,46,Viral 50,2020-11-12,4adTIsK2RORXyuSIgtjmym,unspecified,unspecified,unspecified
260,260,10,11,Deep End,Fousheé,https://open.spotify.com/track/6HlE9t71z9DjGi7KqSyEpA,viral-us-weekly-2020-11-12--2020-11-12.csv,November,46,Viral 50,2020-11-12,6trIghKwHRUyxwvm66HLHH,indie r&b,unspecified,unspecified
261,261,11,12,moment,Vierre Cloud,https://open.spotify.com/track/2JKIYl8KaAMzOR1dIzEO5f,viral-us-weekly-2020-11-12--2020-11-12.csv,November,46,Viral 50,2020-11-12,31ijgiurmIPTNojkYQXdnl,unspecified,unspecified,unspecified
262,262,12,13,HIT EM WHERE IT HURTS,PawPaw Rod,https://open.spotify.com/track/63e35wfL6GMUp0boIvNBhw,viral-us-weekly-2020-11-12--2020-11-12.csv,November,46,Viral 50,2020-11-12,23KIrX6iPiVOkx60F4bjNq,indie r&b,unspecified,unspecified
263,263,13,14,Don't Worry (Clappers),Slimelife Shawty,https://open.spotify.com/track/5LRKPn8fgSZT5e4YHDWng3,viral-us-weekly-2020-11-12--2020-11-12.csv,November,46,Viral 50,2020-11-12,09XX4vGibhdivyKlxP8MRf,atl trap,unspecified,unspecified
264,264,14,15,Drip Like ME,Kenndog,https://open.spotify.com/track/5lNsNowjCKqgafSWE7Ie2Z,viral-us-weekly-2020-11-12--2020-11-12.csv,November,46,Viral 50,2020-11-12,2NLseG7xyv3fHY5U8AUntx,unspecified,unspecified,unspecified
265,265,15,16,FDT - Pt. 2,YG,https://open.spotify.com/track/6ZcCLhMqQEZEzsDhhS767O,viral-us-weekly-2020-11-12--2020-11-12.csv,November,46,Viral 50,2020-11-12,0A0FS04o6zMoto8OKPsDwY,cali rap,gangster rap,hip hop
266,266,16,17,Took Her To The O,King Von,https://open.spotify.com/track/7fEoXCZTZFosUFvFQg1BmW,viral-us-weekly-2020-11-12--2020-11-12.csv,November,46,Viral 50,2020-11-12,6QtgPSJPSzcnn7dPZ4VINp,chicago rap,unspecified,unspecified
267,267,17,18,Canceled,Larray,https://open.spotify.com/track/3VxOgQ9o1aKonFx4d5lPR3,viral-us-weekly-2020-11-12--2020-11-12.csv,November,46,Viral 50,2020-11-12,0rQjJGZLXBq95OA3nSmDj9,social media pop,viral rap,unspecified
268,268,18,19,Trump Is Your President,Bryson Gray,https://open.spotify.com/track/3PdQfXbIuEjUoNlCy6JQCM,viral-us-weekly-2020-11-12--2020-11-12.csv,November,46,Viral 50,2020-11-12,66pGC6EHiiLr7Ce6twM5bk,unspecified,unspecified,unspecified
269,269,19,20,No Eres La Oficial,David Santos,https://open.spotify.com/track/7LYWPZL216dyiN02mjefro,viral-us-weekly-2020-11-12--2020-11-12.csv,November,46,Viral 50,2020-11-12,3sc9qeCcbKwYiiBspwVUzU,corridos tumbados,sierreno,unspecified
270,270,20,21,Producer Man,Lyn Lapid,https://open.spotify.com/track/5BArc3UpONi77FMkNT4LYU,viral-us-weekly-2020-11-12--2020-11-12.csv,November,46,Viral 50,2020-11-12,4pfy05cNNTacuOQ6SiSu4v,unspecified,unspecified,unspecified
271,271,21,22,Dirt Road,Kidd G,https://open.spotify.com/track/3azaE9S4YBYOuKmZu2TZrV,viral-us-weekly-2020-11-12--2020-11-12.csv,November,46,Viral 50,2020-11-12,5edcHuf8pWH3I00WTorajM,unspecified,unspecified,unspecified
272,272,22,23,Goosebumps,HVME,https://open.spotify.com/track/20McUFi8KCIVdNDLrkTDuZ,viral-us-weekly-2020-11-12--2020-11-12.csv,November,46,Viral 50,2020-11-12,2o08sCWF5yyo2G4DCiT7T9,slap house,unspecified,unspecified
273,273,23,24,Astronaut In The Ocean,Masked Wolf,https://open.spotify.com/track/0jdso14vaFnpRazMLEZovF,viral-us-weekly-2020-11-12--2020-11-12.csv,November,46,Viral 50,2020-11-12,1uU7g3DNSbsu0QjSEqZtEd,australian hip hop,unspecified,unspecified
274,274,24,25,You’re Mines Still (feat. Drake),Yung Bleu,https://open.spotify.com/track/7E2C5rBLpCKwQlhJPVFBRS,viral-us-weekly-2020-11-12--2020-11-12.csv,November,46,Viral 50,2020-11-12,3KNIG74xSTc3dj0TRy7pGX,alabama rap,pop r&b,trap
275,275,25,26,Papi Chulo,Octavian,https://open.spotify.com/track/6Juv5N0dNU1imms9c9u1dA,viral-us-weekly-2020-11-12--2020-11-12.csv,November,46,Viral 50,2020-11-12,5zfEatKLDdRkgbw6sdLBAQ,afroswing,london rap,uk alternative hip hop
276,276,26,27,Lonely (with benny blanco),Justin Bieber,https://open.spotify.com/track/4y4spB9m0Q6026KfkAvy9Q,viral-us-weekly-2020-11-12--2020-11-12.csv,November,46,Viral 50,2020-11-12,1uNFoZAHBGtllmzznpCI3s,canadian pop,pop,post-teen pop
277,277,27,28,Deep End - SIDEPIECE Remix,John Summit,https://open.spotify.com/track/5WNa0eaGNwQ1ZXTHVlULpd,viral-us-weekly-2020-11-12--2020-11-12.csv,November,46,Viral 50,2020-11-12,7kNqXtgeIwFtelmRjWv205,deep groove house,deep house,edm
278,278,28,29,Miss YOU!,CORPSE,https://open.spotify.com/track/3pXVmZh293nWtqxildz9jf,viral-us-weekly-2020-11-12--2020-11-12.csv,November,46,Viral 50,2020-11-12,7yntSJ6uojO3z6GFUVwhAW,viral rap,unspecified,unspecified
279,279,29,30,Cigarette Ahegao,Penelope Scott,https://open.spotify.com/track/6UYJYgY8VRo6mKrhgTe1CF,viral-us-weekly-2020-11-12--2020-11-12.csv,November,46,Viral 50,2020-11-12,3u6lPufHw4Oww6D88rv6sB,alt z,indie pop,modern indie pop
280,280,30,31,Cat Girls Are Ruining My Life!,CORPSE,https://open.spotify.com/track/4SPBwOTXgku4QvmRtMEGfW,viral-us-weekly-2020-11-12--2020-11-12.csv,November,46,Viral 50,2020-11-12,7yntSJ6uojO3z6GFUVwhAW,viral rap,unspecified,unspecified
281,281,31,32,Put Your Records On,Ritt Momney,https://open.spotify.com/track/6AGOKlMZWLCaEJGnaROtF9,viral-us-weekly-2020-11-12--2020-11-12.csv,November,46,Viral 50,2020-11-12,7MPGCB854Qo4alYMOPkBka,bedroom pop,unspecified,unspecified
282,282,32,33,Moonwalking in Calabasas (feat. Blueface) - Remix,DDG,https://open.spotify.com/track/7o4gBbTM6UBLkOYPw9xMCz,viral-us-weekly-2020-11-12--2020-11-12.csv,November,46,Viral 50,2020-11-12,0WK3H9OErSn5zKOkOV5egm,trap,viral rap,unspecified
283,283,33,34,Fire for You,Cannons,https://open.spotify.com/track/4o0LyB69tylqDG6eTGhmig,viral-us-weekly-2020-11-12--2020-11-12.csv,November,46,Viral 50,2020-11-12,7FtCyCJCJaxabYO7Uyda5B,vapor soul,unspecified,unspecified
284,284,34,35,Судно (Борис Рижий),Molchat Doma,https://open.spotify.com/track/6DONTnamNDOJdO6DzCu71p,viral-us-weekly-2020-11-12--2020-11-12.csv,November,46,Viral 50,2020-11-12,1nVq0hKIVReeaiB3xJgKf0,belarusian indie,russian post-punk,sovietwave
285,285,35,36,Trap Anthem,MC Virgins,https://open.spotify.com/track/0CJgUQ8UemK2htS73Ye5U8,viral-us-weekly-2020-11-12--2020-11-12.csv,November,46,Viral 50,2020-11-12,3iNL7rw7fpmysjZvhB8vi7,meme rap,sad rap,unspecified
286,286,36,37,夜に駆ける,YOASOBI,https://open.spotify.com/track/3dPtXHP0oXQ4HCWHsOA9js,viral-us-weekly-2020-11-12--2020-11-12.csv,November,46,Viral 50,2020-11-12,64tJ2EAv1R6UaZqc4iOCyj,j-pop,japanese teen pop,unspecified
287,287,37,38,At My Worst,Pink Sweat$,https://open.spotify.com/track/0ri0Han4IRJhzvERHOZTMr,viral-us-weekly-2020-11-12--2020-11-12.csv,November,46,Viral 50,2020-11-12,1W7FNibLa0O0b572tB2w7t,bedroom soul,pop,unspecified
288,288,38,39,Throat Baby (Go Baby),BRS Kash,https://open.spotify.com/track/31iqpzg1ZXLLgq0L5iIwLe,viral-us-weekly-2020-11-12--2020-11-12.csv,November,46,Viral 50,2020-11-12,5jJjvmEwRr8epuGZq4eUUa,unspecified,unspecified,unspecified
289,289,39,40,White Tee,CORPSE,https://open.spotify.com/track/3qdRwIwWa5nVZnNp43uYrx,viral-us-weekly-2020-11-12--2020-11-12.csv,November,46,Viral 50,2020-11-12,7yntSJ6uojO3z6GFUVwhAW,viral rap,unspecified,unspecified
290,290,40,41,BOO!,Championxiii,https://open.spotify.com/track/1eDyjPYw65g3wvQ7xJLF5c,viral-us-weekly-2020-11-12--2020-11-12.csv,November,46,Viral 50,2020-11-12,0mYBT2Ek76Szd4MqbCgT5R,viral rap,unspecified,unspecified
291,291,41,42,Daisy,Ashnikko,https://open.spotify.com/track/0AUvWawuP0ibk4SQ3sIZjk,viral-us-weekly-2020-11-12--2020-11-12.csv,November,46,Viral 50,2020-11-12,3PyJHH2wyfQK3WZrk9rpmP,alt z,electropop,escape room
292,292,42,43,Sofia,Clairo,https://open.spotify.com/track/7B3z0ySL9Rr0XvZEAjWZzM,viral-us-weekly-2020-11-12--2020-11-12.csv,November,46,Viral 50,2020-11-12,3l0CmX0FuQjFxr8SK7Vqag,bedroom pop,pop,unspecified
293,293,43,44,Crazy Story,Only The Family,https://open.spotify.com/track/5i0eJv1DzuyhaYnro4wTKg,viral-us-weekly-2020-11-12--2020-11-12.csv,November,46,Viral 50,2020-11-12,3IaKn0ExWTMPqa0mscUYw3,chicago rap,rap,trap
294,294,44,45,Take Me Where Your Heart Is,Q,https://open.spotify.com/track/62kHSw6wBh4c6UemJCb5p6,viral-us-weekly-2020-11-12--2020-11-12.csv,November,46,Viral 50,2020-11-12,22vqVhfPJab5kkU9txDGX3,alternative r&b,chill r&b,indie r&b
295,295,45,46,Levitating (feat. DaBaby),Dua Lipa,https://open.spotify.com/track/5nujrmhLynf4yMoMtj8AQF,viral-us-weekly-2020-11-12--2020-11-12.csv,November,46,Viral 50,2020-11-12,6M2wZ9GZgrQXHCFfjv46we,dance pop,pop,uk pop
296,296,46,47,Why Not?,LOONA,https://open.spotify.com/track/6yGQ86UppYULzTCxAWgwVN,viral-us-weekly-2020-11-12--2020-11-12.csv,November,46,Viral 50,2020-11-12,52zMTJCKluDlFwMQWmccY7,k-pop,k-pop girl group,unspecified
297,297,47,48,"Crazy Story, Pt. 3",King Von,https://open.spotify.com/track/23TwR29GSeJBfXnXhmDlwR,viral-us-weekly-2020-11-12--2020-11-12.csv,November,46,Viral 50,2020-11-12,6QtgPSJPSzcnn7dPZ4VINp,chicago rap,unspecified,unspecified
298,298,48,49,Stars in The Sky (feat. Jhené Aiko),Phora,https://open.spotify.com/track/5ziNnhZ1hK100fIUvkDZUH,viral-us-weekly-2020-11-12--2020-11-12.csv,November,46,Viral 50,2020-11-12,5XDJlfdfbGNJrOJJNxTcdq,deep underground hip hop,oc rap,pop r&b
299,299,49,50,Never Satisfied,CORPSE,https://open.spotify.com/track/04bEhujOxzNrXeideMtFuR,viral-us-weekly-2020-11-12--2020-11-12.csv,November,46,Viral 50,2020-11-12,7yntSJ6uojO3z6GFUVwhAW,viral rap,unspecified,unspecified
300,300,0,1,Home,Edith Whiskers,https://open.spotify.com/track/18V1UiYRvWYwn01CRDbbuR,viral-us-weekly-2020-11-19--2020-11-19.csv,November,47,Viral 50,2020-11-19,15K8w0bfYieOr55vhSMgJN,unspecified,unspecified,unspecified
301,301,1,2,Gdzie jest biały węgorz ? (Zejście),Cypis,https://open.spotify.com/track/4fNbS43X6yt4iWxLgRqwKa,viral-us-weekly-2020-11-19--2020-11-19.csv,November,47,Viral 50,2020-11-19,20akE7sZUTpZSC78lPhqvt,unspecified,unspecified,unspecified
302,302,2,3,Oh No,Kreepa,https://open.spotify.com/track/4qBMiRsJjtm1WR4KyAQqrX,viral-us-weekly-2020-11-19--2020-11-19.csv,November,47,Viral 50,2020-11-19,6XUob2lASlLLaavOTAw9Vb,viral rap,unspecified,unspecified
303,303,3,4,Touch You,遠野高志,https://open.spotify.com/track/6qWEpnyU43Bcrx3vfbGuVm,viral-us-weekly-2020-11-19--2020-11-19.csv,November,47,Viral 50,2020-11-19,01ACNPPnzgrwcqlbX6eo3x,unspecified,unspecified,unspecified
304,304,4,5,Adderall (Corvette Corvette),Popp Hunna,https://open.spotify.com/track/3aAmQOxRPeKDL0HMWFA5qn,viral-us-weekly-2020-11-19--2020-11-19.csv,November,47,Viral 50,2020-11-19,3fyhhXHbGVLuSHFk2SYx4I,philly rap,viral rap,unspecified
305,305,5,6,Dancing in My Room,347aidan,https://open.spotify.com/track/6Pgmqg15yVexuOgtzuxwoX,viral-us-weekly-2020-11-19--2020-11-19.csv,November,47,Viral 50,2020-11-19,0bBz5bRBkExaej2HxtVfCw,sad rap,unspecified,unspecified
306,306,6,7,Rät,Penelope Scott,https://open.spotify.com/track/25z6kpmIwkCUqk2IORrJ5v,viral-us-weekly-2020-11-19--2020-11-19.csv,November,47,Viral 50,2020-11-19,3u6lPufHw4Oww6D88rv6sB,alt z,indie pop,modern indie pop
307,307,7,8,E-GIRLS ARE RUINING MY LIFE!,CORPSE,https://open.spotify.com/track/7bCfHiRcfUjG0YVVNUL7Ve,viral-us-weekly-2020-11-19--2020-11-19.csv,November,47,Viral 50,2020-11-19,7yntSJ6uojO3z6GFUVwhAW,viral rap,unspecified,unspecified
308,308,8,9,Whoopty,CJ,https://open.spotify.com/track/5vGLcdRuSbUhD8ScwsGSdA,viral-us-weekly-2020-11-19--2020-11-19.csv,November,47,Viral 50,2020-11-19,7arQA31aZVS8yS6zUveWzb,trap,unspecified,unspecified
309,309,9,10,Die Very Rough,Mario Judah,https://open.spotify.com/track/3brXaWuPsVScvYQKUh3Ijc,viral-us-weekly-2020-11-19--2020-11-19.csv,November,47,Viral 50,2020-11-19,5HFSWl4JPwju06kHxukvTe,meme rap,unspecified,unspecified
310,310,10,11,Line Without a Hook,Ricky Montgomery,https://open.spotify.com/track/5jvgec3P4jyoZUPTy2pWDR,viral-us-weekly-2020-11-19--2020-11-19.csv,November,47,Viral 50,2020-11-19,0ZUvK7zGdXLd78mQr3t1Tw,alt z,indie pop,la indie
311,311,11,12,ICE (feat. MORGENSHTERN),MORGENSHTERN,https://open.spotify.com/track/2E5NGLtMqDmeijWcntP8Ca,viral-us-weekly-2020-11-19--2020-11-19.csv,November,47,Viral 50,2020-11-19,0XNKQFs2Ewb3y0VsFUFc5l,russian hip hop,russian trap,unspecified
312,312,12,13,Producer Man,Lyn Lapid,https://open.spotify.com/track/5BArc3UpONi77FMkNT4LYU,viral-us-weekly-2020-11-19--2020-11-19.csv,November,47,Viral 50,2020-11-19,4pfy05cNNTacuOQ6SiSu4v,unspecified,unspecified,unspecified
313,313,13,14,Starting Over,Chris Stapleton,https://open.spotify.com/track/3K07bGe8iljQ3mOKArHLDo,viral-us-weekly-2020-11-19--2020-11-19.csv,November,47,Viral 50,2020-11-19,4YLtscXsxbVgi031ovDDdh,contemporary country,outlaw country,unspecified
314,314,14,15,moment,Vierre Cloud,https://open.spotify.com/track/2JKIYl8KaAMzOR1dIzEO5f,viral-us-weekly-2020-11-19--2020-11-19.csv,November,47,Viral 50,2020-11-19,31ijgiurmIPTNojkYQXdnl,unspecified,unspecified,unspecified
315,315,15,16,Deep End,Fousheé,https://open.spotify.com/track/6HlE9t71z9DjGi7KqSyEpA,viral-us-weekly-2020-11-19--2020-11-19.csv,November,47,Viral 50,2020-11-19,6trIghKwHRUyxwvm66HLHH,indie r&b,unspecified,unspecified
316,316,16,17,Goosebumps,HVME,https://open.spotify.com/track/20McUFi8KCIVdNDLrkTDuZ,viral-us-weekly-2020-11-19--2020-11-19.csv,November,47,Viral 50,2020-11-19,2o08sCWF5yyo2G4DCiT7T9,slap house,unspecified,unspecified
317,317,17,18,Clouds (feat. Zach Sobiech),A Firm Handshake,https://open.spotify.com/track/40CJfuACP98IVW9aY6wAmh,viral-us-weekly-2020-11-19--2020-11-19.csv,November,47,Viral 50,2020-11-19,2FNefsUIddQsI81cmIJhta,minneapolis indie,unspecified,unspecified
318,318,18,19,No Eres La Oficial,David Santos,https://open.spotify.com/track/7LYWPZL216dyiN02mjefro,viral-us-weekly-2020-11-19--2020-11-19.csv,November,47,Viral 50,2020-11-19,3sc9qeCcbKwYiiBspwVUzU,corridos tumbados,sierreno,unspecified
319,319,19,20,Deep End - SIDEPIECE Remix,John Summit,https://open.spotify.com/track/5WNa0eaGNwQ1ZXTHVlULpd,viral-us-weekly-2020-11-19--2020-11-19.csv,November,47,Viral 50,2020-11-19,7kNqXtgeIwFtelmRjWv205,deep groove house,deep house,edm
320,320,20,21,Love Me Later,Natasha Mosley,https://open.spotify.com/track/2XcXeVg89HLC4n4GO1hai6,viral-us-weekly-2020-11-19--2020-11-19.csv,November,47,Viral 50,2020-11-19,1fYdgyGBrMIEML5cuo5FpZ,pop r&b,unspecified,unspecified
321,321,21,22,Candy,Robbie Williams,https://open.spotify.com/track/5NlFXQ0si6U87gXs6hq81B,viral-us-weekly-2020-11-19--2020-11-19.csv,November,47,Viral 50,2020-11-19,2HcwFjNelS49kFbfvMxQYw,dance pop,dance rock,europop
322,322,22,23,Don't Worry (Clappers),Slimelife Shawty,https://open.spotify.com/track/5LRKPn8fgSZT5e4YHDWng3,viral-us-weekly-2020-11-19--2020-11-19.csv,November,47,Viral 50,2020-11-19,09XX4vGibhdivyKlxP8MRf,atl trap,unspecified,unspecified
323,323,23,24,Astronaut In The Ocean,Masked Wolf,https://open.spotify.com/track/0jdso14vaFnpRazMLEZovF,viral-us-weekly-2020-11-19--2020-11-19.csv,November,47,Viral 50,2020-11-19,1uU7g3DNSbsu0QjSEqZtEd,australian hip hop,unspecified,unspecified
324,324,24,25,Dirt Road,Kidd G,https://open.spotify.com/track/3azaE9S4YBYOuKmZu2TZrV,viral-us-weekly-2020-11-19--2020-11-19.csv,November,47,Viral 50,2020-11-19,5edcHuf8pWH3I00WTorajM,unspecified,unspecified,unspecified
325,325,25,26,Canceled,Larray,https://open.spotify.com/track/3VxOgQ9o1aKonFx4d5lPR3,viral-us-weekly-2020-11-19--2020-11-19.csv,November,47,Viral 50,2020-11-19,0rQjJGZLXBq95OA3nSmDj9,social media pop,viral rap,unspecified
326,326,26,27,positions,Ariana Grande,https://open.spotify.com/track/35mvY5S1H3J2QZyna3TFe0,viral-us-weekly-2020-11-19--2020-11-19.csv,November,47,Viral 50,2020-11-19,66CXWjxzNUsdJxJ2JdwvnR,pop,post-teen pop,unspecified
327,327,27,28,HIT EM WHERE IT HURTS,PawPaw Rod,https://open.spotify.com/track/63e35wfL6GMUp0boIvNBhw,viral-us-weekly-2020-11-19--2020-11-19.csv,November,47,Viral 50,2020-11-19,23KIrX6iPiVOkx60F4bjNq,indie r&b,unspecified,unspecified
328,328,28,29,Cold,Chris Stapleton,https://open.spotify.com/track/24nhOvYX2gk3txBbMzXeUB,viral-us-weekly-2020-11-19--2020-11-19.csv,November,47,Viral 50,2020-11-19,4YLtscXsxbVgi031ovDDdh,contemporary country,outlaw country,unspecified
329,329,29,30,Cigarette Ahegao,Penelope Scott,https://open.spotify.com/track/6UYJYgY8VRo6mKrhgTe1CF,viral-us-weekly-2020-11-19--2020-11-19.csv,November,47,Viral 50,2020-11-19,3u6lPufHw4Oww6D88rv6sB,alt z,indie pop,modern indie pop
330,330,30,31,Arkansas,Chris Stapleton,https://open.spotify.com/track/0NdEdsXS9jbX1hnufawZ0z,viral-us-weekly-2020-11-19--2020-11-19.csv,November,47,Viral 50,2020-11-19,4YLtscXsxbVgi031ovDDdh,contemporary country,outlaw country,unspecified
331,331,31,32,SO DONE,The Kid LAROI,https://open.spotify.com/track/3qgPpwtuRu5oP8EtFSj8HE,viral-us-weekly-2020-11-19--2020-11-19.csv,November,47,Viral 50,2020-11-19,2tIP7SsRs7vjIcLrU85W8J,australian hip hop,unspecified,unspecified
332,332,32,33,Forever After All,Luke Combs,https://open.spotify.com/track/6IBcOGPsniK3Pso1wHIhew,viral-us-weekly-2020-11-19--2020-11-19.csv,November,47,Viral 50,2020-11-19,718COspgdWOnwOFpJHRZHS,contemporary country,unspecified,unspecified
333,333,33,34,Tyler Herro,Jack Harlow,https://open.spotify.com/track/4DuUwzP4ALMqpquHU0ltAB,viral-us-weekly-2020-11-19--2020-11-19.csv,November,47,Viral 50,2020-11-19,2LIk90788K0zvyj2JJVwkJ,deep underground hip hop,kentucky hip hop,pop rap
334,334,34,35,Drip Like ME,Kenndog,https://open.spotify.com/track/5lNsNowjCKqgafSWE7Ie2Z,viral-us-weekly-2020-11-19--2020-11-19.csv,November,47,Viral 50,2020-11-19,2NLseG7xyv3fHY5U8AUntx,unspecified,unspecified,unspecified
335,335,35,36,Blue Hour,TOMORROW X TOGETHER,https://open.spotify.com/track/0JQHGu03YJikcND4SENdiW,viral-us-weekly-2020-11-19--2020-11-19.csv,November,47,Viral 50,2020-11-19,0ghlgldX5Dd6720Q3qFyQB,k-pop,k-pop boy group,unspecified
336,336,36,37,Put Your Records On,Ritt Momney,https://open.spotify.com/track/6AGOKlMZWLCaEJGnaROtF9,viral-us-weekly-2020-11-19--2020-11-19.csv,November,47,Viral 50,2020-11-19,7MPGCB854Qo4alYMOPkBka,bedroom pop,unspecified,unspecified
337,337,37,38,Jealous,Eyedress,https://open.spotify.com/track/5KbTBSGUvgDg75gIVhUaAW,viral-us-weekly-2020-11-19--2020-11-19.csv,November,47,Viral 50,2020-11-19,3XxNRirzbjfLdDli06zMaB,noise pop,unspecified,unspecified
338,338,38,39,Fairytale of New York (feat. Kirsty MacColl),The Pogues,https://open.spotify.com/track/3VTNVsTTu05dmTsVFrmGpK,viral-us-weekly-2020-11-19--2020-11-19.csv,November,47,Viral 50,2020-11-19,2wzMOQwNT6ZvVB4amvhFAH,celtic,celtic punk,celtic rock
339,339,39,40,Fire for You,Cannons,https://open.spotify.com/track/4o0LyB69tylqDG6eTGhmig,viral-us-weekly-2020-11-19--2020-11-19.csv,November,47,Viral 50,2020-11-19,7FtCyCJCJaxabYO7Uyda5B,vapor soul,unspecified,unspecified
340,340,40,41,Just the Two of Us (feat. Bill Withers),"Grover Washington, Jr.",https://open.spotify.com/track/1ko2lVN0vKGUl9zrU0qSlT,viral-us-weekly-2020-11-19--2020-11-19.csv,November,47,Viral 50,2020-11-19,05YVYeV4HxYp5rrWalvuE1,unspecified,unspecified,unspecified
341,341,41,42,Jenny (I Wanna Ruin Our Friendship),Studio Killers,https://open.spotify.com/track/7lgA34nFXxjqQgyLkPUcLv,viral-us-weekly-2020-11-19--2020-11-19.csv,November,47,Viral 50,2020-11-19,7avo0PmlW8O1YLEt9DnWQT,unspecified,unspecified,unspecified
342,342,42,43,Lonely (with benny blanco),Justin Bieber,https://open.spotify.com/track/4y4spB9m0Q6026KfkAvy9Q,viral-us-weekly-2020-11-19--2020-11-19.csv,November,47,Viral 50,2020-11-19,1uNFoZAHBGtllmzznpCI3s,canadian pop,pop,post-teen pop
343,343,43,44,Trap Anthem,MC Virgins,https://open.spotify.com/track/0CJgUQ8UemK2htS73Ye5U8,viral-us-weekly-2020-11-19--2020-11-19.csv,November,47,Viral 50,2020-11-19,3iNL7rw7fpmysjZvhB8vi7,meme rap,sad rap,unspecified
344,344,44,45,Achilles Come Down,Gang of Youths,https://open.spotify.com/track/22TntnVO3lQNDR5nsvxGRs,viral-us-weekly-2020-11-19--2020-11-19.csv,November,47,Viral 50,2020-11-19,142YBUGmLWCJigFLzgguf8,australian indie,australian pop,modern rock
345,345,45,46,I CAN'T STOP ME,TWICE,https://open.spotify.com/track/3apeXzypBMnUfYcZYNX6DH,viral-us-weekly-2020-11-19--2020-11-19.csv,November,47,Viral 50,2020-11-19,7n2Ycct7Beij7Dj7meI4X0,k-pop,k-pop girl group,unspecified
346,346,46,47,Miss YOU!,CORPSE,https://open.spotify.com/track/3pXVmZh293nWtqxildz9jf,viral-us-weekly-2020-11-19--2020-11-19.csv,November,47,Viral 50,2020-11-19,7yntSJ6uojO3z6GFUVwhAW,viral rap,unspecified,unspecified
347,347,47,48,Gucci Bucket Hat,Pap Chanel,https://open.spotify.com/track/0DaMA9Qeod1l8d6kmEq4Ay,viral-us-weekly-2020-11-19--2020-11-19.csv,November,47,Viral 50,2020-11-19,1ziRj7e5Tm72Qf2ag6jHed,trap queen,unspecified,unspecified
348,348,48,49,Судно (Борис Рижий),Molchat Doma,https://open.spotify.com/track/6DONTnamNDOJdO6DzCu71p,viral-us-weekly-2020-11-19--2020-11-19.csv,November,47,Viral 50,2020-11-19,1nVq0hKIVReeaiB3xJgKf0,belarusian indie,russian post-punk,sovietwave
349,349,49,50,Took Her To The O,King Von,https://open.spotify.com/track/7fEoXCZTZFosUFvFQg1BmW,viral-us-weekly-2020-11-19--2020-11-19.csv,November,47,Viral 50,2020-11-19,6QtgPSJPSzcnn7dPZ4VINp,chicago rap,unspecified,unspecified
350,350,0,1,Home,Edith Whiskers,https://open.spotify.com/track/18V1UiYRvWYwn01CRDbbuR,viral-us-weekly-2020-11-26--2020-11-26.csv,November,48,Viral 50,2020-11-26,15K8w0bfYieOr55vhSMgJN,unspecified,unspecified,unspecified
351,351,1,2,Gdzie jest biały węgorz ? (Zejście),Cypis,https://open.spotify.com/track/4fNbS43X6yt4iWxLgRqwKa,viral-us-weekly-2020-11-26--2020-11-26.csv,November,48,Viral 50,2020-11-26,20akE7sZUTpZSC78lPhqvt,unspecified,unspecified,unspecified
352,352,2,3,Touch You,遠野高志,https://open.spotify.com/track/6qWEpnyU43Bcrx3vfbGuVm,viral-us-weekly-2020-11-26--2020-11-26.csv,November,48,Viral 50,2020-11-26,01ACNPPnzgrwcqlbX6eo3x,unspecified,unspecified,unspecified
353,353,3,4,Oh No,Kreepa,https://open.spotify.com/track/4qBMiRsJjtm1WR4KyAQqrX,viral-us-weekly-2020-11-26--2020-11-26.csv,November,48,Viral 50,2020-11-26,6XUob2lASlLLaavOTAw9Vb,viral rap,unspecified,unspecified
354,354,4,5,DRUGS,Tai Verdes,https://open.spotify.com/track/0ooz46SAYMJsdOPnwW4nKK,viral-us-weekly-2020-11-26--2020-11-26.csv,November,48,Viral 50,2020-11-26,2kCO8LXN1usaOPL3iEE28I,modern indie pop,unspecified,unspecified
355,355,5,6,Adderall (Corvette Corvette),Popp Hunna,https://open.spotify.com/track/3aAmQOxRPeKDL0HMWFA5qn,viral-us-weekly-2020-11-26--2020-11-26.csv,November,48,Viral 50,2020-11-26,3fyhhXHbGVLuSHFk2SYx4I,philly rap,viral rap,unspecified
356,356,6,7,Quicksand,Morray,https://open.spotify.com/track/33HO2V42Tc6xE0SbCg6vBj,viral-us-weekly-2020-11-26--2020-11-26.csv,November,48,Viral 50,2020-11-26,44vREmJC0OlVZjZaGLqVEd,unspecified,unspecified,unspecified
357,357,7,8,Jenny (I Wanna Ruin Our Friendship),Studio Killers,https://open.spotify.com/track/7lgA34nFXxjqQgyLkPUcLv,viral-us-weekly-2020-11-26--2020-11-26.csv,November,48,Viral 50,2020-11-26,7avo0PmlW8O1YLEt9DnWQT,unspecified,unspecified,unspecified
358,358,8,9,Whoopty,CJ,https://open.spotify.com/track/5vGLcdRuSbUhD8ScwsGSdA,viral-us-weekly-2020-11-26--2020-11-26.csv,November,48,Viral 50,2020-11-26,7arQA31aZVS8yS6zUveWzb,trap,unspecified,unspecified
359,359,9,10,Dancing in My Room,347aidan,https://open.spotify.com/track/6Pgmqg15yVexuOgtzuxwoX,viral-us-weekly-2020-11-26--2020-11-26.csv,November,48,Viral 50,2020-11-26,0bBz5bRBkExaej2HxtVfCw,sad rap,unspecified,unspecified
360,360,10,11,Rät,Penelope Scott,https://open.spotify.com/track/25z6kpmIwkCUqk2IORrJ5v,viral-us-weekly-2020-11-26--2020-11-26.csv,November,48,Viral 50,2020-11-26,3u6lPufHw4Oww6D88rv6sB,alt z,indie pop,modern indie pop
361,361,11,12,Die Very Rough,Mario Judah,https://open.spotify.com/track/3brXaWuPsVScvYQKUh3Ijc,viral-us-weekly-2020-11-26--2020-11-26.csv,November,48,Viral 50,2020-11-26,5HFSWl4JPwju06kHxukvTe,meme rap,unspecified,unspecified
362,362,12,13,Line Without a Hook,Ricky Montgomery,https://open.spotify.com/track/5jvgec3P4jyoZUPTy2pWDR,viral-us-weekly-2020-11-26--2020-11-26.csv,November,48,Viral 50,2020-11-26,0ZUvK7zGdXLd78mQr3t1Tw,alt z,indie pop,la indie
363,363,13,14,The Thanksgiving Song,Adam Sandler,https://open.spotify.com/track/10zEjN1uWiYKSLo01BGlJx,viral-us-weekly-2020-11-26--2020-11-26.csv,November,48,Viral 50,2020-11-26,2LB9H0px4qWbCHg9Axzhga,comedy,comic,unspecified
364,364,14,15,E-GIRLS ARE RUINING MY LIFE!,CORPSE,https://open.spotify.com/track/7bCfHiRcfUjG0YVVNUL7Ve,viral-us-weekly-2020-11-26--2020-11-26.csv,November,48,Viral 50,2020-11-26,7yntSJ6uojO3z6GFUVwhAW,viral rap,unspecified,unspecified
365,365,15,16,DÁKITI,Bad Bunny,https://open.spotify.com/track/47EiUVwUp4C9fGccaPuUCS,viral-us-weekly-2020-11-26--2020-11-26.csv,November,48,Viral 50,2020-11-26,4q3ewBCX7sLwd24euuV69X,latin,reggaeton,trap latino
366,366,16,17,Alice's Restaurant Massacree,Arlo Guthrie,https://open.spotify.com/track/4OjKHySJHstsImlUW3qfml,viral-us-weekly-2020-11-26--2020-11-26.csv,November,48,Viral 50,2020-11-26,0B6QEFtRnneEzb4iqjI0Nw,country rock,folk,folk rock
367,367,17,18,Mayonaka no Door / Stay With Me,Miki Matsubara,https://open.spotify.com/track/2BHj31ufdEqVK5CkYDp9mA,viral-us-weekly-2020-11-26--2020-11-26.csv,November,48,Viral 50,2020-11-26,4hUmsYcvD8C5zuVSP93jb1,classic city pop,unspecified,unspecified
368,368,18,19,ICE (feat. MORGENSHTERN),MORGENSHTERN,https://open.spotify.com/track/2E5NGLtMqDmeijWcntP8Ca,viral-us-weekly-2020-11-26--2020-11-26.csv,November,48,Viral 50,2020-11-26,0XNKQFs2Ewb3y0VsFUFc5l,russian hip hop,russian trap,unspecified
369,369,19,20,Goosebumps,HVME,https://open.spotify.com/track/20McUFi8KCIVdNDLrkTDuZ,viral-us-weekly-2020-11-26--2020-11-26.csv,November,48,Viral 50,2020-11-26,2o08sCWF5yyo2G4DCiT7T9,slap house,unspecified,unspecified
370,370,20,21,Deep End - SIDEPIECE Remix,John Summit,https://open.spotify.com/track/5WNa0eaGNwQ1ZXTHVlULpd,viral-us-weekly-2020-11-26--2020-11-26.csv,November,48,Viral 50,2020-11-26,7kNqXtgeIwFtelmRjWv205,deep groove house,deep house,edm
371,371,21,22,Candy,Robbie Williams,https://open.spotify.com/track/5NlFXQ0si6U87gXs6hq81B,viral-us-weekly-2020-11-26--2020-11-26.csv,November,48,Viral 50,2020-11-26,2HcwFjNelS49kFbfvMxQYw,dance pop,dance rock,europop
372,372,22,23,34+35,Ariana Grande,https://open.spotify.com/track/6Im9k8u9iIzKMrmV7BWtlF,viral-us-weekly-2020-11-26--2020-11-26.csv,November,48,Viral 50,2020-11-26,66CXWjxzNUsdJxJ2JdwvnR,pop,post-teen pop,unspecified
373,373,23,24,pov,Ariana Grande,https://open.spotify.com/track/3UoULw70kMsiVXxW0L3A33,viral-us-weekly-2020-11-26--2020-11-26.csv,November,48,Viral 50,2020-11-26,66CXWjxzNUsdJxJ2JdwvnR,pop,post-teen pop,unspecified
374,374,24,25,Under My Skin,Nate Smith,https://open.spotify.com/track/7G6eOSluX80fOpWD1ERuyF,viral-us-weekly-2020-11-26--2020-11-26.csv,November,48,Viral 50,2020-11-26,4NYMUsIcUUsBHbV9DICa5x,unspecified,unspecified,unspecified
375,375,25,26,Astronomia - Never Go Home,Tony Igy,https://open.spotify.com/track/5WYB4aZkflwjAApBoDCYkz,viral-us-weekly-2020-11-26--2020-11-26.csv,November,48,Viral 50,2020-11-26,2jpQ0ywffgVHhZFQNWaWYW,russian dance,unspecified,unspecified
376,376,26,27,Paradise (feat. Dermot Kennedy),MEDUZA,https://open.spotify.com/track/6ft4hAq6yde8jPZY2i5zLr,viral-us-weekly-2020-11-26--2020-11-26.csv,November,48,Viral 50,2020-11-26,0xRXCcSX89eobfrshSVdyu,dance pop,edm,pop dance
377,377,27,28,Just the Two of Us (feat. Bill Withers),"Grover Washington, Jr.",https://open.spotify.com/track/1ko2lVN0vKGUl9zrU0qSlT,viral-us-weekly-2020-11-26--2020-11-26.csv,November,48,Viral 50,2020-11-26,05YVYeV4HxYp5rrWalvuE1,unspecified,unspecified,unspecified
378,378,28,29,Love Me Later,Natasha Mosley,https://open.spotify.com/track/2XcXeVg89HLC4n4GO1hai6,viral-us-weekly-2020-11-26--2020-11-26.csv,November,48,Viral 50,2020-11-26,1fYdgyGBrMIEML5cuo5FpZ,pop r&b,unspecified,unspecified
379,379,29,30,THICK (feat. Megan Thee Stallion) - Remix,DJ Chose,https://open.spotify.com/track/52ySvuxscDGsXUVsci1Kpa,viral-us-weekly-2020-11-26--2020-11-26.csv,November,48,Viral 50,2020-11-26,28Jt29jw6Smc3ZkzALTouq,houston rap,unspecified,unspecified
380,380,30,31,moment,Vierre Cloud,https://open.spotify.com/track/2JKIYl8KaAMzOR1dIzEO5f,viral-us-weekly-2020-11-26--2020-11-26.csv,November,48,Viral 50,2020-11-26,31ijgiurmIPTNojkYQXdnl,unspecified,unspecified,unspecified
381,381,31,32,Trap Anthem,MC Virgins,https://open.spotify.com/track/0CJgUQ8UemK2htS73Ye5U8,viral-us-weekly-2020-11-26--2020-11-26.csv,November,48,Viral 50,2020-11-26,3iNL7rw7fpmysjZvhB8vi7,meme rap,sad rap,unspecified
382,382,32,33,Fairytale of New York (feat. Kirsty MacColl),The Pogues,https://open.spotify.com/track/3VTNVsTTu05dmTsVFrmGpK,viral-us-weekly-2020-11-26--2020-11-26.csv,November,48,Viral 50,2020-11-26,2wzMOQwNT6ZvVB4amvhFAH,celtic,celtic punk,celtic rock
383,383,33,34,No Eres La Oficial,David Santos,https://open.spotify.com/track/7LYWPZL216dyiN02mjefro,viral-us-weekly-2020-11-26--2020-11-26.csv,November,48,Viral 50,2020-11-26,3sc9qeCcbKwYiiBspwVUzU,corridos tumbados,sierreno,unspecified
384,384,34,35,Astronaut In The Ocean,Masked Wolf,https://open.spotify.com/track/0jdso14vaFnpRazMLEZovF,viral-us-weekly-2020-11-26--2020-11-26.csv,November,48,Viral 50,2020-11-26,1uU7g3DNSbsu0QjSEqZtEd,australian hip hop,unspecified,unspecified
385,385,35,36,Dirt Road,Kidd G,https://open.spotify.com/track/3azaE9S4YBYOuKmZu2TZrV,viral-us-weekly-2020-11-26--2020-11-26.csv,November,48,Viral 50,2020-11-26,5edcHuf8pWH3I00WTorajM,unspecified,unspecified,unspecified
386,386,36,37,SO DONE,The Kid LAROI,https://open.spotify.com/track/3qgPpwtuRu5oP8EtFSj8HE,viral-us-weekly-2020-11-26--2020-11-26.csv,November,48,Viral 50,2020-11-26,2tIP7SsRs7vjIcLrU85W8J,australian hip hop,unspecified,unspecified
387,387,37,38,Cigarette Ahegao,Penelope Scott,https://open.spotify.com/track/6UYJYgY8VRo6mKrhgTe1CF,viral-us-weekly-2020-11-26--2020-11-26.csv,November,48,Viral 50,2020-11-26,3u6lPufHw4Oww6D88rv6sB,alt z,indie pop,modern indie pop
388,388,38,39,Don't Worry (Clappers),Slimelife Shawty,https://open.spotify.com/track/5LRKPn8fgSZT5e4YHDWng3,viral-us-weekly-2020-11-26--2020-11-26.csv,November,48,Viral 50,2020-11-26,09XX4vGibhdivyKlxP8MRf,atl trap,unspecified,unspecified
389,389,39,40,Achilles Come Down,Gang of Youths,https://open.spotify.com/track/22TntnVO3lQNDR5nsvxGRs,viral-us-weekly-2020-11-26--2020-11-26.csv,November,48,Viral 50,2020-11-26,142YBUGmLWCJigFLzgguf8,australian indie,australian pop,modern rock
390,390,40,41,HIT EM WHERE IT HURTS,PawPaw Rod,https://open.spotify.com/track/63e35wfL6GMUp0boIvNBhw,viral-us-weekly-2020-11-26--2020-11-26.csv,November,48,Viral 50,2020-11-26,23KIrX6iPiVOkx60F4bjNq,indie r&b,unspecified,unspecified
391,391,41,42,Jealous,Eyedress,https://open.spotify.com/track/5KbTBSGUvgDg75gIVhUaAW,viral-us-weekly-2020-11-26--2020-11-26.csv,November,48,Viral 50,2020-11-26,3XxNRirzbjfLdDli06zMaB,noise pop,unspecified,unspecified
392,392,42,43,Deep End,Fousheé,https://open.spotify.com/track/6HlE9t71z9DjGi7KqSyEpA,viral-us-weekly-2020-11-26--2020-11-26.csv,November,48,Viral 50,2020-11-26,6trIghKwHRUyxwvm66HLHH,indie r&b,unspecified,unspecified
393,393,43,44,BOO!,Championxiii,https://open.spotify.com/track/1eDyjPYw65g3wvQ7xJLF5c,viral-us-weekly-2020-11-26--2020-11-26.csv,November,48,Viral 50,2020-11-26,0mYBT2Ek76Szd4MqbCgT5R,viral rap,unspecified,unspecified
394,394,44,45,Fire for You,Cannons,https://open.spotify.com/track/4o0LyB69tylqDG6eTGhmig,viral-us-weekly-2020-11-26--2020-11-26.csv,November,48,Viral 50,2020-11-26,7FtCyCJCJaxabYO7Uyda5B,vapor soul,unspecified,unspecified
395,395,45,46,Forever After All,Luke Combs,https://open.spotify.com/track/6IBcOGPsniK3Pso1wHIhew,viral-us-weekly-2020-11-26--2020-11-26.csv,November,48,Viral 50,2020-11-26,718COspgdWOnwOFpJHRZHS,contemporary country,unspecified,unspecified
396,396,46,47,夜に駆ける,YOASOBI,https://open.spotify.com/track/3dPtXHP0oXQ4HCWHsOA9js,viral-us-weekly-2020-11-26--2020-11-26.csv,November,48,Viral 50,2020-11-26,64tJ2EAv1R6UaZqc4iOCyj,j-pop,japanese teen pop,unspecified
397,397,47,48,Never the 1,ROSIE,https://open.spotify.com/track/6xyOZrXp6UGOFa30jewqIV,viral-us-weekly-2020-11-26--2020-11-26.csv,November,48,Viral 50,2020-11-26,2bp65KnFOIsIosBoqPzvNL,alt z,unspecified,unspecified
398,398,48,49,LEFT RIGHT,Bktherula,https://open.spotify.com/track/6hO0b9LAggdysS9RIn8VxH,viral-us-weekly-2020-11-26--2020-11-26.csv,November,48,Viral 50,2020-11-26,6OjtkJDlAZzlzAydEn78cK,vapor trap,unspecified,unspecified
399,399,49,50,MORE,K/DA,https://open.spotify.com/track/6juLaduD4STCUDWT0AYun4,viral-us-weekly-2020-11-26--2020-11-26.csv,November,48,Viral 50,2020-11-26,4gOc8TsQed9eqnqJct2c5v,k-pop girl group,unspecified,unspecified
