,Position,Track Name,Artist,URL,Filename,Unnamed: 0,Month,Week Number,Type,Date
0,1,Skechers,DripReport,https://open.spotify.com/track/2alc8VZAzDgdAsL2QMk3hu,viral-us-weekly-2020-03-26--2020-03-26.csv,,March,13,Viral 50,2020-03-26
1,2,ily (i love you baby) (feat. Emilee),Surf Mesa,https://open.spotify.com/track/62aP9fBQKYKxi7PDXwcUAS,viral-us-weekly-2020-03-26--2020-03-26.csv,,March,13,Viral 50,2020-03-26
2,3,Miss Me,Joseph Black,https://open.spotify.com/track/5y6wOadQ0RZfGZkOey0deO,viral-us-weekly-2020-03-26--2020-03-26.csv,,March,13,Viral 50,2020-03-26
3,4,death bed (coffee for your head),Powfu,https://open.spotify.com/track/7eJMfftS33KTjuF7lTsMCx,viral-us-weekly-2020-03-26--2020-03-26.csv,,March,13,Viral 50,2020-03-26
4,5,Supalonely,BENEE,https://open.spotify.com/track/4nK5YrxbMGZstTLbvj6Gxw,viral-us-weekly-2020-03-26--2020-03-26.csv,,March,13,Viral 50,2020-03-26
5,6,I'm Yer Dad,GRLwood,https://open.spotify.com/track/0GxbglYySl18aZDIaGu1RU,viral-us-weekly-2020-03-26--2020-03-26.csv,,March,13,Viral 50,2020-03-26
6,7,Roses - Imanbek Remix,SAINt JHN,https://open.spotify.com/track/24Yi9hE78yPEbZ4kxyoXAI,viral-us-weekly-2020-03-26--2020-03-26.csv,,March,13,Viral 50,2020-03-26
7,8,The Gambler,Kenny Rogers,https://open.spotify.com/track/5KqldkCunQ2rWxruMEtGh0,viral-us-weekly-2020-03-26--2020-03-26.csv,,March,13,Viral 50,2020-03-26
8,9,Vibe (If I Back It Up),Cookiee Kawaii,https://open.spotify.com/track/4gOgQTv9RYYFZ1uQNnlk3q,viral-us-weekly-2020-03-26--2020-03-26.csv,,March,13,Viral 50,2020-03-26
9,10,Comatose,jxdn,https://open.spotify.com/track/1FIv5SzIBWmCF5Xmt8N6BD,viral-us-weekly-2020-03-26--2020-03-26.csv,,March,13,Viral 50,2020-03-26
10,11,After Hours,The Weeknd,https://open.spotify.com/track/2p8IUWQDrpjuFltbdgLOag,viral-us-weekly-2020-03-26--2020-03-26.csv,,March,13,Viral 50,2020-03-26
11,12,Moral of the Story,Ashe,https://open.spotify.com/track/2nC3QhMI9reBIOWutbU3Tj,viral-us-weekly-2020-03-26--2020-03-26.csv,,March,13,Viral 50,2020-03-26
12,13,Blinding Lights,The Weeknd,https://open.spotify.com/track/0VjIjW4GlUZAMYd2vXMi3b,viral-us-weekly-2020-03-26--2020-03-26.csv,,March,13,Viral 50,2020-03-26
13,14,WHATS POPPIN,Jack Harlow,https://open.spotify.com/track/1jaTQ3nqY3oAAYyCTbIvnM,viral-us-weekly-2020-03-26--2020-03-26.csv,,March,13,Viral 50,2020-03-26
14,15,PTSD,G Herbo,https://open.spotify.com/track/3jT2LKH0RSbQ8jIUNFzXm5,viral-us-weekly-2020-03-26--2020-03-26.csv,,March,13,Viral 50,2020-03-26
15,16,3 Vets,The Future Kingz,https://open.spotify.com/track/6t3sBdc5SbMlk5AyGvMei2,viral-us-weekly-2020-03-26--2020-03-26.csv,,March,13,Viral 50,2020-03-26
16,17,She Gon Go,Trill Ryan,https://open.spotify.com/track/7FknBUKLWwjWszRK1N0jqe,viral-us-weekly-2020-03-26--2020-03-26.csv,,March,13,Viral 50,2020-03-26
17,18,FRIENDS,LAUNDRY DAY,https://open.spotify.com/track/3usbnvDFtOhY09cRNar8Zg,viral-us-weekly-2020-03-26--2020-03-26.csv,,March,13,Viral 50,2020-03-26
18,19,Sunday Best,Surfaces,https://open.spotify.com/track/1Cv1YLb4q0RzL6pybtaMLo,viral-us-weekly-2020-03-26--2020-03-26.csv,,March,13,Viral 50,2020-03-26
19,20,Through The Years - Single Version,Kenny Rogers,https://open.spotify.com/track/4pP5xVUYEZljcmfyYFQXsx,viral-us-weekly-2020-03-26--2020-03-26.csv,,March,13,Viral 50,2020-03-26
20,21,CITY OF ANGELS,24kGoldn,https://open.spotify.com/track/6ap9lSRJ0iLriGLqoJ44cq,viral-us-weekly-2020-03-26--2020-03-26.csv,,March,13,Viral 50,2020-03-26
21,22,My Heart Went Oops,Tiagz,https://open.spotify.com/track/3Nhfs2Cx7z2JWHetYkzSfO,viral-us-weekly-2020-03-26--2020-03-26.csv,,March,13,Viral 50,2020-03-26
22,23,Safaera,Bad Bunny,https://open.spotify.com/track/2DEZmgHKAvm41k4J3R2E9Y,viral-us-weekly-2020-03-26--2020-03-26.csv,,March,13,Viral 50,2020-03-26
23,24,We've Got Tonight,Kenny Rogers,https://open.spotify.com/track/5vXsj8L4DK1gGQ43BBG028,viral-us-weekly-2020-03-26--2020-03-26.csv,,March,13,Viral 50,2020-03-26
24,25,Blueberry Faygo,Lil Mosey,https://open.spotify.com/track/22LAwLoDA5b4AaGSkg6bKW,viral-us-weekly-2020-03-26--2020-03-26.csv,,March,13,Viral 50,2020-03-26
25,26,Islands in the Stream,Dolly Parton,https://open.spotify.com/track/6apPqjW8ezpKEicAkkBlvO,viral-us-weekly-2020-03-26--2020-03-26.csv,,March,13,Viral 50,2020-03-26
26,27,Lady,Kenny Rogers,https://open.spotify.com/track/5Pj5zrq2nbKcAekH1AxbrO,viral-us-weekly-2020-03-26--2020-03-26.csv,,March,13,Viral 50,2020-03-26
27,28,My Truck,BRELAND,https://open.spotify.com/track/1mpD5ioZ9479I6CuKxn3K9,viral-us-weekly-2020-03-26--2020-03-26.csv,,March,13,Viral 50,2020-03-26
28,29,Coward Of The County,Kenny Rogers,https://open.spotify.com/track/0JkIre0YxNmKGMU5V7ZiDx,viral-us-weekly-2020-03-26--2020-03-26.csv,,March,13,Viral 50,2020-03-26
29,30,If the World Was Ending - feat. Julia Michaels,JP Saxe,https://open.spotify.com/track/2kJwzbxV2ppxnQoYw4GLBZ,viral-us-weekly-2020-03-26--2020-03-26.csv,,March,13,Viral 50,2020-03-26
30,31,Walked In,Ultradiox,https://open.spotify.com/track/1tRlGMHsf21FDo6pja27YN,viral-us-weekly-2020-03-26--2020-03-26.csv,,March,13,Viral 50,2020-03-26
31,32,That Way - Bonus Track,Lil Uzi Vert,https://open.spotify.com/track/2ajzBr7vwHTEBeqDzcsNRC,viral-us-weekly-2020-03-26--2020-03-26.csv,,March,13,Viral 50,2020-03-26
32,33,Rojo,J Balvin,https://open.spotify.com/track/380HmhwTE2NJgawn1NwkXi,viral-us-weekly-2020-03-26--2020-03-26.csv,,March,13,Viral 50,2020-03-26
33,34,Lucille,Kenny Rogers,https://open.spotify.com/track/15ADURMdkO25JGD5mIcodM,viral-us-weekly-2020-03-26--2020-03-26.csv,,March,13,Viral 50,2020-03-26
34,35,Si Veo a Tu Mamá,Bad Bunny,https://open.spotify.com/track/41wtwzCZkXwpnakmwJ239F,viral-us-weekly-2020-03-26--2020-03-26.csv,,March,13,Viral 50,2020-03-26
35,36,Psycho!,MASN,https://open.spotify.com/track/5LKkteRQ1wWv7XCIEA5F2q,viral-us-weekly-2020-03-26--2020-03-26.csv,,March,13,Viral 50,2020-03-26
36,37,Drop 'Em Out,Wheeler Walker Jr.,https://open.spotify.com/track/0imfNymwLWKyhLBlBZYg53,viral-us-weekly-2020-03-26--2020-03-26.csv,,March,13,Viral 50,2020-03-26
37,38,Trust,Brent Faiyaz,https://open.spotify.com/track/0oufSLnKQDoBFX5mgkDCgR,viral-us-weekly-2020-03-26--2020-03-26.csv,,March,13,Viral 50,2020-03-26
38,39,Love Will Turn You Around,Kenny Rogers,https://open.spotify.com/track/1M2a5TNHqmr2zXZZcB7xTe,viral-us-weekly-2020-03-26--2020-03-26.csv,,March,13,Viral 50,2020-03-26
39,40,Ruby Don't Take Your Love to Town,Kenny Rogers & The First Edition,https://open.spotify.com/track/55JrQ3cHaR9lWGnmAZ0sGy,viral-us-weekly-2020-03-26--2020-03-26.csv,,March,13,Viral 50,2020-03-26
40,41,You Can't Make Old Friends - Duet with Dolly Parton,Kenny Rogers,https://open.spotify.com/track/48Xp0fGOluD1NJmHOeYFg5,viral-us-weekly-2020-03-26--2020-03-26.csv,,March,13,Viral 50,2020-03-26
41,42,Say So,Doja Cat,https://open.spotify.com/track/3Dv1eDb0MEgF93GpLXlucZ,viral-us-weekly-2020-03-26--2020-03-26.csv,,March,13,Viral 50,2020-03-26
42,43,It's The End Of The World As We Know It (And I Feel Fine),R.E.M.,https://open.spotify.com/track/2oSpQ7QtIKTNFfA08Cy0ku,viral-us-weekly-2020-03-26--2020-03-26.csv,,March,13,Viral 50,2020-03-26
43,44,Dragonball Durag,Thundercat,https://open.spotify.com/track/62PclpoBFLl50PJpiJA5RT,viral-us-weekly-2020-03-26--2020-03-26.csv,,March,13,Viral 50,2020-03-26
44,45,Selfish,Madison Beer,https://open.spotify.com/track/4PV0uE5pZSh44E3NqNNDEH,viral-us-weekly-2020-03-26--2020-03-26.csv,,March,13,Viral 50,2020-03-26
45,46,Boss Bitch,Doja Cat,https://open.spotify.com/track/78qd8dvwea0Gosb6Fe6j3k,viral-us-weekly-2020-03-26--2020-03-26.csv,,March,13,Viral 50,2020-03-26
46,47,She Believes In Me,Kenny Rogers,https://open.spotify.com/track/5ggOAMsJCAYDHnyoqJ0xAD,viral-us-weekly-2020-03-26--2020-03-26.csv,,March,13,Viral 50,2020-03-26
47,48,Just Dropped In (To See What Condition My Condition Was In),The First Edition,https://open.spotify.com/track/4Wrc3Jz4POj0ibPj5iuq0r,viral-us-weekly-2020-03-26--2020-03-26.csv,,March,13,Viral 50,2020-03-26
48,49,You Decorated My Life,Kenny Rogers,https://open.spotify.com/track/6SFeCisbYSqaQwL9hucoF2,viral-us-weekly-2020-03-26--2020-03-26.csv,,March,13,Viral 50,2020-03-26
49,50,I Do,Astrid S,https://open.spotify.com/track/6yKkgZBuakFy6SPtsZBR5H,viral-us-weekly-2020-03-26--2020-03-26.csv,,March,13,Viral 50,2020-03-26
0,1,Skechers,DripReport,https://open.spotify.com/track/4z2JaAVPemYJhFKm7e32RA,viral-us-weekly-2020-03-19--2020-03-19.csv,,March,12,Viral 50,2020-03-19
1,2,ily (i love you baby) (feat. Emilee),Surf Mesa,https://open.spotify.com/track/62aP9fBQKYKxi7PDXwcUAS,viral-us-weekly-2020-03-19--2020-03-19.csv,,March,12,Viral 50,2020-03-19
2,3,death bed (coffee for your head),Powfu,https://open.spotify.com/track/7eJMfftS33KTjuF7lTsMCx,viral-us-weekly-2020-03-19--2020-03-19.csv,,March,12,Viral 50,2020-03-19
3,4,Supalonely,BENEE,https://open.spotify.com/track/4nK5YrxbMGZstTLbvj6Gxw,viral-us-weekly-2020-03-19--2020-03-19.csv,,March,12,Viral 50,2020-03-19
4,5,Vibe,Cookiee Kawaii,https://open.spotify.com/track/7btQ8AOjr6zXoGHEmxL5u5,viral-us-weekly-2020-03-19--2020-03-19.csv,,March,12,Viral 50,2020-03-19
5,6,I'm Yer Dad,GRLwood,https://open.spotify.com/track/0GxbglYySl18aZDIaGu1RU,viral-us-weekly-2020-03-19--2020-03-19.csv,,March,12,Viral 50,2020-03-19
6,7,Moral of the Story,Ashe,https://open.spotify.com/track/2nC3QhMI9reBIOWutbU3Tj,viral-us-weekly-2020-03-19--2020-03-19.csv,,March,12,Viral 50,2020-03-19
7,8,WHATS POPPIN,Jack Harlow,https://open.spotify.com/track/1jaTQ3nqY3oAAYyCTbIvnM,viral-us-weekly-2020-03-19--2020-03-19.csv,,March,12,Viral 50,2020-03-19
8,9,She Gon Go,Trill Ryan,https://open.spotify.com/track/7FknBUKLWwjWszRK1N0jqe,viral-us-weekly-2020-03-19--2020-03-19.csv,,March,12,Viral 50,2020-03-19
9,10,It's The End Of The World As We Know It (And I Feel Fine),R.E.M.,https://open.spotify.com/track/2oSpQ7QtIKTNFfA08Cy0ku,viral-us-weekly-2020-03-19--2020-03-19.csv,,March,12,Viral 50,2020-03-19
10,11,3 Vets,The Future Kingz,https://open.spotify.com/track/6t3sBdc5SbMlk5AyGvMei2,viral-us-weekly-2020-03-19--2020-03-19.csv,,March,12,Viral 50,2020-03-19
11,12,My Heart Went Oops,Tiagz,https://open.spotify.com/track/3Nhfs2Cx7z2JWHetYkzSfO,viral-us-weekly-2020-03-19--2020-03-19.csv,,March,12,Viral 50,2020-03-19
12,13,Walked In,Ultradiox,https://open.spotify.com/track/1tRlGMHsf21FDo6pja27YN,viral-us-weekly-2020-03-19--2020-03-19.csv,,March,12,Viral 50,2020-03-19
13,14,CITY OF ANGELS,24kGoldn,https://open.spotify.com/track/6ap9lSRJ0iLriGLqoJ44cq,viral-us-weekly-2020-03-19--2020-03-19.csv,,March,12,Viral 50,2020-03-19
14,15,Roses - Imanbek Remix,SAINt JHN,https://open.spotify.com/track/24Yi9hE78yPEbZ4kxyoXAI,viral-us-weekly-2020-03-19--2020-03-19.csv,,March,12,Viral 50,2020-03-19
15,16,Blueberry Faygo,Lil Mosey,https://open.spotify.com/track/22LAwLoDA5b4AaGSkg6bKW,viral-us-weekly-2020-03-19--2020-03-19.csv,,March,12,Viral 50,2020-03-19
16,17,Sunday Best,Surfaces,https://open.spotify.com/track/1Cv1YLb4q0RzL6pybtaMLo,viral-us-weekly-2020-03-19--2020-03-19.csv,,March,12,Viral 50,2020-03-19
17,18,If the World Was Ending - feat. Julia Michaels,JP Saxe,https://open.spotify.com/track/2kJwzbxV2ppxnQoYw4GLBZ,viral-us-weekly-2020-03-19--2020-03-19.csv,,March,12,Viral 50,2020-03-19
18,19,My Truck,BRELAND,https://open.spotify.com/track/1mpD5ioZ9479I6CuKxn3K9,viral-us-weekly-2020-03-19--2020-03-19.csv,,March,12,Viral 50,2020-03-19
19,20,Dragonball Durag,Thundercat,https://open.spotify.com/track/62PclpoBFLl50PJpiJA5RT,viral-us-weekly-2020-03-19--2020-03-19.csv,,March,12,Viral 50,2020-03-19
20,21,4 Da Trap,645AR,https://open.spotify.com/track/5sF13EvLGv5qHFiMuGnMTF,viral-us-weekly-2020-03-19--2020-03-19.csv,,March,12,Viral 50,2020-03-19
21,22,Exhibit C,Jay Electronica,https://open.spotify.com/track/23uJbBKyqs1dibvfECdjSH,viral-us-weekly-2020-03-19--2020-03-19.csv,,March,12,Viral 50,2020-03-19
22,23,Go Stupid (feat. NLE Choppa & Mike WiLL Made-It),Polo G,https://open.spotify.com/track/74fV8TuLZKVzSIOOGu8wwI,viral-us-weekly-2020-03-19--2020-03-19.csv,,March,12,Viral 50,2020-03-19
23,24,Trust,Brent Faiyaz,https://open.spotify.com/track/0oufSLnKQDoBFX5mgkDCgR,viral-us-weekly-2020-03-19--2020-03-19.csv,,March,12,Viral 50,2020-03-19
24,25,Say So,Doja Cat,https://open.spotify.com/track/3Dv1eDb0MEgF93GpLXlucZ,viral-us-weekly-2020-03-19--2020-03-19.csv,,March,12,Viral 50,2020-03-19
25,26,Intentions (feat. Quavo),Justin Bieber,https://open.spotify.com/track/4umIPjkehX1r7uhmGvXiSV,viral-us-weekly-2020-03-19--2020-03-19.csv,,March,12,Viral 50,2020-03-19
26,27,The Box,Roddy Ricch,https://open.spotify.com/track/0nbXyq5TXYPCO7pr3N8S4I,viral-us-weekly-2020-03-19--2020-03-19.csv,,March,12,Viral 50,2020-03-19
27,28,Blinding Lights,The Weeknd,https://open.spotify.com/track/0sf12qNH5qcw8qpgymFOqD,viral-us-weekly-2020-03-19--2020-03-19.csv,,March,12,Viral 50,2020-03-19
28,29,We Own the Night,Chandler Kinney,https://open.spotify.com/track/3n1lJB7m8iNDToXJVzIHD2,viral-us-weekly-2020-03-19--2020-03-19.csv,,March,12,Viral 50,2020-03-19
29,30,Ignorantes,Bad Bunny,https://open.spotify.com/track/38RIEav39FGi86jppxO0du,viral-us-weekly-2020-03-19--2020-03-19.csv,,March,12,Viral 50,2020-03-19
30,31,BLACKOUT,Lil Kapow,https://open.spotify.com/track/29hrQIClzqNqMPO4bVWcjI,viral-us-weekly-2020-03-19--2020-03-19.csv,,March,12,Viral 50,2020-03-19
31,32,Psycho!,MASN,https://open.spotify.com/track/5LKkteRQ1wWv7XCIEA5F2q,viral-us-weekly-2020-03-19--2020-03-19.csv,,March,12,Viral 50,2020-03-19
32,33,Stuck Up,Music With Edgar,https://open.spotify.com/track/582UuerUL1zx7IyudPW9Mo,viral-us-weekly-2020-03-19--2020-03-19.csv,,March,12,Viral 50,2020-03-19
33,34,Whiskey in the Jar,The Dubliners,https://open.spotify.com/track/1UzofFX5AkfTDnwjcBkM4J,viral-us-weekly-2020-03-19--2020-03-19.csv,,March,12,Viral 50,2020-03-19
34,35,Throw That Back Like a Cadillac,El Memer,https://open.spotify.com/track/1Y0gaC5pqe1fPv1mlajGNA,viral-us-weekly-2020-03-19--2020-03-19.csv,,March,12,Viral 50,2020-03-19
35,36,After Hours,The Weeknd,https://open.spotify.com/track/4ejyZ4uJEXUURcgKp1kP8v,viral-us-weekly-2020-03-19--2020-03-19.csv,,March,12,Viral 50,2020-03-19
36,37,Drop 'Em Out,Wheeler Walker Jr.,https://open.spotify.com/track/0imfNymwLWKyhLBlBZYg53,viral-us-weekly-2020-03-19--2020-03-19.csv,,March,12,Viral 50,2020-03-19
37,38,Bussin,Tay Money,https://open.spotify.com/track/2OBot5OpoT4deri6VkYCyW,viral-us-weekly-2020-03-19--2020-03-19.csv,,March,12,Viral 50,2020-03-19
38,39,Modern Loneliness,Lauv,https://open.spotify.com/track/1eyek0KJEh2v5HQ9uQSybb,viral-us-weekly-2020-03-19--2020-03-19.csv,,March,12,Viral 50,2020-03-19
39,40,Selfish,Madison Beer,https://open.spotify.com/track/4PV0uE5pZSh44E3NqNNDEH,viral-us-weekly-2020-03-19--2020-03-19.csv,,March,12,Viral 50,2020-03-19
40,41,Apollo,Smoove'L,https://open.spotify.com/track/0VPmIETYsw3JBnyh4iDjVv,viral-us-weekly-2020-03-19--2020-03-19.csv,,March,12,Viral 50,2020-03-19
41,42,Boss Bitch,Doja Cat,https://open.spotify.com/track/78qd8dvwea0Gosb6Fe6j3k,viral-us-weekly-2020-03-19--2020-03-19.csv,,March,12,Viral 50,2020-03-19
42,43,Don't Stand So Close To Me,The Police,https://open.spotify.com/track/5veJDT0MLsLbhYsx42GXUD,viral-us-weekly-2020-03-19--2020-03-19.csv,,March,12,Viral 50,2020-03-19
43,44,This is Us,Jimmie Allen,https://open.spotify.com/track/7DnNU5rQLgy4KEYvFMrGgW,viral-us-weekly-2020-03-19--2020-03-19.csv,,March,12,Viral 50,2020-03-19
44,45,Amor Tumbado,Natanael Cano,https://open.spotify.com/track/5aJ1M43pinROpwaPnO8KRj,viral-us-weekly-2020-03-19--2020-03-19.csv,,March,12,Viral 50,2020-03-19
45,46,I'm Shipping Up To Boston,Dropkick Murphys,https://open.spotify.com/track/7rSERmjAT38lC5QhJ8hnQc,viral-us-weekly-2020-03-19--2020-03-19.csv,,March,12,Viral 50,2020-03-19
46,47,Your Love (Déjà Vu),Glass Animals,https://open.spotify.com/track/5DYD4zlGiFlkpLaf2Bk8Vl,viral-us-weekly-2020-03-19--2020-03-19.csv,,March,12,Viral 50,2020-03-19
47,48,Diva (feat. Lil Tecca),The Kid LAROI,https://open.spotify.com/track/7gVwgc8b3XnO87TpmXXFA5,viral-us-weekly-2020-03-19--2020-03-19.csv,,March,12,Viral 50,2020-03-19
48,49,Need Me,J.I the Prince of N.Y,https://open.spotify.com/track/2dzja72gQodveSpguIQGJl,viral-us-weekly-2020-03-19--2020-03-19.csv,,March,12,Viral 50,2020-03-19
49,50,High Fashion (feat. Mustard),Roddy Ricch,https://open.spotify.com/track/07KXEDMj78x68D884wgVEm,viral-us-weekly-2020-03-19--2020-03-19.csv,,March,12,Viral 50,2020-03-19
0,1,Vibe,Cookiee Kawaii,https://open.spotify.com/track/7btQ8AOjr6zXoGHEmxL5u5,viral-us-weekly-2020-03-05--2020-03-05.csv,,March,10,Viral 50,2020-03-05
1,2,death bed (coffee for your head),Powfu,https://open.spotify.com/track/7eJMfftS33KTjuF7lTsMCx,viral-us-weekly-2020-03-05--2020-03-05.csv,,March,10,Viral 50,2020-03-05
2,3,Moral of the Story,Ashe,https://open.spotify.com/track/2nC3QhMI9reBIOWutbU3Tj,viral-us-weekly-2020-03-05--2020-03-05.csv,,March,10,Viral 50,2020-03-05
3,4,Skechers,DripReport,https://open.spotify.com/track/4z2JaAVPemYJhFKm7e32RA,viral-us-weekly-2020-03-05--2020-03-05.csv,,March,10,Viral 50,2020-03-05
4,5,4 Da Trap,645AR,https://open.spotify.com/track/5sF13EvLGv5qHFiMuGnMTF,viral-us-weekly-2020-03-05--2020-03-05.csv,,March,10,Viral 50,2020-03-05
5,6,WHATS POPPIN,Jack Harlow,https://open.spotify.com/track/3Q6F8RByyhRTJpRtZLY3cg,viral-us-weekly-2020-03-05--2020-03-05.csv,,March,10,Viral 50,2020-03-05
6,7,Walked In,Ultradiox,https://open.spotify.com/track/1tRlGMHsf21FDo6pja27YN,viral-us-weekly-2020-03-05--2020-03-05.csv,,March,10,Viral 50,2020-03-05
7,8,Stuck Up,Music With Edgar,https://open.spotify.com/track/582UuerUL1zx7IyudPW9Mo,viral-us-weekly-2020-03-05--2020-03-05.csv,,March,10,Viral 50,2020-03-05
8,9,My Truck,BRELAND,https://open.spotify.com/track/1mpD5ioZ9479I6CuKxn3K9,viral-us-weekly-2020-03-05--2020-03-05.csv,,March,10,Viral 50,2020-03-05
9,10,My Heart Went Oops,Tiagz,https://open.spotify.com/track/3Nhfs2Cx7z2JWHetYkzSfO,viral-us-weekly-2020-03-05--2020-03-05.csv,,March,10,Viral 50,2020-03-05
10,11,She Gon Go,Trill Ryan,https://open.spotify.com/track/7FknBUKLWwjWszRK1N0jqe,viral-us-weekly-2020-03-05--2020-03-05.csv,,March,10,Viral 50,2020-03-05
11,12,Supalonely,BENEE,https://open.spotify.com/track/4nK5YrxbMGZstTLbvj6Gxw,viral-us-weekly-2020-03-05--2020-03-05.csv,,March,10,Viral 50,2020-03-05
12,13,Blueberry Faygo,Lil Mosey,https://open.spotify.com/track/22LAwLoDA5b4AaGSkg6bKW,viral-us-weekly-2020-03-05--2020-03-05.csv,,March,10,Viral 50,2020-03-05
13,14,Intentions (feat. Quavo),Justin Bieber,https://open.spotify.com/track/4umIPjkehX1r7uhmGvXiSV,viral-us-weekly-2020-03-05--2020-03-05.csv,,March,10,Viral 50,2020-03-05
14,15,Sunday Best,Surfaces,https://open.spotify.com/track/1Cv1YLb4q0RzL6pybtaMLo,viral-us-weekly-2020-03-05--2020-03-05.csv,,March,10,Viral 50,2020-03-05
15,16,Trust,Brent Faiyaz,https://open.spotify.com/track/0oufSLnKQDoBFX5mgkDCgR,viral-us-weekly-2020-03-05--2020-03-05.csv,,March,10,Viral 50,2020-03-05
16,17,Say So,Doja Cat,https://open.spotify.com/track/3Dv1eDb0MEgF93GpLXlucZ,viral-us-weekly-2020-03-05--2020-03-05.csv,,March,10,Viral 50,2020-03-05
17,18,CITY OF ANGELS,24kGoldn,https://open.spotify.com/track/6ap9lSRJ0iLriGLqoJ44cq,viral-us-weekly-2020-03-05--2020-03-05.csv,,March,10,Viral 50,2020-03-05
18,19,GENOCIDE,Lil Darkie,https://open.spotify.com/track/68Y3zzmt2XxzheQVGbbJt4,viral-us-weekly-2020-03-05--2020-03-05.csv,,March,10,Viral 50,2020-03-05
19,20,3 Vets,The Future Kingz,https://open.spotify.com/track/6t3sBdc5SbMlk5AyGvMei2,viral-us-weekly-2020-03-05--2020-03-05.csv,,March,10,Viral 50,2020-03-05
20,21,"People, I've been sad",Christine and the Queens,https://open.spotify.com/track/0KywIrJ4Xir4tS6q61aY1W,viral-us-weekly-2020-03-05--2020-03-05.csv,,March,10,Viral 50,2020-03-05
21,22,Psycho!,MASN,https://open.spotify.com/track/4sSu9BtWSCWRNjGD2AvqbG,viral-us-weekly-2020-03-05--2020-03-05.csv,,March,10,Viral 50,2020-03-05
22,23,Roses - Imanbek Remix,SAINt JHN,https://open.spotify.com/track/24Yi9hE78yPEbZ4kxyoXAI,viral-us-weekly-2020-03-05--2020-03-05.csv,,March,10,Viral 50,2020-03-05
23,24,The Box,Roddy Ricch,https://open.spotify.com/track/0nbXyq5TXYPCO7pr3N8S4I,viral-us-weekly-2020-03-05--2020-03-05.csv,,March,10,Viral 50,2020-03-05
24,25,BLACKOUT,Lil Kapow,https://open.spotify.com/track/29hrQIClzqNqMPO4bVWcjI,viral-us-weekly-2020-03-05--2020-03-05.csv,,March,10,Viral 50,2020-03-05
25,26,Get the Gat,Lil Elt,https://open.spotify.com/track/4gxh3vX2vDeiey5cDQvXDR,viral-us-weekly-2020-03-05--2020-03-05.csv,,March,10,Viral 50,2020-03-05
26,27,Still Be Friends (feat. Tory Lanez & Tyga),G-Eazy,https://open.spotify.com/track/0JjM9bKm4wrwohMslcm892,viral-us-weekly-2020-03-05--2020-03-05.csv,,March,10,Viral 50,2020-03-05
27,28,Slowly,ODIE,https://open.spotify.com/track/3GGhyTPYDufku46UtvLTPi,viral-us-weekly-2020-03-05--2020-03-05.csv,,March,10,Viral 50,2020-03-05
28,29,Bussin,Tay Money,https://open.spotify.com/track/2OBot5OpoT4deri6VkYCyW,viral-us-weekly-2020-03-05--2020-03-05.csv,,March,10,Viral 50,2020-03-05
29,30,About Love - From The Netflix Film “To All The Boys: P.S. I Still Love You”,MARINA,https://open.spotify.com/track/4XII12nbsvJblXfG1I2QR4,viral-us-weekly-2020-03-05--2020-03-05.csv,,March,10,Viral 50,2020-03-05
30,31,Apollo,Smoove'L,https://open.spotify.com/track/0VPmIETYsw3JBnyh4iDjVv,viral-us-weekly-2020-03-05--2020-03-05.csv,,March,10,Viral 50,2020-03-05
31,32,Make His Pockets Hurt,Lil Kayla,https://open.spotify.com/track/4MszwagGVhBYTJkXe0KOEp,viral-us-weekly-2020-03-05--2020-03-05.csv,,March,10,Viral 50,2020-03-05
32,33,Know Your Worth,Khalid,https://open.spotify.com/track/0TrPqhAMoaKUFLR7iYDokf,viral-us-weekly-2020-03-05--2020-03-05.csv,,March,10,Viral 50,2020-03-05
33,34,Blinding Lights,The Weeknd,https://open.spotify.com/track/0sf12qNH5qcw8qpgymFOqD,viral-us-weekly-2020-03-05--2020-03-05.csv,,March,10,Viral 50,2020-03-05
34,35,Diva (feat. Lil Tecca),The Kid LAROI,https://open.spotify.com/track/7gVwgc8b3XnO87TpmXXFA5,viral-us-weekly-2020-03-05--2020-03-05.csv,,March,10,Viral 50,2020-03-05
35,36,Amor Tumbado,Natanael Cano,https://open.spotify.com/track/5aJ1M43pinROpwaPnO8KRj,viral-us-weekly-2020-03-05--2020-03-05.csv,,March,10,Viral 50,2020-03-05
36,37,Boys Ain't Shit,SAYGRACE,https://open.spotify.com/track/6vzLbfskWigBsCzNdB0kfE,viral-us-weekly-2020-03-05--2020-03-05.csv,,March,10,Viral 50,2020-03-05
37,38,LOYAL (feat. Drake and Bad Bunny) - Remix,PARTYNEXTDOOR,https://open.spotify.com/track/6RbH4isVKIOg1OY1HvRqFc,viral-us-weekly-2020-03-05--2020-03-05.csv,,March,10,Viral 50,2020-03-05
38,39,circle the drain,Soccer Mommy,https://open.spotify.com/track/2drtd6SptpMJ1KylMQ7mrE,viral-us-weekly-2020-03-05--2020-03-05.csv,,March,10,Viral 50,2020-03-05
39,40,Shake The Room (feat. Quavo),Pop Smoke,https://open.spotify.com/track/7rSnKi58HPIVC0FVyh04Q1,viral-us-weekly-2020-03-05--2020-03-05.csv,,March,10,Viral 50,2020-03-05
40,41,Vete,Bad Bunny,https://open.spotify.com/track/2n7ohqg1s68ToAHh4u9mcW,viral-us-weekly-2020-03-05--2020-03-05.csv,,March,10,Viral 50,2020-03-05
41,42,Springtime,Chris Renzema,https://open.spotify.com/track/3u3wIwedK7lT55qBqZ1M1s,viral-us-weekly-2020-03-05--2020-03-05.csv,,March,10,Viral 50,2020-03-05
42,43,High Fashion (feat. Mustard),Roddy Ricch,https://open.spotify.com/track/07KXEDMj78x68D884wgVEm,viral-us-weekly-2020-03-05--2020-03-05.csv,,March,10,Viral 50,2020-03-05
43,44,GOODMORNINGTOKYO!,TOKYO’S REVENGE,https://open.spotify.com/track/0Q2n5yzl2XRqYbV77tZNYp,viral-us-weekly-2020-03-05--2020-03-05.csv,,March,10,Viral 50,2020-03-05
44,45,Breaking Me,Topic,https://open.spotify.com/track/3H7ihDc1dqLriiWXwsc2po,viral-us-weekly-2020-03-05--2020-03-05.csv,,March,10,Viral 50,2020-03-05
45,46,Drugs,UPSAHL,https://open.spotify.com/track/06ioYJ99HHjzRk8HrGfkKS,viral-us-weekly-2020-03-05--2020-03-05.csv,,March,10,Viral 50,2020-03-05
46,47,P*$$Y Fairy (OTW),Jhené Aiko,https://open.spotify.com/track/48KXAIruJ07kJVCWOGohMV,viral-us-weekly-2020-03-05--2020-03-05.csv,,March,10,Viral 50,2020-03-05
47,48,Broke In A Minute,Tory Lanez,https://open.spotify.com/track/2ZrAjMSmlbDIil0JaVgTHh,viral-us-weekly-2020-03-05--2020-03-05.csv,,March,10,Viral 50,2020-03-05
48,49,Yikes,Nicki Minaj,https://open.spotify.com/track/75dLEqanQTupF3dtP9exT5,viral-us-weekly-2020-03-05--2020-03-05.csv,,March,10,Viral 50,2020-03-05
49,50,Working Bitch,Ashnikko,https://open.spotify.com/track/7g7w2WUpLcqsqH2M9XR7ZF,viral-us-weekly-2020-03-05--2020-03-05.csv,,March,10,Viral 50,2020-03-05
0,1,Skechers,DripReport,https://open.spotify.com/track/2alc8VZAzDgdAsL2QMk3hu,mar_viral_50.csv,0.0,March,,Viral 50,
1,2,ily (i love you baby) (feat. Emilee),Surf Mesa,https://open.spotify.com/track/62aP9fBQKYKxi7PDXwcUAS,mar_viral_50.csv,1.0,March,,Viral 50,
2,3,Miss Me,Joseph Black,https://open.spotify.com/track/5y6wOadQ0RZfGZkOey0deO,mar_viral_50.csv,2.0,March,,Viral 50,
3,4,death bed (coffee for your head),Powfu,https://open.spotify.com/track/7eJMfftS33KTjuF7lTsMCx,mar_viral_50.csv,3.0,March,,Viral 50,
4,5,Supalonely,BENEE,https://open.spotify.com/track/4nK5YrxbMGZstTLbvj6Gxw,mar_viral_50.csv,4.0,March,,Viral 50,
5,6,I'm Yer Dad,GRLwood,https://open.spotify.com/track/0GxbglYySl18aZDIaGu1RU,mar_viral_50.csv,5.0,March,,Viral 50,
6,7,Roses - Imanbek Remix,SAINt JHN,https://open.spotify.com/track/24Yi9hE78yPEbZ4kxyoXAI,mar_viral_50.csv,6.0,March,,Viral 50,
7,8,The Gambler,Kenny Rogers,https://open.spotify.com/track/5KqldkCunQ2rWxruMEtGh0,mar_viral_50.csv,7.0,March,,Viral 50,
8,9,Vibe (If I Back It Up),Cookiee Kawaii,https://open.spotify.com/track/4gOgQTv9RYYFZ1uQNnlk3q,mar_viral_50.csv,8.0,March,,Viral 50,
9,10,Comatose,jxdn,https://open.spotify.com/track/1FIv5SzIBWmCF5Xmt8N6BD,mar_viral_50.csv,9.0,March,,Viral 50,
10,11,After Hours,The Weeknd,https://open.spotify.com/track/2p8IUWQDrpjuFltbdgLOag,mar_viral_50.csv,10.0,March,,Viral 50,
11,12,Moral of the Story,Ashe,https://open.spotify.com/track/2nC3QhMI9reBIOWutbU3Tj,mar_viral_50.csv,11.0,March,,Viral 50,
12,13,Blinding Lights,The Weeknd,https://open.spotify.com/track/0VjIjW4GlUZAMYd2vXMi3b,mar_viral_50.csv,12.0,March,,Viral 50,
13,14,WHATS POPPIN,Jack Harlow,https://open.spotify.com/track/1jaTQ3nqY3oAAYyCTbIvnM,mar_viral_50.csv,13.0,March,,Viral 50,
14,15,PTSD,G Herbo,https://open.spotify.com/track/3jT2LKH0RSbQ8jIUNFzXm5,mar_viral_50.csv,14.0,March,,Viral 50,
15,16,3 Vets,The Future Kingz,https://open.spotify.com/track/6t3sBdc5SbMlk5AyGvMei2,mar_viral_50.csv,15.0,March,,Viral 50,
16,17,She Gon Go,Trill Ryan,https://open.spotify.com/track/7FknBUKLWwjWszRK1N0jqe,mar_viral_50.csv,16.0,March,,Viral 50,
17,18,FRIENDS,LAUNDRY DAY,https://open.spotify.com/track/3usbnvDFtOhY09cRNar8Zg,mar_viral_50.csv,17.0,March,,Viral 50,
18,19,Sunday Best,Surfaces,https://open.spotify.com/track/1Cv1YLb4q0RzL6pybtaMLo,mar_viral_50.csv,18.0,March,,Viral 50,
19,20,Through The Years - Single Version,Kenny Rogers,https://open.spotify.com/track/4pP5xVUYEZljcmfyYFQXsx,mar_viral_50.csv,19.0,March,,Viral 50,
20,21,CITY OF ANGELS,24kGoldn,https://open.spotify.com/track/6ap9lSRJ0iLriGLqoJ44cq,mar_viral_50.csv,20.0,March,,Viral 50,
21,22,My Heart Went Oops,Tiagz,https://open.spotify.com/track/3Nhfs2Cx7z2JWHetYkzSfO,mar_viral_50.csv,21.0,March,,Viral 50,
22,23,Safaera,Bad Bunny,https://open.spotify.com/track/2DEZmgHKAvm41k4J3R2E9Y,mar_viral_50.csv,22.0,March,,Viral 50,
23,24,We've Got Tonight,Kenny Rogers,https://open.spotify.com/track/5vXsj8L4DK1gGQ43BBG028,mar_viral_50.csv,23.0,March,,Viral 50,
24,25,Blueberry Faygo,Lil Mosey,https://open.spotify.com/track/22LAwLoDA5b4AaGSkg6bKW,mar_viral_50.csv,24.0,March,,Viral 50,
25,26,Islands in the Stream,Dolly Parton,https://open.spotify.com/track/6apPqjW8ezpKEicAkkBlvO,mar_viral_50.csv,25.0,March,,Viral 50,
26,27,Lady,Kenny Rogers,https://open.spotify.com/track/5Pj5zrq2nbKcAekH1AxbrO,mar_viral_50.csv,26.0,March,,Viral 50,
27,28,My Truck,BRELAND,https://open.spotify.com/track/1mpD5ioZ9479I6CuKxn3K9,mar_viral_50.csv,27.0,March,,Viral 50,
28,29,Coward Of The County,Kenny Rogers,https://open.spotify.com/track/0JkIre0YxNmKGMU5V7ZiDx,mar_viral_50.csv,28.0,March,,Viral 50,
29,30,If the World Was Ending - feat. Julia Michaels,JP Saxe,https://open.spotify.com/track/2kJwzbxV2ppxnQoYw4GLBZ,mar_viral_50.csv,29.0,March,,Viral 50,
30,31,Walked In,Ultradiox,https://open.spotify.com/track/1tRlGMHsf21FDo6pja27YN,mar_viral_50.csv,30.0,March,,Viral 50,
31,32,That Way - Bonus Track,Lil Uzi Vert,https://open.spotify.com/track/2ajzBr7vwHTEBeqDzcsNRC,mar_viral_50.csv,31.0,March,,Viral 50,
32,33,Rojo,J Balvin,https://open.spotify.com/track/380HmhwTE2NJgawn1NwkXi,mar_viral_50.csv,32.0,March,,Viral 50,
33,34,Lucille,Kenny Rogers,https://open.spotify.com/track/15ADURMdkO25JGD5mIcodM,mar_viral_50.csv,33.0,March,,Viral 50,
34,35,Si Veo a Tu Mamá,Bad Bunny,https://open.spotify.com/track/41wtwzCZkXwpnakmwJ239F,mar_viral_50.csv,34.0,March,,Viral 50,
35,36,Psycho!,MASN,https://open.spotify.com/track/5LKkteRQ1wWv7XCIEA5F2q,mar_viral_50.csv,35.0,March,,Viral 50,
36,37,Drop 'Em Out,Wheeler Walker Jr.,https://open.spotify.com/track/0imfNymwLWKyhLBlBZYg53,mar_viral_50.csv,36.0,March,,Viral 50,
37,38,Trust,Brent Faiyaz,https://open.spotify.com/track/0oufSLnKQDoBFX5mgkDCgR,mar_viral_50.csv,37.0,March,,Viral 50,
38,39,Love Will Turn You Around,Kenny Rogers,https://open.spotify.com/track/1M2a5TNHqmr2zXZZcB7xTe,mar_viral_50.csv,38.0,March,,Viral 50,
39,40,Ruby Don't Take Your Love to Town,Kenny Rogers & The First Edition,https://open.spotify.com/track/55JrQ3cHaR9lWGnmAZ0sGy,mar_viral_50.csv,39.0,March,,Viral 50,
40,41,You Can't Make Old Friends - Duet with Dolly Parton,Kenny Rogers,https://open.spotify.com/track/48Xp0fGOluD1NJmHOeYFg5,mar_viral_50.csv,40.0,March,,Viral 50,
41,42,Say So,Doja Cat,https://open.spotify.com/track/3Dv1eDb0MEgF93GpLXlucZ,mar_viral_50.csv,41.0,March,,Viral 50,
42,43,It's The End Of The World As We Know It (And I Feel Fine),R.E.M.,https://open.spotify.com/track/2oSpQ7QtIKTNFfA08Cy0ku,mar_viral_50.csv,42.0,March,,Viral 50,
43,44,Dragonball Durag,Thundercat,https://open.spotify.com/track/62PclpoBFLl50PJpiJA5RT,mar_viral_50.csv,43.0,March,,Viral 50,
44,45,Selfish,Madison Beer,https://open.spotify.com/track/4PV0uE5pZSh44E3NqNNDEH,mar_viral_50.csv,44.0,March,,Viral 50,
45,46,Boss Bitch,Doja Cat,https://open.spotify.com/track/78qd8dvwea0Gosb6Fe6j3k,mar_viral_50.csv,45.0,March,,Viral 50,
46,47,She Believes In Me,Kenny Rogers,https://open.spotify.com/track/5ggOAMsJCAYDHnyoqJ0xAD,mar_viral_50.csv,46.0,March,,Viral 50,
47,48,Just Dropped In (To See What Condition My Condition Was In),The First Edition,https://open.spotify.com/track/4Wrc3Jz4POj0ibPj5iuq0r,mar_viral_50.csv,47.0,March,,Viral 50,
48,49,You Decorated My Life,Kenny Rogers,https://open.spotify.com/track/6SFeCisbYSqaQwL9hucoF2,mar_viral_50.csv,48.0,March,,Viral 50,
49,50,I Do,Astrid S,https://open.spotify.com/track/6yKkgZBuakFy6SPtsZBR5H,mar_viral_50.csv,49.0,March,,Viral 50,
50,1,Skechers,DripReport,https://open.spotify.com/track/4z2JaAVPemYJhFKm7e32RA,mar_viral_50.csv,0.0,March,,Viral 50,
51,2,ily (i love you baby) (feat. Emilee),Surf Mesa,https://open.spotify.com/track/62aP9fBQKYKxi7PDXwcUAS,mar_viral_50.csv,1.0,March,,Viral 50,
52,3,death bed (coffee for your head),Powfu,https://open.spotify.com/track/7eJMfftS33KTjuF7lTsMCx,mar_viral_50.csv,2.0,March,,Viral 50,
53,4,Supalonely,BENEE,https://open.spotify.com/track/4nK5YrxbMGZstTLbvj6Gxw,mar_viral_50.csv,3.0,March,,Viral 50,
54,5,Vibe,Cookiee Kawaii,https://open.spotify.com/track/7btQ8AOjr6zXoGHEmxL5u5,mar_viral_50.csv,4.0,March,,Viral 50,
55,6,I'm Yer Dad,GRLwood,https://open.spotify.com/track/0GxbglYySl18aZDIaGu1RU,mar_viral_50.csv,5.0,March,,Viral 50,
56,7,Moral of the Story,Ashe,https://open.spotify.com/track/2nC3QhMI9reBIOWutbU3Tj,mar_viral_50.csv,6.0,March,,Viral 50,
57,8,WHATS POPPIN,Jack Harlow,https://open.spotify.com/track/1jaTQ3nqY3oAAYyCTbIvnM,mar_viral_50.csv,7.0,March,,Viral 50,
58,9,She Gon Go,Trill Ryan,https://open.spotify.com/track/7FknBUKLWwjWszRK1N0jqe,mar_viral_50.csv,8.0,March,,Viral 50,
59,10,It's The End Of The World As We Know It (And I Feel Fine),R.E.M.,https://open.spotify.com/track/2oSpQ7QtIKTNFfA08Cy0ku,mar_viral_50.csv,9.0,March,,Viral 50,
60,11,3 Vets,The Future Kingz,https://open.spotify.com/track/6t3sBdc5SbMlk5AyGvMei2,mar_viral_50.csv,10.0,March,,Viral 50,
61,12,My Heart Went Oops,Tiagz,https://open.spotify.com/track/3Nhfs2Cx7z2JWHetYkzSfO,mar_viral_50.csv,11.0,March,,Viral 50,
62,13,Walked In,Ultradiox,https://open.spotify.com/track/1tRlGMHsf21FDo6pja27YN,mar_viral_50.csv,12.0,March,,Viral 50,
63,14,CITY OF ANGELS,24kGoldn,https://open.spotify.com/track/6ap9lSRJ0iLriGLqoJ44cq,mar_viral_50.csv,13.0,March,,Viral 50,
64,15,Roses - Imanbek Remix,SAINt JHN,https://open.spotify.com/track/24Yi9hE78yPEbZ4kxyoXAI,mar_viral_50.csv,14.0,March,,Viral 50,
65,16,Blueberry Faygo,Lil Mosey,https://open.spotify.com/track/22LAwLoDA5b4AaGSkg6bKW,mar_viral_50.csv,15.0,March,,Viral 50,
66,17,Sunday Best,Surfaces,https://open.spotify.com/track/1Cv1YLb4q0RzL6pybtaMLo,mar_viral_50.csv,16.0,March,,Viral 50,
67,18,If the World Was Ending - feat. Julia Michaels,JP Saxe,https://open.spotify.com/track/2kJwzbxV2ppxnQoYw4GLBZ,mar_viral_50.csv,17.0,March,,Viral 50,
68,19,My Truck,BRELAND,https://open.spotify.com/track/1mpD5ioZ9479I6CuKxn3K9,mar_viral_50.csv,18.0,March,,Viral 50,
69,20,Dragonball Durag,Thundercat,https://open.spotify.com/track/62PclpoBFLl50PJpiJA5RT,mar_viral_50.csv,19.0,March,,Viral 50,
70,21,4 Da Trap,645AR,https://open.spotify.com/track/5sF13EvLGv5qHFiMuGnMTF,mar_viral_50.csv,20.0,March,,Viral 50,
71,22,Exhibit C,Jay Electronica,https://open.spotify.com/track/23uJbBKyqs1dibvfECdjSH,mar_viral_50.csv,21.0,March,,Viral 50,
72,23,Go Stupid (feat. NLE Choppa & Mike WiLL Made-It),Polo G,https://open.spotify.com/track/74fV8TuLZKVzSIOOGu8wwI,mar_viral_50.csv,22.0,March,,Viral 50,
73,24,Trust,Brent Faiyaz,https://open.spotify.com/track/0oufSLnKQDoBFX5mgkDCgR,mar_viral_50.csv,23.0,March,,Viral 50,
74,25,Say So,Doja Cat,https://open.spotify.com/track/3Dv1eDb0MEgF93GpLXlucZ,mar_viral_50.csv,24.0,March,,Viral 50,
75,26,Intentions (feat. Quavo),Justin Bieber,https://open.spotify.com/track/4umIPjkehX1r7uhmGvXiSV,mar_viral_50.csv,25.0,March,,Viral 50,
76,27,The Box,Roddy Ricch,https://open.spotify.com/track/0nbXyq5TXYPCO7pr3N8S4I,mar_viral_50.csv,26.0,March,,Viral 50,
77,28,Blinding Lights,The Weeknd,https://open.spotify.com/track/0sf12qNH5qcw8qpgymFOqD,mar_viral_50.csv,27.0,March,,Viral 50,
78,29,We Own the Night,Chandler Kinney,https://open.spotify.com/track/3n1lJB7m8iNDToXJVzIHD2,mar_viral_50.csv,28.0,March,,Viral 50,
79,30,Ignorantes,Bad Bunny,https://open.spotify.com/track/38RIEav39FGi86jppxO0du,mar_viral_50.csv,29.0,March,,Viral 50,
80,31,BLACKOUT,Lil Kapow,https://open.spotify.com/track/29hrQIClzqNqMPO4bVWcjI,mar_viral_50.csv,30.0,March,,Viral 50,
81,32,Psycho!,MASN,https://open.spotify.com/track/5LKkteRQ1wWv7XCIEA5F2q,mar_viral_50.csv,31.0,March,,Viral 50,
82,33,Stuck Up,Music With Edgar,https://open.spotify.com/track/582UuerUL1zx7IyudPW9Mo,mar_viral_50.csv,32.0,March,,Viral 50,
83,34,Whiskey in the Jar,The Dubliners,https://open.spotify.com/track/1UzofFX5AkfTDnwjcBkM4J,mar_viral_50.csv,33.0,March,,Viral 50,
84,35,Throw That Back Like a Cadillac,El Memer,https://open.spotify.com/track/1Y0gaC5pqe1fPv1mlajGNA,mar_viral_50.csv,34.0,March,,Viral 50,
85,36,After Hours,The Weeknd,https://open.spotify.com/track/4ejyZ4uJEXUURcgKp1kP8v,mar_viral_50.csv,35.0,March,,Viral 50,
86,37,Drop 'Em Out,Wheeler Walker Jr.,https://open.spotify.com/track/0imfNymwLWKyhLBlBZYg53,mar_viral_50.csv,36.0,March,,Viral 50,
87,38,Bussin,Tay Money,https://open.spotify.com/track/2OBot5OpoT4deri6VkYCyW,mar_viral_50.csv,37.0,March,,Viral 50,
88,39,Modern Loneliness,Lauv,https://open.spotify.com/track/1eyek0KJEh2v5HQ9uQSybb,mar_viral_50.csv,38.0,March,,Viral 50,
89,40,Selfish,Madison Beer,https://open.spotify.com/track/4PV0uE5pZSh44E3NqNNDEH,mar_viral_50.csv,39.0,March,,Viral 50,
90,41,Apollo,Smoove'L,https://open.spotify.com/track/0VPmIETYsw3JBnyh4iDjVv,mar_viral_50.csv,40.0,March,,Viral 50,
91,42,Boss Bitch,Doja Cat,https://open.spotify.com/track/78qd8dvwea0Gosb6Fe6j3k,mar_viral_50.csv,41.0,March,,Viral 50,
92,43,Don't Stand So Close To Me,The Police,https://open.spotify.com/track/5veJDT0MLsLbhYsx42GXUD,mar_viral_50.csv,42.0,March,,Viral 50,
93,44,This is Us,Jimmie Allen,https://open.spotify.com/track/7DnNU5rQLgy4KEYvFMrGgW,mar_viral_50.csv,43.0,March,,Viral 50,
94,45,Amor Tumbado,Natanael Cano,https://open.spotify.com/track/5aJ1M43pinROpwaPnO8KRj,mar_viral_50.csv,44.0,March,,Viral 50,
95,46,I'm Shipping Up To Boston,Dropkick Murphys,https://open.spotify.com/track/7rSERmjAT38lC5QhJ8hnQc,mar_viral_50.csv,45.0,March,,Viral 50,
96,47,Your Love (Déjà Vu),Glass Animals,https://open.spotify.com/track/5DYD4zlGiFlkpLaf2Bk8Vl,mar_viral_50.csv,46.0,March,,Viral 50,
97,48,Diva (feat. Lil Tecca),The Kid LAROI,https://open.spotify.com/track/7gVwgc8b3XnO87TpmXXFA5,mar_viral_50.csv,47.0,March,,Viral 50,
98,49,Need Me,J.I the Prince of N.Y,https://open.spotify.com/track/2dzja72gQodveSpguIQGJl,mar_viral_50.csv,48.0,March,,Viral 50,
99,50,High Fashion (feat. Mustard),Roddy Ricch,https://open.spotify.com/track/07KXEDMj78x68D884wgVEm,mar_viral_50.csv,49.0,March,,Viral 50,
100,1,Vibe,Cookiee Kawaii,https://open.spotify.com/track/7btQ8AOjr6zXoGHEmxL5u5,mar_viral_50.csv,0.0,March,,Viral 50,
101,2,death bed (coffee for your head),Powfu,https://open.spotify.com/track/7eJMfftS33KTjuF7lTsMCx,mar_viral_50.csv,1.0,March,,Viral 50,
102,3,Moral of the Story,Ashe,https://open.spotify.com/track/2nC3QhMI9reBIOWutbU3Tj,mar_viral_50.csv,2.0,March,,Viral 50,
103,4,Skechers,DripReport,https://open.spotify.com/track/4z2JaAVPemYJhFKm7e32RA,mar_viral_50.csv,3.0,March,,Viral 50,
104,5,4 Da Trap,645AR,https://open.spotify.com/track/5sF13EvLGv5qHFiMuGnMTF,mar_viral_50.csv,4.0,March,,Viral 50,
105,6,WHATS POPPIN,Jack Harlow,https://open.spotify.com/track/3Q6F8RByyhRTJpRtZLY3cg,mar_viral_50.csv,5.0,March,,Viral 50,
106,7,Walked In,Ultradiox,https://open.spotify.com/track/1tRlGMHsf21FDo6pja27YN,mar_viral_50.csv,6.0,March,,Viral 50,
107,8,Stuck Up,Music With Edgar,https://open.spotify.com/track/582UuerUL1zx7IyudPW9Mo,mar_viral_50.csv,7.0,March,,Viral 50,
108,9,My Truck,BRELAND,https://open.spotify.com/track/1mpD5ioZ9479I6CuKxn3K9,mar_viral_50.csv,8.0,March,,Viral 50,
109,10,My Heart Went Oops,Tiagz,https://open.spotify.com/track/3Nhfs2Cx7z2JWHetYkzSfO,mar_viral_50.csv,9.0,March,,Viral 50,
110,11,She Gon Go,Trill Ryan,https://open.spotify.com/track/7FknBUKLWwjWszRK1N0jqe,mar_viral_50.csv,10.0,March,,Viral 50,
111,12,Supalonely,BENEE,https://open.spotify.com/track/4nK5YrxbMGZstTLbvj6Gxw,mar_viral_50.csv,11.0,March,,Viral 50,
112,13,Blueberry Faygo,Lil Mosey,https://open.spotify.com/track/22LAwLoDA5b4AaGSkg6bKW,mar_viral_50.csv,12.0,March,,Viral 50,
113,14,Intentions (feat. Quavo),Justin Bieber,https://open.spotify.com/track/4umIPjkehX1r7uhmGvXiSV,mar_viral_50.csv,13.0,March,,Viral 50,
114,15,Sunday Best,Surfaces,https://open.spotify.com/track/1Cv1YLb4q0RzL6pybtaMLo,mar_viral_50.csv,14.0,March,,Viral 50,
115,16,Trust,Brent Faiyaz,https://open.spotify.com/track/0oufSLnKQDoBFX5mgkDCgR,mar_viral_50.csv,15.0,March,,Viral 50,
116,17,Say So,Doja Cat,https://open.spotify.com/track/3Dv1eDb0MEgF93GpLXlucZ,mar_viral_50.csv,16.0,March,,Viral 50,
117,18,CITY OF ANGELS,24kGoldn,https://open.spotify.com/track/6ap9lSRJ0iLriGLqoJ44cq,mar_viral_50.csv,17.0,March,,Viral 50,
118,19,GENOCIDE,Lil Darkie,https://open.spotify.com/track/68Y3zzmt2XxzheQVGbbJt4,mar_viral_50.csv,18.0,March,,Viral 50,
119,20,3 Vets,The Future Kingz,https://open.spotify.com/track/6t3sBdc5SbMlk5AyGvMei2,mar_viral_50.csv,19.0,March,,Viral 50,
120,21,"People, I've been sad",Christine and the Queens,https://open.spotify.com/track/0KywIrJ4Xir4tS6q61aY1W,mar_viral_50.csv,20.0,March,,Viral 50,
121,22,Psycho!,MASN,https://open.spotify.com/track/4sSu9BtWSCWRNjGD2AvqbG,mar_viral_50.csv,21.0,March,,Viral 50,
122,23,Roses - Imanbek Remix,SAINt JHN,https://open.spotify.com/track/24Yi9hE78yPEbZ4kxyoXAI,mar_viral_50.csv,22.0,March,,Viral 50,
123,24,The Box,Roddy Ricch,https://open.spotify.com/track/0nbXyq5TXYPCO7pr3N8S4I,mar_viral_50.csv,23.0,March,,Viral 50,
124,25,BLACKOUT,Lil Kapow,https://open.spotify.com/track/29hrQIClzqNqMPO4bVWcjI,mar_viral_50.csv,24.0,March,,Viral 50,
125,26,Get the Gat,Lil Elt,https://open.spotify.com/track/4gxh3vX2vDeiey5cDQvXDR,mar_viral_50.csv,25.0,March,,Viral 50,
126,27,Still Be Friends (feat. Tory Lanez & Tyga),G-Eazy,https://open.spotify.com/track/0JjM9bKm4wrwohMslcm892,mar_viral_50.csv,26.0,March,,Viral 50,
127,28,Slowly,ODIE,https://open.spotify.com/track/3GGhyTPYDufku46UtvLTPi,mar_viral_50.csv,27.0,March,,Viral 50,
128,29,Bussin,Tay Money,https://open.spotify.com/track/2OBot5OpoT4deri6VkYCyW,mar_viral_50.csv,28.0,March,,Viral 50,
129,30,About Love - From The Netflix Film “To All The Boys: P.S. I Still Love You”,MARINA,https://open.spotify.com/track/4XII12nbsvJblXfG1I2QR4,mar_viral_50.csv,29.0,March,,Viral 50,
130,31,Apollo,Smoove'L,https://open.spotify.com/track/0VPmIETYsw3JBnyh4iDjVv,mar_viral_50.csv,30.0,March,,Viral 50,
131,32,Make His Pockets Hurt,Lil Kayla,https://open.spotify.com/track/4MszwagGVhBYTJkXe0KOEp,mar_viral_50.csv,31.0,March,,Viral 50,
132,33,Know Your Worth,Khalid,https://open.spotify.com/track/0TrPqhAMoaKUFLR7iYDokf,mar_viral_50.csv,32.0,March,,Viral 50,
133,34,Blinding Lights,The Weeknd,https://open.spotify.com/track/0sf12qNH5qcw8qpgymFOqD,mar_viral_50.csv,33.0,March,,Viral 50,
134,35,Diva (feat. Lil Tecca),The Kid LAROI,https://open.spotify.com/track/7gVwgc8b3XnO87TpmXXFA5,mar_viral_50.csv,34.0,March,,Viral 50,
135,36,Amor Tumbado,Natanael Cano,https://open.spotify.com/track/5aJ1M43pinROpwaPnO8KRj,mar_viral_50.csv,35.0,March,,Viral 50,
136,37,Boys Ain't Shit,SAYGRACE,https://open.spotify.com/track/6vzLbfskWigBsCzNdB0kfE,mar_viral_50.csv,36.0,March,,Viral 50,
137,38,LOYAL (feat. Drake and Bad Bunny) - Remix,PARTYNEXTDOOR,https://open.spotify.com/track/6RbH4isVKIOg1OY1HvRqFc,mar_viral_50.csv,37.0,March,,Viral 50,
138,39,circle the drain,Soccer Mommy,https://open.spotify.com/track/2drtd6SptpMJ1KylMQ7mrE,mar_viral_50.csv,38.0,March,,Viral 50,
139,40,Shake The Room (feat. Quavo),Pop Smoke,https://open.spotify.com/track/7rSnKi58HPIVC0FVyh04Q1,mar_viral_50.csv,39.0,March,,Viral 50,
140,41,Vete,Bad Bunny,https://open.spotify.com/track/2n7ohqg1s68ToAHh4u9mcW,mar_viral_50.csv,40.0,March,,Viral 50,
141,42,Springtime,Chris Renzema,https://open.spotify.com/track/3u3wIwedK7lT55qBqZ1M1s,mar_viral_50.csv,41.0,March,,Viral 50,
142,43,High Fashion (feat. Mustard),Roddy Ricch,https://open.spotify.com/track/07KXEDMj78x68D884wgVEm,mar_viral_50.csv,42.0,March,,Viral 50,
143,44,GOODMORNINGTOKYO!,TOKYO’S REVENGE,https://open.spotify.com/track/0Q2n5yzl2XRqYbV77tZNYp,mar_viral_50.csv,43.0,March,,Viral 50,
144,45,Breaking Me,Topic,https://open.spotify.com/track/3H7ihDc1dqLriiWXwsc2po,mar_viral_50.csv,44.0,March,,Viral 50,
145,46,Drugs,UPSAHL,https://open.spotify.com/track/06ioYJ99HHjzRk8HrGfkKS,mar_viral_50.csv,45.0,March,,Viral 50,
146,47,P*$$Y Fairy (OTW),Jhené Aiko,https://open.spotify.com/track/48KXAIruJ07kJVCWOGohMV,mar_viral_50.csv,46.0,March,,Viral 50,
147,48,Broke In A Minute,Tory Lanez,https://open.spotify.com/track/2ZrAjMSmlbDIil0JaVgTHh,mar_viral_50.csv,47.0,March,,Viral 50,
148,49,Yikes,Nicki Minaj,https://open.spotify.com/track/75dLEqanQTupF3dtP9exT5,mar_viral_50.csv,48.0,March,,Viral 50,
149,50,Working Bitch,Ashnikko,https://open.spotify.com/track/7g7w2WUpLcqsqH2M9XR7ZF,mar_viral_50.csv,49.0,March,,Viral 50,
150,1,Skechers,DripReport,https://open.spotify.com/track/4z2JaAVPemYJhFKm7e32RA,mar_viral_50.csv,0.0,March,,Viral 50,
151,2,death bed (coffee for your head),Powfu,https://open.spotify.com/track/7eJMfftS33KTjuF7lTsMCx,mar_viral_50.csv,1.0,March,,Viral 50,
152,3,ily (i love you baby) (feat. Emilee),Surf Mesa,https://open.spotify.com/track/62aP9fBQKYKxi7PDXwcUAS,mar_viral_50.csv,2.0,March,,Viral 50,
153,4,Vibe,Cookiee Kawaii,https://open.spotify.com/track/7btQ8AOjr6zXoGHEmxL5u5,mar_viral_50.csv,3.0,March,,Viral 50,
154,5,Supalonely,BENEE,https://open.spotify.com/track/4nK5YrxbMGZstTLbvj6Gxw,mar_viral_50.csv,4.0,March,,Viral 50,
155,6,Moral of the Story,Ashe,https://open.spotify.com/track/2nC3QhMI9reBIOWutbU3Tj,mar_viral_50.csv,5.0,March,,Viral 50,
156,7,WHATS POPPIN,Jack Harlow,https://open.spotify.com/track/3Q6F8RByyhRTJpRtZLY3cg,mar_viral_50.csv,6.0,March,,Viral 50,
157,8,She Gon Go,Trill Ryan,https://open.spotify.com/track/7FknBUKLWwjWszRK1N0jqe,mar_viral_50.csv,7.0,March,,Viral 50,
158,9,My Truck,BRELAND,https://open.spotify.com/track/1mpD5ioZ9479I6CuKxn3K9,mar_viral_50.csv,8.0,March,,Viral 50,
159,10,My Heart Went Oops,Tiagz,https://open.spotify.com/track/3Nhfs2Cx7z2JWHetYkzSfO,mar_viral_50.csv,9.0,March,,Viral 50,
160,11,4 Da Trap,645AR,https://open.spotify.com/track/5sF13EvLGv5qHFiMuGnMTF,mar_viral_50.csv,10.0,March,,Viral 50,
161,12,Walked In,Ultradiox,https://open.spotify.com/track/1tRlGMHsf21FDo6pja27YN,mar_viral_50.csv,11.0,March,,Viral 50,
162,13,Blueberry Faygo,Lil Mosey,https://open.spotify.com/track/22LAwLoDA5b4AaGSkg6bKW,mar_viral_50.csv,12.0,March,,Viral 50,
163,14,3 Vets,The Future Kingz,https://open.spotify.com/track/6t3sBdc5SbMlk5AyGvMei2,mar_viral_50.csv,13.0,March,,Viral 50,
164,15,Sunday Best,Surfaces,https://open.spotify.com/track/1Cv1YLb4q0RzL6pybtaMLo,mar_viral_50.csv,14.0,March,,Viral 50,
165,16,Dragonball Durag,Thundercat,https://open.spotify.com/track/62PclpoBFLl50PJpiJA5RT,mar_viral_50.csv,15.0,March,,Viral 50,
166,17,CITY OF ANGELS,24kGoldn,https://open.spotify.com/track/6ap9lSRJ0iLriGLqoJ44cq,mar_viral_50.csv,16.0,March,,Viral 50,
167,18,Trust,Brent Faiyaz,https://open.spotify.com/track/0oufSLnKQDoBFX5mgkDCgR,mar_viral_50.csv,17.0,March,,Viral 50,
168,19,Stuck Up,Music With Edgar,https://open.spotify.com/track/582UuerUL1zx7IyudPW9Mo,mar_viral_50.csv,18.0,March,,Viral 50,
169,20,Ignorantes,Bad Bunny,https://open.spotify.com/track/38RIEav39FGi86jppxO0du,mar_viral_50.csv,19.0,March,,Viral 50,
170,21,Roses - Imanbek Remix,SAINt JHN,https://open.spotify.com/track/24Yi9hE78yPEbZ4kxyoXAI,mar_viral_50.csv,20.0,March,,Viral 50,
171,22,Go Stupid (feat. NLE Choppa & Mike WiLL Made-It),Polo G,https://open.spotify.com/track/74fV8TuLZKVzSIOOGu8wwI,mar_viral_50.csv,21.0,March,,Viral 50,
172,23,Say So,Doja Cat,https://open.spotify.com/track/3Dv1eDb0MEgF93GpLXlucZ,mar_viral_50.csv,22.0,March,,Viral 50,
173,24,Intentions (feat. Quavo),Justin Bieber,https://open.spotify.com/track/4umIPjkehX1r7uhmGvXiSV,mar_viral_50.csv,23.0,March,,Viral 50,
174,25,Bussin,Tay Money,https://open.spotify.com/track/2OBot5OpoT4deri6VkYCyW,mar_viral_50.csv,24.0,March,,Viral 50,
175,26,The Box,Roddy Ricch,https://open.spotify.com/track/0nbXyq5TXYPCO7pr3N8S4I,mar_viral_50.csv,25.0,March,,Viral 50,
176,27,Apollo,Smoove'L,https://open.spotify.com/track/0VPmIETYsw3JBnyh4iDjVv,mar_viral_50.csv,26.0,March,,Viral 50,
177,28,Blinding Lights,The Weeknd,https://open.spotify.com/track/0sf12qNH5qcw8qpgymFOqD,mar_viral_50.csv,27.0,March,,Viral 50,
178,29,BLACKOUT,Lil Kapow,https://open.spotify.com/track/29hrQIClzqNqMPO4bVWcjI,mar_viral_50.csv,28.0,March,,Viral 50,
179,30,Psycho!,MASN,https://open.spotify.com/track/5LKkteRQ1wWv7XCIEA5F2q,mar_viral_50.csv,29.0,March,,Viral 50,
180,31,To Die For,Sam Smith,https://open.spotify.com/track/2ZTYlnhhV1UAReg7wIGolx,mar_viral_50.csv,30.0,March,,Viral 50,
181,32,Dior (with Gunna) - Remix,Pop Smoke,https://open.spotify.com/track/5R9k9x85lAYbamdUoKAJvj,mar_viral_50.csv,31.0,March,,Viral 50,
182,33,If the World Was Ending - feat. Julia Michaels,JP Saxe,https://open.spotify.com/track/2kJwzbxV2ppxnQoYw4GLBZ,mar_viral_50.csv,32.0,March,,Viral 50,
183,34,Selfish,Madison Beer,https://open.spotify.com/track/4PV0uE5pZSh44E3NqNNDEH,mar_viral_50.csv,33.0,March,,Viral 50,
184,35,Bang!,AJR,https://open.spotify.com/track/53BHUFdQphHiZUUG3nx9zn,mar_viral_50.csv,34.0,March,,Viral 50,
185,36,Make His Pockets Hurt,Lil Kayla,https://open.spotify.com/track/4MszwagGVhBYTJkXe0KOEp,mar_viral_50.csv,35.0,March,,Viral 50,
186,37,"Life Is Good (feat. Drake, DaBaby & Lil Baby) - Remix",Future,https://open.spotify.com/track/4iiWcajF1fEUpwcUewc464,mar_viral_50.csv,36.0,March,,Viral 50,
187,38,Love You Like I Used To,Russell Dickerson,https://open.spotify.com/track/1D7cfiC5mxqHfTCcOiRBej,mar_viral_50.csv,37.0,March,,Viral 50,
188,39,Drop 'Em Out,Wheeler Walker Jr.,https://open.spotify.com/track/0imfNymwLWKyhLBlBZYg53,mar_viral_50.csv,38.0,March,,Viral 50,
189,40,None Of Your Concern (feat. Big Sean),Jhené Aiko,https://open.spotify.com/track/75MSZRbAbQuzfUV3Pefvut,mar_viral_50.csv,39.0,March,,Viral 50,
190,41,Count Me In,Switch,https://open.spotify.com/track/1251WepWbxP2Nq4qV5J6BB,mar_viral_50.csv,40.0,March,,Viral 50,
191,42,Amor Tumbado,Natanael Cano,https://open.spotify.com/track/5aJ1M43pinROpwaPnO8KRj,mar_viral_50.csv,41.0,March,,Viral 50,
192,43,Boss Bitch,Doja Cat,https://open.spotify.com/track/78qd8dvwea0Gosb6Fe6j3k,mar_viral_50.csv,42.0,March,,Viral 50,
193,44,Moon & Stars (feat. Maggie Lindemann),$NOT,https://open.spotify.com/track/6sGTEdVdQ1elMrhg9dS2Eg,mar_viral_50.csv,43.0,March,,Viral 50,
194,45,Coronao Now (Remix),El Alfa,https://open.spotify.com/track/047WmwIeerHyIUstFAEz5A,mar_viral_50.csv,44.0,March,,Viral 50,
195,46,About Love - From The Netflix Film “To All The Boys: P.S. I Still Love You”,MARINA,https://open.spotify.com/track/4XII12nbsvJblXfG1I2QR4,mar_viral_50.csv,45.0,March,,Viral 50,
196,47,Diva (feat. Lil Tecca),The Kid LAROI,https://open.spotify.com/track/7gVwgc8b3XnO87TpmXXFA5,mar_viral_50.csv,46.0,March,,Viral 50,
197,48,Moment,Victoria Monét,https://open.spotify.com/track/0gpYL1he4OGJxv42tT747l,mar_viral_50.csv,47.0,March,,Viral 50,
198,49,P*$$Y Fairy (OTW),Jhené Aiko,https://open.spotify.com/track/48KXAIruJ07kJVCWOGohMV,mar_viral_50.csv,48.0,March,,Viral 50,
199,50,High Fashion (feat. Mustard),Roddy Ricch,https://open.spotify.com/track/07KXEDMj78x68D884wgVEm,mar_viral_50.csv,49.0,March,,Viral 50,
0,1,Skechers,DripReport,https://open.spotify.com/track/4z2JaAVPemYJhFKm7e32RA,viral-us-weekly-2020-03-12--2020-03-12.csv,,March,11,Viral 50,2020-03-12
1,2,death bed (coffee for your head),Powfu,https://open.spotify.com/track/7eJMfftS33KTjuF7lTsMCx,viral-us-weekly-2020-03-12--2020-03-12.csv,,March,11,Viral 50,2020-03-12
2,3,ily (i love you baby) (feat. Emilee),Surf Mesa,https://open.spotify.com/track/62aP9fBQKYKxi7PDXwcUAS,viral-us-weekly-2020-03-12--2020-03-12.csv,,March,11,Viral 50,2020-03-12
3,4,Vibe,Cookiee Kawaii,https://open.spotify.com/track/7btQ8AOjr6zXoGHEmxL5u5,viral-us-weekly-2020-03-12--2020-03-12.csv,,March,11,Viral 50,2020-03-12
4,5,Supalonely,BENEE,https://open.spotify.com/track/4nK5YrxbMGZstTLbvj6Gxw,viral-us-weekly-2020-03-12--2020-03-12.csv,,March,11,Viral 50,2020-03-12
5,6,Moral of the Story,Ashe,https://open.spotify.com/track/2nC3QhMI9reBIOWutbU3Tj,viral-us-weekly-2020-03-12--2020-03-12.csv,,March,11,Viral 50,2020-03-12
6,7,WHATS POPPIN,Jack Harlow,https://open.spotify.com/track/3Q6F8RByyhRTJpRtZLY3cg,viral-us-weekly-2020-03-12--2020-03-12.csv,,March,11,Viral 50,2020-03-12
7,8,She Gon Go,Trill Ryan,https://open.spotify.com/track/7FknBUKLWwjWszRK1N0jqe,viral-us-weekly-2020-03-12--2020-03-12.csv,,March,11,Viral 50,2020-03-12
8,9,My Truck,BRELAND,https://open.spotify.com/track/1mpD5ioZ9479I6CuKxn3K9,viral-us-weekly-2020-03-12--2020-03-12.csv,,March,11,Viral 50,2020-03-12
9,10,My Heart Went Oops,Tiagz,https://open.spotify.com/track/3Nhfs2Cx7z2JWHetYkzSfO,viral-us-weekly-2020-03-12--2020-03-12.csv,,March,11,Viral 50,2020-03-12
10,11,4 Da Trap,645AR,https://open.spotify.com/track/5sF13EvLGv5qHFiMuGnMTF,viral-us-weekly-2020-03-12--2020-03-12.csv,,March,11,Viral 50,2020-03-12
11,12,Walked In,Ultradiox,https://open.spotify.com/track/1tRlGMHsf21FDo6pja27YN,viral-us-weekly-2020-03-12--2020-03-12.csv,,March,11,Viral 50,2020-03-12
12,13,Blueberry Faygo,Lil Mosey,https://open.spotify.com/track/22LAwLoDA5b4AaGSkg6bKW,viral-us-weekly-2020-03-12--2020-03-12.csv,,March,11,Viral 50,2020-03-12
13,14,3 Vets,The Future Kingz,https://open.spotify.com/track/6t3sBdc5SbMlk5AyGvMei2,viral-us-weekly-2020-03-12--2020-03-12.csv,,March,11,Viral 50,2020-03-12
14,15,Sunday Best,Surfaces,https://open.spotify.com/track/1Cv1YLb4q0RzL6pybtaMLo,viral-us-weekly-2020-03-12--2020-03-12.csv,,March,11,Viral 50,2020-03-12
15,16,Dragonball Durag,Thundercat,https://open.spotify.com/track/62PclpoBFLl50PJpiJA5RT,viral-us-weekly-2020-03-12--2020-03-12.csv,,March,11,Viral 50,2020-03-12
16,17,CITY OF ANGELS,24kGoldn,https://open.spotify.com/track/6ap9lSRJ0iLriGLqoJ44cq,viral-us-weekly-2020-03-12--2020-03-12.csv,,March,11,Viral 50,2020-03-12
17,18,Trust,Brent Faiyaz,https://open.spotify.com/track/0oufSLnKQDoBFX5mgkDCgR,viral-us-weekly-2020-03-12--2020-03-12.csv,,March,11,Viral 50,2020-03-12
18,19,Stuck Up,Music With Edgar,https://open.spotify.com/track/582UuerUL1zx7IyudPW9Mo,viral-us-weekly-2020-03-12--2020-03-12.csv,,March,11,Viral 50,2020-03-12
19,20,Ignorantes,Bad Bunny,https://open.spotify.com/track/38RIEav39FGi86jppxO0du,viral-us-weekly-2020-03-12--2020-03-12.csv,,March,11,Viral 50,2020-03-12
20,21,Roses - Imanbek Remix,SAINt JHN,https://open.spotify.com/track/24Yi9hE78yPEbZ4kxyoXAI,viral-us-weekly-2020-03-12--2020-03-12.csv,,March,11,Viral 50,2020-03-12
21,22,Go Stupid (feat. NLE Choppa & Mike WiLL Made-It),Polo G,https://open.spotify.com/track/74fV8TuLZKVzSIOOGu8wwI,viral-us-weekly-2020-03-12--2020-03-12.csv,,March,11,Viral 50,2020-03-12
22,23,Say So,Doja Cat,https://open.spotify.com/track/3Dv1eDb0MEgF93GpLXlucZ,viral-us-weekly-2020-03-12--2020-03-12.csv,,March,11,Viral 50,2020-03-12
23,24,Intentions (feat. Quavo),Justin Bieber,https://open.spotify.com/track/4umIPjkehX1r7uhmGvXiSV,viral-us-weekly-2020-03-12--2020-03-12.csv,,March,11,Viral 50,2020-03-12
24,25,Bussin,Tay Money,https://open.spotify.com/track/2OBot5OpoT4deri6VkYCyW,viral-us-weekly-2020-03-12--2020-03-12.csv,,March,11,Viral 50,2020-03-12
25,26,The Box,Roddy Ricch,https://open.spotify.com/track/0nbXyq5TXYPCO7pr3N8S4I,viral-us-weekly-2020-03-12--2020-03-12.csv,,March,11,Viral 50,2020-03-12
26,27,Apollo,Smoove'L,https://open.spotify.com/track/0VPmIETYsw3JBnyh4iDjVv,viral-us-weekly-2020-03-12--2020-03-12.csv,,March,11,Viral 50,2020-03-12
27,28,Blinding Lights,The Weeknd,https://open.spotify.com/track/0sf12qNH5qcw8qpgymFOqD,viral-us-weekly-2020-03-12--2020-03-12.csv,,March,11,Viral 50,2020-03-12
28,29,BLACKOUT,Lil Kapow,https://open.spotify.com/track/29hrQIClzqNqMPO4bVWcjI,viral-us-weekly-2020-03-12--2020-03-12.csv,,March,11,Viral 50,2020-03-12
29,30,Psycho!,MASN,https://open.spotify.com/track/5LKkteRQ1wWv7XCIEA5F2q,viral-us-weekly-2020-03-12--2020-03-12.csv,,March,11,Viral 50,2020-03-12
30,31,To Die For,Sam Smith,https://open.spotify.com/track/2ZTYlnhhV1UAReg7wIGolx,viral-us-weekly-2020-03-12--2020-03-12.csv,,March,11,Viral 50,2020-03-12
31,32,Dior (with Gunna) - Remix,Pop Smoke,https://open.spotify.com/track/5R9k9x85lAYbamdUoKAJvj,viral-us-weekly-2020-03-12--2020-03-12.csv,,March,11,Viral 50,2020-03-12
32,33,If the World Was Ending - feat. Julia Michaels,JP Saxe,https://open.spotify.com/track/2kJwzbxV2ppxnQoYw4GLBZ,viral-us-weekly-2020-03-12--2020-03-12.csv,,March,11,Viral 50,2020-03-12
33,34,Selfish,Madison Beer,https://open.spotify.com/track/4PV0uE5pZSh44E3NqNNDEH,viral-us-weekly-2020-03-12--2020-03-12.csv,,March,11,Viral 50,2020-03-12
34,35,Bang!,AJR,https://open.spotify.com/track/53BHUFdQphHiZUUG3nx9zn,viral-us-weekly-2020-03-12--2020-03-12.csv,,March,11,Viral 50,2020-03-12
35,36,Make His Pockets Hurt,Lil Kayla,https://open.spotify.com/track/4MszwagGVhBYTJkXe0KOEp,viral-us-weekly-2020-03-12--2020-03-12.csv,,March,11,Viral 50,2020-03-12
36,37,"Life Is Good (feat. Drake, DaBaby & Lil Baby) - Remix",Future,https://open.spotify.com/track/4iiWcajF1fEUpwcUewc464,viral-us-weekly-2020-03-12--2020-03-12.csv,,March,11,Viral 50,2020-03-12
37,38,Love You Like I Used To,Russell Dickerson,https://open.spotify.com/track/1D7cfiC5mxqHfTCcOiRBej,viral-us-weekly-2020-03-12--2020-03-12.csv,,March,11,Viral 50,2020-03-12
38,39,Drop 'Em Out,Wheeler Walker Jr.,https://open.spotify.com/track/0imfNymwLWKyhLBlBZYg53,viral-us-weekly-2020-03-12--2020-03-12.csv,,March,11,Viral 50,2020-03-12
39,40,None Of Your Concern (feat. Big Sean),Jhené Aiko,https://open.spotify.com/track/75MSZRbAbQuzfUV3Pefvut,viral-us-weekly-2020-03-12--2020-03-12.csv,,March,11,Viral 50,2020-03-12
40,41,Count Me In,Switch,https://open.spotify.com/track/1251WepWbxP2Nq4qV5J6BB,viral-us-weekly-2020-03-12--2020-03-12.csv,,March,11,Viral 50,2020-03-12
41,42,Amor Tumbado,Natanael Cano,https://open.spotify.com/track/5aJ1M43pinROpwaPnO8KRj,viral-us-weekly-2020-03-12--2020-03-12.csv,,March,11,Viral 50,2020-03-12
42,43,Boss Bitch,Doja Cat,https://open.spotify.com/track/78qd8dvwea0Gosb6Fe6j3k,viral-us-weekly-2020-03-12--2020-03-12.csv,,March,11,Viral 50,2020-03-12
43,44,Moon & Stars (feat. Maggie Lindemann),$NOT,https://open.spotify.com/track/6sGTEdVdQ1elMrhg9dS2Eg,viral-us-weekly-2020-03-12--2020-03-12.csv,,March,11,Viral 50,2020-03-12
44,45,Coronao Now (Remix),El Alfa,https://open.spotify.com/track/047WmwIeerHyIUstFAEz5A,viral-us-weekly-2020-03-12--2020-03-12.csv,,March,11,Viral 50,2020-03-12
45,46,About Love - From The Netflix Film “To All The Boys: P.S. I Still Love You”,MARINA,https://open.spotify.com/track/4XII12nbsvJblXfG1I2QR4,viral-us-weekly-2020-03-12--2020-03-12.csv,,March,11,Viral 50,2020-03-12
46,47,Diva (feat. Lil Tecca),The Kid LAROI,https://open.spotify.com/track/7gVwgc8b3XnO87TpmXXFA5,viral-us-weekly-2020-03-12--2020-03-12.csv,,March,11,Viral 50,2020-03-12
47,48,Moment,Victoria Monét,https://open.spotify.com/track/0gpYL1he4OGJxv42tT747l,viral-us-weekly-2020-03-12--2020-03-12.csv,,March,11,Viral 50,2020-03-12
48,49,P*$$Y Fairy (OTW),Jhené Aiko,https://open.spotify.com/track/48KXAIruJ07kJVCWOGohMV,viral-us-weekly-2020-03-12--2020-03-12.csv,,March,11,Viral 50,2020-03-12
49,50,High Fashion (feat. Mustard),Roddy Ricch,https://open.spotify.com/track/07KXEDMj78x68D884wgVEm,viral-us-weekly-2020-03-12--2020-03-12.csv,,March,11,Viral 50,2020-03-12
