,Position,Track Name,Artist,URL,Filename,Month,Week Number,Type,Date
0,1,Mad at Disney,salem ilese,https://open.spotify.com/track/7aGyRfJWtLqgJaZoG9lJhE,viral-us-weekly-2020-09-03--2020-09-03.csv,September,36,Viral 50,2020-09-03
1,2,WAP (feat. Megan Thee Stallion),Cardi B,https://open.spotify.com/track/4Oun2ylbjFKMPTiaSbbCih,viral-us-weekly-2020-09-03--2020-09-03.csv,September,36,Viral 50,2020-09-03
2,3,Mood (feat. iann dior),24kGoldn,https://open.spotify.com/track/3tjFYV6RSFtuktYl3ZtYcq,viral-us-weekly-2020-09-03--2020-09-03.csv,September,36,Viral 50,2020-09-03
3,4,3 Musketeers,NextYoungin,https://open.spotify.com/track/57Oi4yqY27uJzCyqFWIP5q,viral-us-weekly-2020-09-03--2020-09-03.csv,September,36,Viral 50,2020-09-03
4,5,Backyard Boy,Claire Rosinkranz,https://open.spotify.com/track/0QpOqKz66ZxHNqj2PPHiFF,viral-us-weekly-2020-09-03--2020-09-03.csv,September,36,Viral 50,2020-09-03
5,6,F2020,Avenue Beat,https://open.spotify.com/track/7opTGnWVJcm1e5mWWOldpg,viral-us-weekly-2020-09-03--2020-09-03.csv,September,36,Viral 50,2020-09-03
6,7,Ashes,Stellar,https://open.spotify.com/track/2NeyJbL3ROKCjRkAjs77ya,viral-us-weekly-2020-09-03--2020-09-03.csv,September,36,Viral 50,2020-09-03
7,8,Eyes Blue Like The Atlantic (feat. Subvrbs),Sista Prod,https://open.spotify.com/track/0qUcpOOna3kkrwfqky85e1,viral-us-weekly-2020-09-03--2020-09-03.csv,September,36,Viral 50,2020-09-03
8,9,my ex's best friend (with blackbear),Machine Gun Kelly,https://open.spotify.com/track/70rFIfYN7lU6iTgUIVP42w,viral-us-weekly-2020-09-03--2020-09-03.csv,September,36,Viral 50,2020-09-03
9,10,Hawái,Maluma,https://open.spotify.com/track/1yoMvmasuxZfqHEipJhRbp,viral-us-weekly-2020-09-03--2020-09-03.csv,September,36,Viral 50,2020-09-03
10,11,Overwhelmed,Royal & the Serpent,https://open.spotify.com/track/5jjZikDrEd0by1o7V3fO4y,viral-us-weekly-2020-09-03--2020-09-03.csv,September,36,Viral 50,2020-09-03
11,12,Heather,Conan Gray,https://open.spotify.com/track/4xqrdfXkTW4T0RauPLv3WA,viral-us-weekly-2020-09-03--2020-09-03.csv,September,36,Viral 50,2020-09-03
12,13,Banks,NEEDTOBREATHE,https://open.spotify.com/track/49UfoZosKBdiE9D1aR3ErY,viral-us-weekly-2020-09-03--2020-09-03.csv,September,36,Viral 50,2020-09-03
13,14,Stuck in the Middle,Tai Verdes,https://open.spotify.com/track/2HQPOVBAOU2EBTy1nBGRiW,viral-us-weekly-2020-09-03--2020-09-03.csv,September,36,Viral 50,2020-09-03
14,15,DDLG,ppcocaine,https://open.spotify.com/track/42dtq3bqOCzD0L2kITk4Dp,viral-us-weekly-2020-09-03--2020-09-03.csv,September,36,Viral 50,2020-09-03
15,16,Brace Yourself,zenorachi,https://open.spotify.com/track/6YMjTao59i1kRdmYlB33N8,viral-us-weekly-2020-09-03--2020-09-03.csv,September,36,Viral 50,2020-09-03
16,17,Just About Over You,Priscilla Block,https://open.spotify.com/track/6VzJCMOzVbvb25LPYQviM5,viral-us-weekly-2020-09-03--2020-09-03.csv,September,36,Viral 50,2020-09-03
17,18,PJ,ppcocaine,https://open.spotify.com/track/1qxnmVbl8To9W9BcbTS8yC,viral-us-weekly-2020-09-03--2020-09-03.csv,September,36,Viral 50,2020-09-03
18,19,Coochie,YN Jay,https://open.spotify.com/track/2UM09BKxJ3NM8qNxzNSdXV,viral-us-weekly-2020-09-03--2020-09-03.csv,September,36,Viral 50,2020-09-03
19,20,Surf Swag,Lil Wayne,https://open.spotify.com/track/56ehF3tXMjwLJkAmuKzRE2,viral-us-weekly-2020-09-03--2020-09-03.csv,September,36,Viral 50,2020-09-03
20,21,Put Your Records On,Ritt Momney,https://open.spotify.com/track/1fah1uAs7HeTYDlNftKr3K,viral-us-weekly-2020-09-03--2020-09-03.csv,September,36,Viral 50,2020-09-03
21,22,Such a Whore (Stellular Remix),JVLA,https://open.spotify.com/track/6A25J9As7towpxovYryAWr,viral-us-weekly-2020-09-03--2020-09-03.csv,September,36,Viral 50,2020-09-03
22,23,Hai Domo,Cao White,https://open.spotify.com/track/5vOwis62qEz4avzkppHHL5,viral-us-weekly-2020-09-03--2020-09-03.csv,September,36,Viral 50,2020-09-03
23,24,Buss It,Erica Banks,https://open.spotify.com/track/6NWdgyVsjp2bJ11PToXCr1,viral-us-weekly-2020-09-03--2020-09-03.csv,September,36,Viral 50,2020-09-03
24,25,Pussy Talk,City Girls,https://open.spotify.com/track/5EzL7hGT9g2Tvqsy158Lu9,viral-us-weekly-2020-09-03--2020-09-03.csv,September,36,Viral 50,2020-09-03
25,26,Mood Swings (feat. Lil Tjay),Pop Smoke,https://open.spotify.com/track/5rZlwNFl01HqLWBQGryKSm,viral-us-weekly-2020-09-03--2020-09-03.csv,September,36,Viral 50,2020-09-03
26,27,blind,ROLE MODEL,https://open.spotify.com/track/6d1ffV5RisInvrDxkLgBxe,viral-us-weekly-2020-09-03--2020-09-03.csv,September,36,Viral 50,2020-09-03
27,28,Mr Loverman,Ricky Montgomery,https://open.spotify.com/track/0MF5QHFzTUM2dYm6J7Vngt,viral-us-weekly-2020-09-03--2020-09-03.csv,September,36,Viral 50,2020-09-03
28,29,Head & Heart (feat. MNEK),Joel Corry,https://open.spotify.com/track/6cx06DFPPHchuUAcTxznu9,viral-us-weekly-2020-09-03--2020-09-03.csv,September,36,Viral 50,2020-09-03
29,30,Smile (with The Weeknd),Juice WRLD,https://open.spotify.com/track/6wQlQrTY5mVS8EGaFZVwVF,viral-us-weekly-2020-09-03--2020-09-03.csv,September,36,Viral 50,2020-09-03
30,31,TWIST & TURN (feat. Drake & PARTYNEXTDOOR),Popcaan,https://open.spotify.com/track/24SDeYAeTFda8OUzVI1VR6,viral-us-weekly-2020-09-03--2020-09-03.csv,September,36,Viral 50,2020-09-03
31,32,Things A Man Oughta Know,Lainey Wilson,https://open.spotify.com/track/7cwKO3SvjCpTyLiIWfnxpx,viral-us-weekly-2020-09-03--2020-09-03.csv,September,36,Viral 50,2020-09-03
32,33,Still Don't Know My Name,Labrinth,https://open.spotify.com/track/6N22FZs2ZhPBYi3b9XPajV,viral-us-weekly-2020-09-03--2020-09-03.csv,September,36,Viral 50,2020-09-03
33,34,"Agua (with J Balvin) - Music From ""Sponge On The Run"" Movie",Tainy,https://open.spotify.com/track/1pqnQ41XbfKjaFu6M0eGJp,viral-us-weekly-2020-09-03--2020-09-03.csv,September,36,Viral 50,2020-09-03
34,35,Heat Waves,Glass Animals,https://open.spotify.com/track/02MWAaffLxlfxAUY7c5dvx,viral-us-weekly-2020-09-03--2020-09-03.csv,September,36,Viral 50,2020-09-03
35,36,Douha (Mali Mali),Disclosure,https://open.spotify.com/track/33J9lmeViWXN0Le0vWRyjc,viral-us-weekly-2020-09-03--2020-09-03.csv,September,36,Viral 50,2020-09-03
36,37,Shoes,Lil Wayne,https://open.spotify.com/track/5yHevmbP3PEex0kxP2cBc5,viral-us-weekly-2020-09-03--2020-09-03.csv,September,36,Viral 50,2020-09-03
37,38,Mi Cuarto,Jerry Di,https://open.spotify.com/track/6fmQjRuo7XvRFCK2qex5hQ,viral-us-weekly-2020-09-03--2020-09-03.csv,September,36,Viral 50,2020-09-03
38,39,Monte Carlo,Remi Wolf,https://open.spotify.com/track/3CXCtE8qJIFtUJJZRKCcXC,viral-us-weekly-2020-09-03--2020-09-03.csv,September,36,Viral 50,2020-09-03
39,40,You Got It,Vedo,https://open.spotify.com/track/4lsHZ92XCFOQfzJFBTluk8,viral-us-weekly-2020-09-03--2020-09-03.csv,September,36,Viral 50,2020-09-03
40,41,Be Like That - feat. Swae Lee & Khalid,Kane Brown,https://open.spotify.com/track/5f1joOtoMeyppIcJGZQvqJ,viral-us-weekly-2020-09-03--2020-09-03.csv,September,36,Viral 50,2020-09-03
41,42,Wildfire,Nate Smith,https://open.spotify.com/track/21HxYsyuuXZNqB1Dme5PQN,viral-us-weekly-2020-09-03--2020-09-03.csv,September,36,Viral 50,2020-09-03
42,43,Pain,Nessa Barrett,https://open.spotify.com/track/1vwTCUJxmGlTuClU5YLfJA,viral-us-weekly-2020-09-03--2020-09-03.csv,September,36,Viral 50,2020-09-03
43,44,Kismet,WHOKILLEDXIX,https://open.spotify.com/track/24hPnL2Yr82INEk0YUWCJr,viral-us-weekly-2020-09-03--2020-09-03.csv,September,36,Viral 50,2020-09-03
44,45,Save Me,Jelly Roll,https://open.spotify.com/track/5ShenzydHxkHm8w6vdJxMT,viral-us-weekly-2020-09-03--2020-09-03.csv,September,36,Viral 50,2020-09-03
45,46,you broke me first,Tate McRae,https://open.spotify.com/track/45bE4HXI0AwGZXfZtMp8JR,viral-us-weekly-2020-09-03--2020-09-03.csv,September,36,Viral 50,2020-09-03
46,47,Muwop (feat. Gucci Mane),Mulatto,https://open.spotify.com/track/231WYcXWUxYSx79tuPtzBk,viral-us-weekly-2020-09-03--2020-09-03.csv,September,36,Viral 50,2020-09-03
47,48,Cowpoke,Colter Wall,https://open.spotify.com/track/1FJDhcC36CbA16lMIxgT1F,viral-us-weekly-2020-09-03--2020-09-03.csv,September,36,Viral 50,2020-09-03
48,49,Obnimi (Callmearco Remix),Okean Elzi,https://open.spotify.com/track/1ZbJScG0Dr74y1hvgDneYm,viral-us-weekly-2020-09-03--2020-09-03.csv,September,36,Viral 50,2020-09-03
49,50,For The Night (feat. Lil Baby & DaBaby),Pop Smoke,https://open.spotify.com/track/0PvFJmanyNQMseIFrU708S,viral-us-weekly-2020-09-03--2020-09-03.csv,September,36,Viral 50,2020-09-03
0,1,Mad at Disney,salem ilese,https://open.spotify.com/track/7aGyRfJWtLqgJaZoG9lJhE,viral-us-weekly-2020-09-10--2020-09-10.csv,September,37,Viral 50,2020-09-10
1,2,Whole Lotta Choppas,Sada Baby,https://open.spotify.com/track/6hLZzCS4E7AWo3PRBWy6az,viral-us-weekly-2020-09-10--2020-09-10.csv,September,37,Viral 50,2020-09-10
2,3,"Lemonade (feat. Gunna, Don Toliver & NAV)",Internet Money,https://open.spotify.com/track/2DQNYMRjisN3KAPj1bEwOI,viral-us-weekly-2020-09-10--2020-09-10.csv,September,37,Viral 50,2020-09-10
3,4,Put Your Records On,Ritt Momney,https://open.spotify.com/track/1fah1uAs7HeTYDlNftKr3K,viral-us-weekly-2020-09-10--2020-09-10.csv,September,37,Viral 50,2020-09-10
4,5,Sálvame,RBD,https://open.spotify.com/track/3hbTkJ0yFzHbawnKyhvTQj,viral-us-weekly-2020-09-10--2020-09-10.csv,September,37,Viral 50,2020-09-10
5,6,Throat Baby (Go Baby),BRS Kash,https://open.spotify.com/track/31iqpzg1ZXLLgq0L5iIwLe,viral-us-weekly-2020-09-10--2020-09-10.csv,September,37,Viral 50,2020-09-10
6,7,WAP (feat. Megan Thee Stallion),Cardi B,https://open.spotify.com/track/4Oun2ylbjFKMPTiaSbbCih,viral-us-weekly-2020-09-10--2020-09-10.csv,September,37,Viral 50,2020-09-10
7,8,Mood (feat. iann dior),24kGoldn,https://open.spotify.com/track/3tjFYV6RSFtuktYl3ZtYcq,viral-us-weekly-2020-09-10--2020-09-10.csv,September,37,Viral 50,2020-09-10
8,9,You Got It,Vedo,https://open.spotify.com/track/4lsHZ92XCFOQfzJFBTluk8,viral-us-weekly-2020-09-10--2020-09-10.csv,September,37,Viral 50,2020-09-10
9,10,Losing You,WONHO,https://open.spotify.com/track/2Bk8jjFB0FfAFYUIxihOnG,viral-us-weekly-2020-09-10--2020-09-10.csv,September,37,Viral 50,2020-09-10
10,11,Solo Quédate En Silencio,RBD,https://open.spotify.com/track/2RJ1fg4qf2vgZKifTa4HgA,viral-us-weekly-2020-09-10--2020-09-10.csv,September,37,Viral 50,2020-09-10
11,12,Rebelde,RBD,https://open.spotify.com/track/56tOMi4N980gmsdUoyaLb3,viral-us-weekly-2020-09-10--2020-09-10.csv,September,37,Viral 50,2020-09-10
12,13,Este Corazón,RBD,https://open.spotify.com/track/0bMVCO35RJiUhAfvFsLjIF,viral-us-weekly-2020-09-10--2020-09-10.csv,September,37,Viral 50,2020-09-10
13,14,Stuck in the Middle,Tai Verdes,https://open.spotify.com/track/2HQPOVBAOU2EBTy1nBGRiW,viral-us-weekly-2020-09-10--2020-09-10.csv,September,37,Viral 50,2020-09-10
14,15,Nuestro Amor,RBD,https://open.spotify.com/track/7F7qwp7VZRVwZsNoddRRgX,viral-us-weekly-2020-09-10--2020-09-10.csv,September,37,Viral 50,2020-09-10
15,16,Ashes,Stellar,https://open.spotify.com/track/2NeyJbL3ROKCjRkAjs77ya,viral-us-weekly-2020-09-10--2020-09-10.csv,September,37,Viral 50,2020-09-10
16,17,Heather,Conan Gray,https://open.spotify.com/track/4xqrdfXkTW4T0RauPLv3WA,viral-us-weekly-2020-09-10--2020-09-10.csv,September,37,Viral 50,2020-09-10
17,18,3 Musketeers,NextYoungin,https://open.spotify.com/track/57Oi4yqY27uJzCyqFWIP5q,viral-us-weekly-2020-09-10--2020-09-10.csv,September,37,Viral 50,2020-09-10
18,19,Eyes Blue Like The Atlantic (feat. Subvrbs),Sista Prod,https://open.spotify.com/track/0qUcpOOna3kkrwfqky85e1,viral-us-weekly-2020-09-10--2020-09-10.csv,September,37,Viral 50,2020-09-10
19,20,Daisy,Ashnikko,https://open.spotify.com/track/0AUvWawuP0ibk4SQ3sIZjk,viral-us-weekly-2020-09-10--2020-09-10.csv,September,37,Viral 50,2020-09-10
20,21,This Side of Paradise,Coyote Theory,https://open.spotify.com/track/3sgf2a905hjZ81tXYytY6i,viral-us-weekly-2020-09-10--2020-09-10.csv,September,37,Viral 50,2020-09-10
21,22,Backyard Boy,Claire Rosinkranz,https://open.spotify.com/track/0QpOqKz66ZxHNqj2PPHiFF,viral-us-weekly-2020-09-10--2020-09-10.csv,September,37,Viral 50,2020-09-10
22,23,"Eyes Blue Like The Atlantic, Pt. 2 (feat. Powfu, Alec Benjamin & Rxseboy)",Sista Prod,https://open.spotify.com/track/1eCTQhsNA31FcwyNcJcf86,viral-us-weekly-2020-09-10--2020-09-10.csv,September,37,Viral 50,2020-09-10
23,24,Ser O Parecer,RBD,https://open.spotify.com/track/5sgvzXoYFCr5F5tUZdAA20,viral-us-weekly-2020-09-10--2020-09-10.csv,September,37,Viral 50,2020-09-10
24,25,Overwhelmed,Royal & the Serpent,https://open.spotify.com/track/5jjZikDrEd0by1o7V3fO4y,viral-us-weekly-2020-09-10--2020-09-10.csv,September,37,Viral 50,2020-09-10
25,26,Enséñame,RBD,https://open.spotify.com/track/3eo3Dw5OGSWCzJDVHLKE3v,viral-us-weekly-2020-09-10--2020-09-10.csv,September,37,Viral 50,2020-09-10
26,27,Hawái,Maluma,https://open.spotify.com/track/1yoMvmasuxZfqHEipJhRbp,viral-us-weekly-2020-09-10--2020-09-10.csv,September,37,Viral 50,2020-09-10
27,28,Un Poco De Tu Amor,RBD,https://open.spotify.com/track/64mK5Yd0rdGeXVkMFspEyt,viral-us-weekly-2020-09-10--2020-09-10.csv,September,37,Viral 50,2020-09-10
28,29,24 (feat. Lil Baby),Money Man,https://open.spotify.com/track/0xUvi7wldroBzaZCengPa5,viral-us-weekly-2020-09-10--2020-09-10.csv,September,37,Viral 50,2020-09-10
29,30,my ex's best friend (with blackbear),Machine Gun Kelly,https://open.spotify.com/track/70rFIfYN7lU6iTgUIVP42w,viral-us-weekly-2020-09-10--2020-09-10.csv,September,37,Viral 50,2020-09-10
30,31,GIVE HEAVEN SOME HELL,HARDY,https://open.spotify.com/track/2bVeUlOC5JjTpkQXuUUoYm,viral-us-weekly-2020-09-10--2020-09-10.csv,September,37,Viral 50,2020-09-10
31,32,Aún Hay Algo,RBD,https://open.spotify.com/track/6fqpsCQ7jF7OgQolXgYovX,viral-us-weekly-2020-09-10--2020-09-10.csv,September,37,Viral 50,2020-09-10
32,33,Midnight Sky,Miley Cyrus,https://open.spotify.com/track/27ycaQnQAxaPiyeg3nr2aB,viral-us-weekly-2020-09-10--2020-09-10.csv,September,37,Viral 50,2020-09-10
33,34,F2020,Avenue Beat,https://open.spotify.com/track/7opTGnWVJcm1e5mWWOldpg,viral-us-weekly-2020-09-10--2020-09-10.csv,September,37,Viral 50,2020-09-10
34,35,7 Summers,Morgan Wallen,https://open.spotify.com/track/0tbjiOUl4k492KPdWZS9sy,viral-us-weekly-2020-09-10--2020-09-10.csv,September,37,Viral 50,2020-09-10
35,36,Laugh Now Cry Later (feat. Lil Durk),Drake,https://open.spotify.com/track/2SAqBLGA283SUiwJ3xOUVI,viral-us-weekly-2020-09-10--2020-09-10.csv,September,37,Viral 50,2020-09-10
36,37,Mr Loverman,Ricky Montgomery,https://open.spotify.com/track/0MF5QHFzTUM2dYm6J7Vngt,viral-us-weekly-2020-09-10--2020-09-10.csv,September,37,Viral 50,2020-09-10
37,38,DDLG,ppcocaine,https://open.spotify.com/track/42dtq3bqOCzD0L2kITk4Dp,viral-us-weekly-2020-09-10--2020-09-10.csv,September,37,Viral 50,2020-09-10
38,39,ALL GIRLS ARE THE SAME,RØNIN,https://open.spotify.com/track/4xhWfr0tyA7BGL7eXo8KnV,viral-us-weekly-2020-09-10--2020-09-10.csv,September,37,Viral 50,2020-09-10
39,40,Michelle,Sir Chloe,https://open.spotify.com/track/3sa1wUB8FAkoH95MGPGBWI,viral-us-weekly-2020-09-10--2020-09-10.csv,September,37,Viral 50,2020-09-10
40,41,Hai Domo,Cao White,https://open.spotify.com/track/5vOwis62qEz4avzkppHHL5,viral-us-weekly-2020-09-10--2020-09-10.csv,September,37,Viral 50,2020-09-10
41,42,Head & Heart (feat. MNEK),Joel Corry,https://open.spotify.com/track/6cx06DFPPHchuUAcTxznu9,viral-us-weekly-2020-09-10--2020-09-10.csv,September,37,Viral 50,2020-09-10
42,43,PJ,ppcocaine,https://open.spotify.com/track/1qxnmVbl8To9W9BcbTS8yC,viral-us-weekly-2020-09-10--2020-09-10.csv,September,37,Viral 50,2020-09-10
43,44,Things A Man Oughta Know,Lainey Wilson,https://open.spotify.com/track/7cwKO3SvjCpTyLiIWfnxpx,viral-us-weekly-2020-09-10--2020-09-10.csv,September,37,Viral 50,2020-09-10
44,45,Mi Cuarto,Jerry Di,https://open.spotify.com/track/6fmQjRuo7XvRFCK2qex5hQ,viral-us-weekly-2020-09-10--2020-09-10.csv,September,37,Viral 50,2020-09-10
45,46,Just About Over You,Priscilla Block,https://open.spotify.com/track/6VzJCMOzVbvb25LPYQviM5,viral-us-weekly-2020-09-10--2020-09-10.csv,September,37,Viral 50,2020-09-10
46,47,Such a Whore (Stellular Remix),JVLA,https://open.spotify.com/track/6A25J9As7towpxovYryAWr,viral-us-weekly-2020-09-10--2020-09-10.csv,September,37,Viral 50,2020-09-10
47,48,Pussy Talk,City Girls,https://open.spotify.com/track/5EzL7hGT9g2Tvqsy158Lu9,viral-us-weekly-2020-09-10--2020-09-10.csv,September,37,Viral 50,2020-09-10
48,49,Coochie,YN Jay,https://open.spotify.com/track/2UM09BKxJ3NM8qNxzNSdXV,viral-us-weekly-2020-09-10--2020-09-10.csv,September,37,Viral 50,2020-09-10
49,50,Brace Yourself,zenorachi,https://open.spotify.com/track/6YMjTao59i1kRdmYlB33N8,viral-us-weekly-2020-09-10--2020-09-10.csv,September,37,Viral 50,2020-09-10
0,1,Lets Link,WhoHeem,https://open.spotify.com/track/6fMzgFFGzWCwiHMzDzNpp5,viral-us-weekly-2020-09-17--2020-09-17.csv,September,38,Viral 50,2020-09-17
1,2,Put Your Records On,Ritt Momney,https://open.spotify.com/track/6AGOKlMZWLCaEJGnaROtF9,viral-us-weekly-2020-09-17--2020-09-17.csv,September,38,Viral 50,2020-09-17
2,3,Mad at Disney,salem ilese,https://open.spotify.com/track/7aGyRfJWtLqgJaZoG9lJhE,viral-us-weekly-2020-09-17--2020-09-17.csv,September,38,Viral 50,2020-09-17
3,4,Upside Down,JVKE,https://open.spotify.com/track/614OkajfRPH8V0ugNQnduP,viral-us-weekly-2020-09-17--2020-09-17.csv,September,38,Viral 50,2020-09-17
4,5,"Lemonade (feat. Gunna, Don Toliver & NAV)",Internet Money,https://open.spotify.com/track/2DQNYMRjisN3KAPj1bEwOI,viral-us-weekly-2020-09-17--2020-09-17.csv,September,38,Viral 50,2020-09-17
5,6,You Got It,Vedo,https://open.spotify.com/track/4lsHZ92XCFOQfzJFBTluk8,viral-us-weekly-2020-09-17--2020-09-17.csv,September,38,Viral 50,2020-09-17
6,7,This Side of Paradise,Coyote Theory,https://open.spotify.com/track/3sgf2a905hjZ81tXYytY6i,viral-us-weekly-2020-09-17--2020-09-17.csv,September,38,Viral 50,2020-09-17
7,8,Whole Lotta Choppas,Sada Baby,https://open.spotify.com/track/6hLZzCS4E7AWo3PRBWy6az,viral-us-weekly-2020-09-17--2020-09-17.csv,September,38,Viral 50,2020-09-17
8,9,Mood (feat. iann dior),24kGoldn,https://open.spotify.com/track/3tjFYV6RSFtuktYl3ZtYcq,viral-us-weekly-2020-09-17--2020-09-17.csv,September,38,Viral 50,2020-09-17
9,10,Throat Baby (Go Baby),BRS Kash,https://open.spotify.com/track/31iqpzg1ZXLLgq0L5iIwLe,viral-us-weekly-2020-09-17--2020-09-17.csv,September,38,Viral 50,2020-09-17
10,11,Daisy,Ashnikko,https://open.spotify.com/track/0AUvWawuP0ibk4SQ3sIZjk,viral-us-weekly-2020-09-17--2020-09-17.csv,September,38,Viral 50,2020-09-17
11,12,WAP (feat. Megan Thee Stallion),Cardi B,https://open.spotify.com/track/4Oun2ylbjFKMPTiaSbbCih,viral-us-weekly-2020-09-17--2020-09-17.csv,September,38,Viral 50,2020-09-17
12,13,Dynamite,BTS,https://open.spotify.com/track/0t1kP63rueHleOhQkYSXFY,viral-us-weekly-2020-09-17--2020-09-17.csv,September,38,Viral 50,2020-09-17
13,14,Stuck in the Middle,Tai Verdes,https://open.spotify.com/track/2HQPOVBAOU2EBTy1nBGRiW,viral-us-weekly-2020-09-17--2020-09-17.csv,September,38,Viral 50,2020-09-17
14,15,THICK,DJ Chose,https://open.spotify.com/track/0YYNIGKgAk34vZkV2NySie,viral-us-weekly-2020-09-17--2020-09-17.csv,September,38,Viral 50,2020-09-17
15,16,Onna Come Up,Lil Eazzyy,https://open.spotify.com/track/0s8QrhtXW1Av2tuLLerDjN,viral-us-weekly-2020-09-17--2020-09-17.csv,September,38,Viral 50,2020-09-17
16,17,Ashes,Stellar,https://open.spotify.com/track/2NeyJbL3ROKCjRkAjs77ya,viral-us-weekly-2020-09-17--2020-09-17.csv,September,38,Viral 50,2020-09-17
17,18,BOYFRIEND,HARDY,https://open.spotify.com/track/5M8ExcJIACOWCEgPfNZNn8,viral-us-weekly-2020-09-17--2020-09-17.csv,September,38,Viral 50,2020-09-17
18,19,Losing You,WONHO,https://open.spotify.com/track/2Bk8jjFB0FfAFYUIxihOnG,viral-us-weekly-2020-09-17--2020-09-17.csv,September,38,Viral 50,2020-09-17
19,20,Hawái,Maluma,https://open.spotify.com/track/1yoMvmasuxZfqHEipJhRbp,viral-us-weekly-2020-09-17--2020-09-17.csv,September,38,Viral 50,2020-09-17
20,21,Michelle,Sir Chloe,https://open.spotify.com/track/3sa1wUB8FAkoH95MGPGBWI,viral-us-weekly-2020-09-17--2020-09-17.csv,September,38,Viral 50,2020-09-17
21,22,24 (feat. Lil Baby),Money Man,https://open.spotify.com/track/0xUvi7wldroBzaZCengPa5,viral-us-weekly-2020-09-17--2020-09-17.csv,September,38,Viral 50,2020-09-17
22,23,Heather,Conan Gray,https://open.spotify.com/track/4xqrdfXkTW4T0RauPLv3WA,viral-us-weekly-2020-09-17--2020-09-17.csv,September,38,Viral 50,2020-09-17
23,24,Eyes Blue Like The Atlantic (feat. Subvrbs),Sista Prod,https://open.spotify.com/track/0qUcpOOna3kkrwfqky85e1,viral-us-weekly-2020-09-17--2020-09-17.csv,September,38,Viral 50,2020-09-17
24,25,GIVE HEAVEN SOME HELL,HARDY,https://open.spotify.com/track/2bVeUlOC5JjTpkQXuUUoYm,viral-us-weekly-2020-09-17--2020-09-17.csv,September,38,Viral 50,2020-09-17
25,26,Overwhelmed,Royal & the Serpent,https://open.spotify.com/track/5jjZikDrEd0by1o7V3fO4y,viral-us-weekly-2020-09-17--2020-09-17.csv,September,38,Viral 50,2020-09-17
26,27,People So Stupid,Tom MacDonald,https://open.spotify.com/track/3rjJAqZWPjDhsTkCmc2HcY,viral-us-weekly-2020-09-17--2020-09-17.csv,September,38,Viral 50,2020-09-17
27,28,Things A Man Oughta Know,Lainey Wilson,https://open.spotify.com/track/7cwKO3SvjCpTyLiIWfnxpx,viral-us-weekly-2020-09-17--2020-09-17.csv,September,38,Viral 50,2020-09-17
28,29,3 Musketeers,NextYoungin,https://open.spotify.com/track/57Oi4yqY27uJzCyqFWIP5q,viral-us-weekly-2020-09-17--2020-09-17.csv,September,38,Viral 50,2020-09-17
29,30,Backyard Boy,Claire Rosinkranz,https://open.spotify.com/track/0QpOqKz66ZxHNqj2PPHiFF,viral-us-weekly-2020-09-17--2020-09-17.csv,September,38,Viral 50,2020-09-17
30,31,Wrap Me In Plastic - Marcus Layton Radio Edit,CHROMANCE,https://open.spotify.com/track/3n2P3ipLt5mPFVaM0fJHNR,viral-us-weekly-2020-09-17--2020-09-17.csv,September,38,Viral 50,2020-09-17
31,32,Sálvame,RBD,https://open.spotify.com/track/3hbTkJ0yFzHbawnKyhvTQj,viral-us-weekly-2020-09-17--2020-09-17.csv,September,38,Viral 50,2020-09-17
32,33,F2020,Avenue Beat,https://open.spotify.com/track/7opTGnWVJcm1e5mWWOldpg,viral-us-weekly-2020-09-17--2020-09-17.csv,September,38,Viral 50,2020-09-17
33,34,My Person,Spencer Crandall,https://open.spotify.com/track/1K61P0kbiT6cJzh77NnxFg,viral-us-weekly-2020-09-17--2020-09-17.csv,September,38,Viral 50,2020-09-17
34,35,you broke me first,Tate McRae,https://open.spotify.com/track/45bE4HXI0AwGZXfZtMp8JR,viral-us-weekly-2020-09-17--2020-09-17.csv,September,38,Viral 50,2020-09-17
35,36,ALL GIRLS ARE THE SAME,RØNIN,https://open.spotify.com/track/4xhWfr0tyA7BGL7eXo8KnV,viral-us-weekly-2020-09-17--2020-09-17.csv,September,38,Viral 50,2020-09-17
36,37,Head & Heart (feat. MNEK),Joel Corry,https://open.spotify.com/track/6cx06DFPPHchuUAcTxznu9,viral-us-weekly-2020-09-17--2020-09-17.csv,September,38,Viral 50,2020-09-17
37,38,my ex's best friend (with blackbear),Machine Gun Kelly,https://open.spotify.com/track/70rFIfYN7lU6iTgUIVP42w,viral-us-weekly-2020-09-17--2020-09-17.csv,September,38,Viral 50,2020-09-17
38,39,7 Summers,Morgan Wallen,https://open.spotify.com/track/0tbjiOUl4k492KPdWZS9sy,viral-us-weekly-2020-09-17--2020-09-17.csv,September,38,Viral 50,2020-09-17
39,40,Mr Loverman,Ricky Montgomery,https://open.spotify.com/track/0MF5QHFzTUM2dYm6J7Vngt,viral-us-weekly-2020-09-17--2020-09-17.csv,September,38,Viral 50,2020-09-17
40,41,Just About Over You,Priscilla Block,https://open.spotify.com/track/6VzJCMOzVbvb25LPYQviM5,viral-us-weekly-2020-09-17--2020-09-17.csv,September,38,Viral 50,2020-09-17
41,42,Laugh Now Cry Later (feat. Lil Durk),Drake,https://open.spotify.com/track/2SAqBLGA283SUiwJ3xOUVI,viral-us-weekly-2020-09-17--2020-09-17.csv,September,38,Viral 50,2020-09-17
42,43,Mi Cuarto,Jerry Di,https://open.spotify.com/track/6fmQjRuo7XvRFCK2qex5hQ,viral-us-weekly-2020-09-17--2020-09-17.csv,September,38,Viral 50,2020-09-17
43,44,Promises,Maverick City Music,https://open.spotify.com/track/0aZFEiDKLK2B4gzPaGCZVm,viral-us-weekly-2020-09-17--2020-09-17.csv,September,38,Viral 50,2020-09-17
44,45,Lemon (feat. Method Man),Conway the Machine,https://open.spotify.com/track/5MurVzJcSmQ6f7BI6qnv6o,viral-us-weekly-2020-09-17--2020-09-17.csv,September,38,Viral 50,2020-09-17
45,46,Hai Domo,Cao White,https://open.spotify.com/track/5vOwis62qEz4avzkppHHL5,viral-us-weekly-2020-09-17--2020-09-17.csv,September,38,Viral 50,2020-09-17
46,47,Kilby Girl,The Backseat Lovers,https://open.spotify.com/track/1170VohRSx6GwE6QDCHPPH,viral-us-weekly-2020-09-17--2020-09-17.csv,September,38,Viral 50,2020-09-17
47,48,Moonwalking in Calabasas (feat. Blueface) - Remix,DDG,https://open.spotify.com/track/7o4gBbTM6UBLkOYPw9xMCz,viral-us-weekly-2020-09-17--2020-09-17.csv,September,38,Viral 50,2020-09-17
48,49,DDLG,ppcocaine,https://open.spotify.com/track/42dtq3bqOCzD0L2kITk4Dp,viral-us-weekly-2020-09-17--2020-09-17.csv,September,38,Viral 50,2020-09-17
49,50,Midnight Sky,Miley Cyrus,https://open.spotify.com/track/27ycaQnQAxaPiyeg3nr2aB,viral-us-weekly-2020-09-17--2020-09-17.csv,September,38,Viral 50,2020-09-17
0,1,No Wind Resistance!,Kinneret,https://open.spotify.com/track/78Vm1H6bT8WQyPNyx7HBhP,viral-us-weekly-2020-09-24--2020-09-24.csv,September,39,Viral 50,2020-09-24
1,2,Put Your Records On,Ritt Momney,https://open.spotify.com/track/6AGOKlMZWLCaEJGnaROtF9,viral-us-weekly-2020-09-24--2020-09-24.csv,September,39,Viral 50,2020-09-24
2,3,M to the B,Millie B,https://open.spotify.com/track/1meosvrJFk4xXo1HwUIasC,viral-us-weekly-2020-09-24--2020-09-24.csv,September,39,Viral 50,2020-09-24
3,4,F-150,Robyn Ottolini,https://open.spotify.com/track/0JSxnF1JmC8LblMhrovm6K,viral-us-weekly-2020-09-24--2020-09-24.csv,September,39,Viral 50,2020-09-24
4,5,Mad at Disney,salem ilese,https://open.spotify.com/track/7aGyRfJWtLqgJaZoG9lJhE,viral-us-weekly-2020-09-24--2020-09-24.csv,September,39,Viral 50,2020-09-24
5,6,Lets Link,WhoHeem,https://open.spotify.com/track/6fMzgFFGzWCwiHMzDzNpp5,viral-us-weekly-2020-09-24--2020-09-24.csv,September,39,Viral 50,2020-09-24
6,7,"Edge of Great (feat. Madison Reyes, Charlie Gillespie, Owen Patrick Joyner & Jeremy Shada)",Julie and the Phantoms Cast,https://open.spotify.com/track/1e2ofLpE40cjEeMENP7pzv,viral-us-weekly-2020-09-24--2020-09-24.csv,September,39,Viral 50,2020-09-24
7,8,This Side of Paradise,Coyote Theory,https://open.spotify.com/track/3sgf2a905hjZ81tXYytY6i,viral-us-weekly-2020-09-24--2020-09-24.csv,September,39,Viral 50,2020-09-24
8,9,"Lemonade (feat. Gunna, Don Toliver & NAV)",Internet Money,https://open.spotify.com/track/7hxHWCCAIIxFLCzvDgnQHX,viral-us-weekly-2020-09-24--2020-09-24.csv,September,39,Viral 50,2020-09-24
9,10,You Got It,Vedo,https://open.spotify.com/track/4lsHZ92XCFOQfzJFBTluk8,viral-us-weekly-2020-09-24--2020-09-24.csv,September,39,Viral 50,2020-09-24
10,11,September,"Earth, Wind & Fire",https://open.spotify.com/track/4f2GB5ZC7vOUYPAg69N2Xw,viral-us-weekly-2020-09-24--2020-09-24.csv,September,39,Viral 50,2020-09-24
11,12,Upside Down,JVKE,https://open.spotify.com/track/614OkajfRPH8V0ugNQnduP,viral-us-weekly-2020-09-24--2020-09-24.csv,September,39,Viral 50,2020-09-24
12,13,Throat Baby (Go Baby),BRS Kash,https://open.spotify.com/track/31iqpzg1ZXLLgq0L5iIwLe,viral-us-weekly-2020-09-24--2020-09-24.csv,September,39,Viral 50,2020-09-24
13,14,THICK,DJ Chose,https://open.spotify.com/track/0YYNIGKgAk34vZkV2NySie,viral-us-weekly-2020-09-24--2020-09-24.csv,September,39,Viral 50,2020-09-24
14,15,Whole Lotta Choppas,Sada Baby,https://open.spotify.com/track/6hLZzCS4E7AWo3PRBWy6az,viral-us-weekly-2020-09-24--2020-09-24.csv,September,39,Viral 50,2020-09-24
15,16,Mood (feat. iann dior),24kGoldn,https://open.spotify.com/track/3tjFYV6RSFtuktYl3ZtYcq,viral-us-weekly-2020-09-24--2020-09-24.csv,September,39,Viral 50,2020-09-24
16,17,Daisy,Ashnikko,https://open.spotify.com/track/0AUvWawuP0ibk4SQ3sIZjk,viral-us-weekly-2020-09-24--2020-09-24.csv,September,39,Viral 50,2020-09-24
17,18,Michelle,Sir Chloe,https://open.spotify.com/track/3sa1wUB8FAkoH95MGPGBWI,viral-us-weekly-2020-09-24--2020-09-24.csv,September,39,Viral 50,2020-09-24
18,19,Stuck in the Middle,Tai Verdes,https://open.spotify.com/track/2HQPOVBAOU2EBTy1nBGRiW,viral-us-weekly-2020-09-24--2020-09-24.csv,September,39,Viral 50,2020-09-24
19,20,Jerusalema (feat. Nomcebo Zikode),Master KG,https://open.spotify.com/track/2MlOUXmcofMackX3bxfSwi,viral-us-weekly-2020-09-24--2020-09-24.csv,September,39,Viral 50,2020-09-24
20,21,Onna Come Up,Lil Eazzyy,https://open.spotify.com/track/0s8QrhtXW1Av2tuLLerDjN,viral-us-weekly-2020-09-24--2020-09-24.csv,September,39,Viral 50,2020-09-24
21,22,Starting Over,Chris Stapleton,https://open.spotify.com/track/3TNSVsiFngfe68UJpMq1oS,viral-us-weekly-2020-09-24--2020-09-24.csv,September,39,Viral 50,2020-09-24
22,23,WAP (feat. Megan Thee Stallion),Cardi B,https://open.spotify.com/track/4Oun2ylbjFKMPTiaSbbCih,viral-us-weekly-2020-09-24--2020-09-24.csv,September,39,Viral 50,2020-09-24
23,24,GIVE HEAVEN SOME HELL,HARDY,https://open.spotify.com/track/2bVeUlOC5JjTpkQXuUUoYm,viral-us-weekly-2020-09-24--2020-09-24.csv,September,39,Viral 50,2020-09-24
24,25,Dynamite,BTS,https://open.spotify.com/track/0t1kP63rueHleOhQkYSXFY,viral-us-weekly-2020-09-24--2020-09-24.csv,September,39,Viral 50,2020-09-24
25,26,BOYFRIEND,HARDY,https://open.spotify.com/track/5M8ExcJIACOWCEgPfNZNn8,viral-us-weekly-2020-09-24--2020-09-24.csv,September,39,Viral 50,2020-09-24
26,27,24 (feat. Lil Baby),Money Man,https://open.spotify.com/track/0xUvi7wldroBzaZCengPa5,viral-us-weekly-2020-09-24--2020-09-24.csv,September,39,Viral 50,2020-09-24
27,28,Ashes,Stellar,https://open.spotify.com/track/2NeyJbL3ROKCjRkAjs77ya,viral-us-weekly-2020-09-24--2020-09-24.csv,September,39,Viral 50,2020-09-24
28,29,Overwhelmed,Royal & the Serpent,https://open.spotify.com/track/5jjZikDrEd0by1o7V3fO4y,viral-us-weekly-2020-09-24--2020-09-24.csv,September,39,Viral 50,2020-09-24
29,30,Blastoff (feat. Juice Wrld & Trippie Redd),Internet Money,https://open.spotify.com/track/7dH9TPjTWQ60wOJkmYay8a,viral-us-weekly-2020-09-24--2020-09-24.csv,September,39,Viral 50,2020-09-24
30,31,Things A Man Oughta Know,Lainey Wilson,https://open.spotify.com/track/7cwKO3SvjCpTyLiIWfnxpx,viral-us-weekly-2020-09-24--2020-09-24.csv,September,39,Viral 50,2020-09-24
31,32,Heather,Conan Gray,https://open.spotify.com/track/4xqrdfXkTW4T0RauPLv3WA,viral-us-weekly-2020-09-24--2020-09-24.csv,September,39,Viral 50,2020-09-24
32,33,Head & Heart (feat. MNEK),Joel Corry,https://open.spotify.com/track/6cx06DFPPHchuUAcTxznu9,viral-us-weekly-2020-09-24--2020-09-24.csv,September,39,Viral 50,2020-09-24
33,34,"Tap In (feat. Post Malone, DaBaby & Jack Harlow)",Saweetie,https://open.spotify.com/track/5woaU1FNkqCwg6WzWiQPW5,viral-us-weekly-2020-09-24--2020-09-24.csv,September,39,Viral 50,2020-09-24
34,35,Pegao / Me Miro y La Mire (TikTok Hit),Omega,https://open.spotify.com/track/4Pzk85DqWoLqptyA5IlhLk,viral-us-weekly-2020-09-24--2020-09-24.csv,September,39,Viral 50,2020-09-24
35,36,Ice Cream (with Selena Gomez),BLACKPINK,https://open.spotify.com/track/2J4P46vCFm1rPkNkp9pZWX,viral-us-weekly-2020-09-24--2020-09-24.csv,September,39,Viral 50,2020-09-24
36,37,Eyes Blue Like The Atlantic (feat. Subvrbs),Sista Prod,https://open.spotify.com/track/0qUcpOOna3kkrwfqky85e1,viral-us-weekly-2020-09-24--2020-09-24.csv,September,39,Viral 50,2020-09-24
37,38,Nightlight,ILLENIUM,https://open.spotify.com/track/06kxa3al7bUqRRo5nAFduZ,viral-us-weekly-2020-09-24--2020-09-24.csv,September,39,Viral 50,2020-09-24
38,39,Mr Loverman,Ricky Montgomery,https://open.spotify.com/track/0MF5QHFzTUM2dYm6J7Vngt,viral-us-weekly-2020-09-24--2020-09-24.csv,September,39,Viral 50,2020-09-24
39,40,Hawái,Maluma,https://open.spotify.com/track/1yoMvmasuxZfqHEipJhRbp,viral-us-weekly-2020-09-24--2020-09-24.csv,September,39,Viral 50,2020-09-24
40,41,Moonwalking in Calabasas (feat. Blueface) - Remix,DDG,https://open.spotify.com/track/7o4gBbTM6UBLkOYPw9xMCz,viral-us-weekly-2020-09-24--2020-09-24.csv,September,39,Viral 50,2020-09-24
41,42,Don't Need Time - Remix,Hotboii,https://open.spotify.com/track/43LKpvgZhQ7HwFYYKxqDki,viral-us-weekly-2020-09-24--2020-09-24.csv,September,39,Viral 50,2020-09-24
42,43,Funny Thing,Thundercat,https://open.spotify.com/track/1c5CllrZr45UBhWpIqM332,viral-us-weekly-2020-09-24--2020-09-24.csv,September,39,Viral 50,2020-09-24
43,44,冬のはなし,ギヴン,https://open.spotify.com/track/3VrKkcEm7RYXBI9RLv7SL7,viral-us-weekly-2020-09-24--2020-09-24.csv,September,39,Viral 50,2020-09-24
44,45,F2020,Avenue Beat,https://open.spotify.com/track/7opTGnWVJcm1e5mWWOldpg,viral-us-weekly-2020-09-24--2020-09-24.csv,September,39,Viral 50,2020-09-24
45,46,ALL GIRLS ARE THE SAME,RØNIN,https://open.spotify.com/track/4xhWfr0tyA7BGL7eXo8KnV,viral-us-weekly-2020-09-24--2020-09-24.csv,September,39,Viral 50,2020-09-24
46,47,Wrap Me In Plastic - Marcus Layton Radio Edit,CHROMANCE,https://open.spotify.com/track/3n2P3ipLt5mPFVaM0fJHNR,viral-us-weekly-2020-09-24--2020-09-24.csv,September,39,Viral 50,2020-09-24
47,48,People So Stupid,Tom MacDonald,https://open.spotify.com/track/3rjJAqZWPjDhsTkCmc2HcY,viral-us-weekly-2020-09-24--2020-09-24.csv,September,39,Viral 50,2020-09-24
48,49,Mi Cuarto,Jerry Di,https://open.spotify.com/track/6fmQjRuo7XvRFCK2qex5hQ,viral-us-weekly-2020-09-24--2020-09-24.csv,September,39,Viral 50,2020-09-24
49,50,Promises,Maverick City Music,https://open.spotify.com/track/0aZFEiDKLK2B4gzPaGCZVm,viral-us-weekly-2020-09-24--2020-09-24.csv,September,39,Viral 50,2020-09-24
0,1,E-GIRLS ARE RUINING MY LIFE!,CORPSE,https://open.spotify.com/track/7bCfHiRcfUjG0YVVNUL7Ve,viral-us-weekly-2020-11-05--2020-11-05.csv,November,45,Viral 50,2020-11-05
1,2,Trump Is Your President,Bryson Gray,https://open.spotify.com/track/3PdQfXbIuEjUoNlCy6JQCM,viral-us-weekly-2020-11-05--2020-11-05.csv,November,45,Viral 50,2020-11-05
2,3,Die Very Rough,Mario Judah,https://open.spotify.com/track/1AyrLa7PkFQvt1A6XQY3ff,viral-us-weekly-2020-11-05--2020-11-05.csv,November,45,Viral 50,2020-11-05
3,4,Touch You,遠野高志,https://open.spotify.com/track/6qWEpnyU43Bcrx3vfbGuVm,viral-us-weekly-2020-11-05--2020-11-05.csv,November,45,Viral 50,2020-11-05
4,5,Monster Mash,"Bobby ""Boris"" Pickett",https://open.spotify.com/track/0xxZY5C9xxij3D1HkzbnfC,viral-us-weekly-2020-11-05--2020-11-05.csv,November,45,Viral 50,2020-11-05
5,6,Whoopty,CJ,https://open.spotify.com/track/1RSzyxqtIO4yX3EyiV4zT5,viral-us-weekly-2020-11-05--2020-11-05.csv,November,45,Viral 50,2020-11-05
6,7,Deep End,Fousheé,https://open.spotify.com/track/6HlE9t71z9DjGi7KqSyEpA,viral-us-weekly-2020-11-05--2020-11-05.csv,November,45,Viral 50,2020-11-05
7,8,HIT EM WHERE IT HURTS,PawPaw Rod,https://open.spotify.com/track/63e35wfL6GMUp0boIvNBhw,viral-us-weekly-2020-11-05--2020-11-05.csv,November,45,Viral 50,2020-11-05
8,9,Drip Like ME,Kenndog,https://open.spotify.com/track/5lNsNowjCKqgafSWE7Ie2Z,viral-us-weekly-2020-11-05--2020-11-05.csv,November,45,Viral 50,2020-11-05
9,10,moment,Vierre Cloud,https://open.spotify.com/track/2JKIYl8KaAMzOR1dIzEO5f,viral-us-weekly-2020-11-05--2020-11-05.csv,November,45,Viral 50,2020-11-05
10,11,Dirt Road,Kidd G,https://open.spotify.com/track/3azaE9S4YBYOuKmZu2TZrV,viral-us-weekly-2020-11-05--2020-11-05.csv,November,45,Viral 50,2020-11-05
11,12,"Spooky, Scary Skeletons - Undead Tombstone Remix",Andrew Gold,https://open.spotify.com/track/1sUdq3kWa9dJXHu3eYOUll,viral-us-weekly-2020-11-05--2020-11-05.csv,November,45,Viral 50,2020-11-05
12,13,This Is Halloween,The Citizens of Halloween,https://open.spotify.com/track/0yURuYmnz9tl4K04e5Y6aQ,viral-us-weekly-2020-11-05--2020-11-05.csv,November,45,Viral 50,2020-11-05
13,14,Cat Girls Are Ruining My Life!,CORPSE,https://open.spotify.com/track/4SPBwOTXgku4QvmRtMEGfW,viral-us-weekly-2020-11-05--2020-11-05.csv,November,45,Viral 50,2020-11-05
14,15,Miss YOU!,CORPSE,https://open.spotify.com/track/3pXVmZh293nWtqxildz9jf,viral-us-weekly-2020-11-05--2020-11-05.csv,November,45,Viral 50,2020-11-05
15,16,Astronaut In The Ocean,Masked Wolf,https://open.spotify.com/track/0jdso14vaFnpRazMLEZovF,viral-us-weekly-2020-11-05--2020-11-05.csv,November,45,Viral 50,2020-11-05
16,17,The Crypt Jam,The Crypt Keeper,https://open.spotify.com/track/21zjT55VHzq3PHc2CQlAeJ,viral-us-weekly-2020-11-05--2020-11-05.csv,November,45,Viral 50,2020-11-05
17,18,Moonwalking in Calabasas (feat. Blueface) - Remix,DDG,https://open.spotify.com/track/7o4gBbTM6UBLkOYPw9xMCz,viral-us-weekly-2020-11-05--2020-11-05.csv,November,45,Viral 50,2020-11-05
18,19,Ghostbusters,Ray Parker Jr.,https://open.spotify.com/track/6thXB4RmajS4oZPNiBAKy0,viral-us-weekly-2020-11-05--2020-11-05.csv,November,45,Viral 50,2020-11-05
19,20,Papi Chulo,Octavian,https://open.spotify.com/track/6Juv5N0dNU1imms9c9u1dA,viral-us-weekly-2020-11-05--2020-11-05.csv,November,45,Viral 50,2020-11-05
20,21,Put Your Records On,Ritt Momney,https://open.spotify.com/track/6AGOKlMZWLCaEJGnaROtF9,viral-us-weekly-2020-11-05--2020-11-05.csv,November,45,Viral 50,2020-11-05
21,22,FDT,YG,https://open.spotify.com/track/6k0DJqW2v2e4809Z1zN0YU,viral-us-weekly-2020-11-05--2020-11-05.csv,November,45,Viral 50,2020-11-05
22,23,Halloween Theme - Main Title,John Carpenter,https://open.spotify.com/track/7swocJUCUWTCiRUAU9oerC,viral-us-weekly-2020-11-05--2020-11-05.csv,November,45,Viral 50,2020-11-05
23,24,No Eres La Oficial,David Santos,https://open.spotify.com/track/7LYWPZL216dyiN02mjefro,viral-us-weekly-2020-11-05--2020-11-05.csv,November,45,Viral 50,2020-11-05
24,25,Time Warp,Little Nell,https://open.spotify.com/track/4WFeJTXNHIS2wURtwlAkhu,viral-us-weekly-2020-11-05--2020-11-05.csv,November,45,Viral 50,2020-11-05
25,26,Pull Up,LMB DG,https://open.spotify.com/track/6NwyHRfUVnUBUZW9W5McAZ,viral-us-weekly-2020-11-05--2020-11-05.csv,November,45,Viral 50,2020-11-05
26,27,Gone Too Soon,Andrew Jannakos,https://open.spotify.com/track/07mnxqYqssab1EEBynCuQ4,viral-us-weekly-2020-11-05--2020-11-05.csv,November,45,Viral 50,2020-11-05
27,28,White Tee,CORPSE,https://open.spotify.com/track/3qdRwIwWa5nVZnNp43uYrx,viral-us-weekly-2020-11-05--2020-11-05.csv,November,45,Viral 50,2020-11-05
28,29,Never Satisfied,CORPSE,https://open.spotify.com/track/04bEhujOxzNrXeideMtFuR,viral-us-weekly-2020-11-05--2020-11-05.csv,November,45,Viral 50,2020-11-05
29,30,Demons and Monsters,347aidan,https://open.spotify.com/track/6pgSQuEY2hJhRkC4YpZfJQ,viral-us-weekly-2020-11-05--2020-11-05.csv,November,45,Viral 50,2020-11-05
30,31,Daisy,Ashnikko,https://open.spotify.com/track/0AUvWawuP0ibk4SQ3sIZjk,viral-us-weekly-2020-11-05--2020-11-05.csv,November,45,Viral 50,2020-11-05
31,32,Судно (Борис Рижий),Molchat Doma,https://open.spotify.com/track/6DONTnamNDOJdO6DzCu71p,viral-us-weekly-2020-11-05--2020-11-05.csv,November,45,Viral 50,2020-11-05
32,33,A Nightmare on My Street,DJ Jazzy Jeff & The Fresh Prince,https://open.spotify.com/track/2aRjuScpka878tUWOsLYpQ,viral-us-weekly-2020-11-05--2020-11-05.csv,November,45,Viral 50,2020-11-05
33,34,The Purple People Eater,Sheb Wooley,https://open.spotify.com/track/0WkZQPNC0c7yrsMX1arVAd,viral-us-weekly-2020-11-05--2020-11-05.csv,November,45,Viral 50,2020-11-05
34,35,I Put a Spell On You,Screamin' Jay Hawkins,https://open.spotify.com/track/3sLhMSePzxSrmxluIqeoAZ,viral-us-weekly-2020-11-05--2020-11-05.csv,November,45,Viral 50,2020-11-05
35,36,Levitating (feat. DaBaby),Dua Lipa,https://open.spotify.com/track/6OqrJqDMu15AGJHJazg9Nr,viral-us-weekly-2020-11-05--2020-11-05.csv,November,45,Viral 50,2020-11-05
36,37,夜に駆ける,YOASOBI,https://open.spotify.com/track/3dPtXHP0oXQ4HCWHsOA9js,viral-us-weekly-2020-11-05--2020-11-05.csv,November,45,Viral 50,2020-11-05
37,38,Fire for You,Cannons,https://open.spotify.com/track/4o0LyB69tylqDG6eTGhmig,viral-us-weekly-2020-11-05--2020-11-05.csv,November,45,Viral 50,2020-11-05
38,39,At My Worst,Pink Sweat$,https://open.spotify.com/track/0ri0Han4IRJhzvERHOZTMr,viral-us-weekly-2020-11-05--2020-11-05.csv,November,45,Viral 50,2020-11-05
39,40,Throat Baby (Go Baby),BRS Kash,https://open.spotify.com/track/31iqpzg1ZXLLgq0L5iIwLe,viral-us-weekly-2020-11-05--2020-11-05.csv,November,45,Viral 50,2020-11-05
40,41,Cigarette Ahegao,Penelope Scott,https://open.spotify.com/track/6UYJYgY8VRo6mKrhgTe1CF,viral-us-weekly-2020-11-05--2020-11-05.csv,November,45,Viral 50,2020-11-05
41,42,Sofia,Clairo,https://open.spotify.com/track/7B3z0ySL9Rr0XvZEAjWZzM,viral-us-weekly-2020-11-05--2020-11-05.csv,November,45,Viral 50,2020-11-05
42,43,Make A Wish (Birthday Song),NCT U,https://open.spotify.com/track/6FdShjf7nA2cqEnpv1tIia,viral-us-weekly-2020-11-05--2020-11-05.csv,November,45,Viral 50,2020-11-05
43,44,Everyday Is Like Halloween,Ministry,https://open.spotify.com/track/6qmY21MWIcAEPf9G80wKfb,viral-us-weekly-2020-11-05--2020-11-05.csv,November,45,Viral 50,2020-11-05
44,45,Susurro Riddim,LASTMONDAY,https://open.spotify.com/track/1mGxiXPxKIuItW4D2eVgjI,viral-us-weekly-2020-11-05--2020-11-05.csv,November,45,Viral 50,2020-11-05
45,46,Onna Come Up,Lil Eazzyy,https://open.spotify.com/track/3NxFTRr0692mbC5hD0nEZD,viral-us-weekly-2020-11-05--2020-11-05.csv,November,45,Viral 50,2020-11-05
46,47,Calling All the Monsters,China Anne McClain,https://open.spotify.com/track/0hnHoQbEQOL4YUZ4SO6xbe,viral-us-weekly-2020-11-05--2020-11-05.csv,November,45,Viral 50,2020-11-05
47,48,Halloween - Mix-O-Lydian 1981,Misfits,https://open.spotify.com/track/5QOvYYp7yRSY6LP7Vm48br,viral-us-weekly-2020-11-05--2020-11-05.csv,November,45,Viral 50,2020-11-05
48,49,Goosebumps,HVME,https://open.spotify.com/track/20McUFi8KCIVdNDLrkTDuZ,viral-us-weekly-2020-11-05--2020-11-05.csv,November,45,Viral 50,2020-11-05
49,50,"Spooky, Scary Skeletons",Andrew Gold,https://open.spotify.com/track/23V08GxMeaZNSf8Gy6KF6t,viral-us-weekly-2020-11-05--2020-11-05.csv,November,45,Viral 50,2020-11-05
0,1,Gdzie jest biały węgorz ? (Zejście),Cypis,https://open.spotify.com/track/4fNbS43X6yt4iWxLgRqwKa,viral-us-weekly-2020-11-12--2020-11-12.csv,November,46,Viral 50,2020-11-12
1,2,FDT,YG,https://open.spotify.com/track/6k0DJqW2v2e4809Z1zN0YU,viral-us-weekly-2020-11-12--2020-11-12.csv,November,46,Viral 50,2020-11-12
2,3,Oh No,Kreepa,https://open.spotify.com/track/4qBMiRsJjtm1WR4KyAQqrX,viral-us-weekly-2020-11-12--2020-11-12.csv,November,46,Viral 50,2020-11-12
3,4,E-GIRLS ARE RUINING MY LIFE!,CORPSE,https://open.spotify.com/track/7bCfHiRcfUjG0YVVNUL7Ve,viral-us-weekly-2020-11-12--2020-11-12.csv,November,46,Viral 50,2020-11-12
4,5,Touch You,遠野高志,https://open.spotify.com/track/6qWEpnyU43Bcrx3vfbGuVm,viral-us-weekly-2020-11-12--2020-11-12.csv,November,46,Viral 50,2020-11-12
5,6,Die Very Rough,Mario Judah,https://open.spotify.com/track/1AyrLa7PkFQvt1A6XQY3ff,viral-us-weekly-2020-11-12--2020-11-12.csv,November,46,Viral 50,2020-11-12
6,7,Adderall (Corvette Corvette),Popp Hunna,https://open.spotify.com/track/3aAmQOxRPeKDL0HMWFA5qn,viral-us-weekly-2020-11-12--2020-11-12.csv,November,46,Viral 50,2020-11-12
7,8,Whoopty,CJ,https://open.spotify.com/track/5vGLcdRuSbUhD8ScwsGSdA,viral-us-weekly-2020-11-12--2020-11-12.csv,November,46,Viral 50,2020-11-12
8,9,Rät,Penelope Scott,https://open.spotify.com/track/25z6kpmIwkCUqk2IORrJ5v,viral-us-weekly-2020-11-12--2020-11-12.csv,November,46,Viral 50,2020-11-12
9,10,Fuck Donald Trump,Tamu,https://open.spotify.com/track/00aRveHhOMrCvozhPTKtQj,viral-us-weekly-2020-11-12--2020-11-12.csv,November,46,Viral 50,2020-11-12
10,11,Deep End,Fousheé,https://open.spotify.com/track/6HlE9t71z9DjGi7KqSyEpA,viral-us-weekly-2020-11-12--2020-11-12.csv,November,46,Viral 50,2020-11-12
11,12,moment,Vierre Cloud,https://open.spotify.com/track/2JKIYl8KaAMzOR1dIzEO5f,viral-us-weekly-2020-11-12--2020-11-12.csv,November,46,Viral 50,2020-11-12
12,13,HIT EM WHERE IT HURTS,PawPaw Rod,https://open.spotify.com/track/63e35wfL6GMUp0boIvNBhw,viral-us-weekly-2020-11-12--2020-11-12.csv,November,46,Viral 50,2020-11-12
13,14,Don't Worry (Clappers),Slimelife Shawty,https://open.spotify.com/track/5LRKPn8fgSZT5e4YHDWng3,viral-us-weekly-2020-11-12--2020-11-12.csv,November,46,Viral 50,2020-11-12
14,15,Drip Like ME,Kenndog,https://open.spotify.com/track/5lNsNowjCKqgafSWE7Ie2Z,viral-us-weekly-2020-11-12--2020-11-12.csv,November,46,Viral 50,2020-11-12
15,16,FDT - Pt. 2,YG,https://open.spotify.com/track/6ZcCLhMqQEZEzsDhhS767O,viral-us-weekly-2020-11-12--2020-11-12.csv,November,46,Viral 50,2020-11-12
16,17,Took Her To The O,King Von,https://open.spotify.com/track/7fEoXCZTZFosUFvFQg1BmW,viral-us-weekly-2020-11-12--2020-11-12.csv,November,46,Viral 50,2020-11-12
17,18,Canceled,Larray,https://open.spotify.com/track/3VxOgQ9o1aKonFx4d5lPR3,viral-us-weekly-2020-11-12--2020-11-12.csv,November,46,Viral 50,2020-11-12
18,19,Trump Is Your President,Bryson Gray,https://open.spotify.com/track/3PdQfXbIuEjUoNlCy6JQCM,viral-us-weekly-2020-11-12--2020-11-12.csv,November,46,Viral 50,2020-11-12
19,20,No Eres La Oficial,David Santos,https://open.spotify.com/track/7LYWPZL216dyiN02mjefro,viral-us-weekly-2020-11-12--2020-11-12.csv,November,46,Viral 50,2020-11-12
20,21,Producer Man,Lyn Lapid,https://open.spotify.com/track/5BArc3UpONi77FMkNT4LYU,viral-us-weekly-2020-11-12--2020-11-12.csv,November,46,Viral 50,2020-11-12
21,22,Dirt Road,Kidd G,https://open.spotify.com/track/3azaE9S4YBYOuKmZu2TZrV,viral-us-weekly-2020-11-12--2020-11-12.csv,November,46,Viral 50,2020-11-12
22,23,Goosebumps,HVME,https://open.spotify.com/track/20McUFi8KCIVdNDLrkTDuZ,viral-us-weekly-2020-11-12--2020-11-12.csv,November,46,Viral 50,2020-11-12
23,24,Astronaut In The Ocean,Masked Wolf,https://open.spotify.com/track/0jdso14vaFnpRazMLEZovF,viral-us-weekly-2020-11-12--2020-11-12.csv,November,46,Viral 50,2020-11-12
24,25,You’re Mines Still (feat. Drake),Yung Bleu,https://open.spotify.com/track/7E2C5rBLpCKwQlhJPVFBRS,viral-us-weekly-2020-11-12--2020-11-12.csv,November,46,Viral 50,2020-11-12
25,26,Papi Chulo,Octavian,https://open.spotify.com/track/6Juv5N0dNU1imms9c9u1dA,viral-us-weekly-2020-11-12--2020-11-12.csv,November,46,Viral 50,2020-11-12
26,27,Lonely (with benny blanco),Justin Bieber,https://open.spotify.com/track/4y4spB9m0Q6026KfkAvy9Q,viral-us-weekly-2020-11-12--2020-11-12.csv,November,46,Viral 50,2020-11-12
27,28,Deep End - SIDEPIECE Remix,John Summit,https://open.spotify.com/track/5WNa0eaGNwQ1ZXTHVlULpd,viral-us-weekly-2020-11-12--2020-11-12.csv,November,46,Viral 50,2020-11-12
28,29,Miss YOU!,CORPSE,https://open.spotify.com/track/3pXVmZh293nWtqxildz9jf,viral-us-weekly-2020-11-12--2020-11-12.csv,November,46,Viral 50,2020-11-12
29,30,Cigarette Ahegao,Penelope Scott,https://open.spotify.com/track/6UYJYgY8VRo6mKrhgTe1CF,viral-us-weekly-2020-11-12--2020-11-12.csv,November,46,Viral 50,2020-11-12
30,31,Cat Girls Are Ruining My Life!,CORPSE,https://open.spotify.com/track/4SPBwOTXgku4QvmRtMEGfW,viral-us-weekly-2020-11-12--2020-11-12.csv,November,46,Viral 50,2020-11-12
31,32,Put Your Records On,Ritt Momney,https://open.spotify.com/track/6AGOKlMZWLCaEJGnaROtF9,viral-us-weekly-2020-11-12--2020-11-12.csv,November,46,Viral 50,2020-11-12
32,33,Moonwalking in Calabasas (feat. Blueface) - Remix,DDG,https://open.spotify.com/track/7o4gBbTM6UBLkOYPw9xMCz,viral-us-weekly-2020-11-12--2020-11-12.csv,November,46,Viral 50,2020-11-12
33,34,Fire for You,Cannons,https://open.spotify.com/track/4o0LyB69tylqDG6eTGhmig,viral-us-weekly-2020-11-12--2020-11-12.csv,November,46,Viral 50,2020-11-12
34,35,Судно (Борис Рижий),Molchat Doma,https://open.spotify.com/track/6DONTnamNDOJdO6DzCu71p,viral-us-weekly-2020-11-12--2020-11-12.csv,November,46,Viral 50,2020-11-12
35,36,Trap Anthem,MC Virgins,https://open.spotify.com/track/0CJgUQ8UemK2htS73Ye5U8,viral-us-weekly-2020-11-12--2020-11-12.csv,November,46,Viral 50,2020-11-12
36,37,夜に駆ける,YOASOBI,https://open.spotify.com/track/3dPtXHP0oXQ4HCWHsOA9js,viral-us-weekly-2020-11-12--2020-11-12.csv,November,46,Viral 50,2020-11-12
37,38,At My Worst,Pink Sweat$,https://open.spotify.com/track/0ri0Han4IRJhzvERHOZTMr,viral-us-weekly-2020-11-12--2020-11-12.csv,November,46,Viral 50,2020-11-12
38,39,Throat Baby (Go Baby),BRS Kash,https://open.spotify.com/track/31iqpzg1ZXLLgq0L5iIwLe,viral-us-weekly-2020-11-12--2020-11-12.csv,November,46,Viral 50,2020-11-12
39,40,White Tee,CORPSE,https://open.spotify.com/track/3qdRwIwWa5nVZnNp43uYrx,viral-us-weekly-2020-11-12--2020-11-12.csv,November,46,Viral 50,2020-11-12
40,41,BOO!,Championxiii,https://open.spotify.com/track/1eDyjPYw65g3wvQ7xJLF5c,viral-us-weekly-2020-11-12--2020-11-12.csv,November,46,Viral 50,2020-11-12
41,42,Daisy,Ashnikko,https://open.spotify.com/track/0AUvWawuP0ibk4SQ3sIZjk,viral-us-weekly-2020-11-12--2020-11-12.csv,November,46,Viral 50,2020-11-12
42,43,Sofia,Clairo,https://open.spotify.com/track/7B3z0ySL9Rr0XvZEAjWZzM,viral-us-weekly-2020-11-12--2020-11-12.csv,November,46,Viral 50,2020-11-12
43,44,Crazy Story,Only The Family,https://open.spotify.com/track/5i0eJv1DzuyhaYnro4wTKg,viral-us-weekly-2020-11-12--2020-11-12.csv,November,46,Viral 50,2020-11-12
44,45,Take Me Where Your Heart Is,Q,https://open.spotify.com/track/62kHSw6wBh4c6UemJCb5p6,viral-us-weekly-2020-11-12--2020-11-12.csv,November,46,Viral 50,2020-11-12
45,46,Levitating (feat. DaBaby),Dua Lipa,https://open.spotify.com/track/5nujrmhLynf4yMoMtj8AQF,viral-us-weekly-2020-11-12--2020-11-12.csv,November,46,Viral 50,2020-11-12
46,47,Why Not?,LOONA,https://open.spotify.com/track/6yGQ86UppYULzTCxAWgwVN,viral-us-weekly-2020-11-12--2020-11-12.csv,November,46,Viral 50,2020-11-12
47,48,"Crazy Story, Pt. 3",King Von,https://open.spotify.com/track/23TwR29GSeJBfXnXhmDlwR,viral-us-weekly-2020-11-12--2020-11-12.csv,November,46,Viral 50,2020-11-12
48,49,Stars in The Sky (feat. Jhené Aiko),Phora,https://open.spotify.com/track/5ziNnhZ1hK100fIUvkDZUH,viral-us-weekly-2020-11-12--2020-11-12.csv,November,46,Viral 50,2020-11-12
49,50,Never Satisfied,CORPSE,https://open.spotify.com/track/04bEhujOxzNrXeideMtFuR,viral-us-weekly-2020-11-12--2020-11-12.csv,November,46,Viral 50,2020-11-12
0,1,Home,Edith Whiskers,https://open.spotify.com/track/18V1UiYRvWYwn01CRDbbuR,viral-us-weekly-2020-11-19--2020-11-19.csv,November,47,Viral 50,2020-11-19
1,2,Gdzie jest biały węgorz ? (Zejście),Cypis,https://open.spotify.com/track/4fNbS43X6yt4iWxLgRqwKa,viral-us-weekly-2020-11-19--2020-11-19.csv,November,47,Viral 50,2020-11-19
2,3,Oh No,Kreepa,https://open.spotify.com/track/4qBMiRsJjtm1WR4KyAQqrX,viral-us-weekly-2020-11-19--2020-11-19.csv,November,47,Viral 50,2020-11-19
3,4,Touch You,遠野高志,https://open.spotify.com/track/6qWEpnyU43Bcrx3vfbGuVm,viral-us-weekly-2020-11-19--2020-11-19.csv,November,47,Viral 50,2020-11-19
4,5,Adderall (Corvette Corvette),Popp Hunna,https://open.spotify.com/track/3aAmQOxRPeKDL0HMWFA5qn,viral-us-weekly-2020-11-19--2020-11-19.csv,November,47,Viral 50,2020-11-19
5,6,Dancing in My Room,347aidan,https://open.spotify.com/track/6Pgmqg15yVexuOgtzuxwoX,viral-us-weekly-2020-11-19--2020-11-19.csv,November,47,Viral 50,2020-11-19
6,7,Rät,Penelope Scott,https://open.spotify.com/track/25z6kpmIwkCUqk2IORrJ5v,viral-us-weekly-2020-11-19--2020-11-19.csv,November,47,Viral 50,2020-11-19
7,8,E-GIRLS ARE RUINING MY LIFE!,CORPSE,https://open.spotify.com/track/7bCfHiRcfUjG0YVVNUL7Ve,viral-us-weekly-2020-11-19--2020-11-19.csv,November,47,Viral 50,2020-11-19
8,9,Whoopty,CJ,https://open.spotify.com/track/5vGLcdRuSbUhD8ScwsGSdA,viral-us-weekly-2020-11-19--2020-11-19.csv,November,47,Viral 50,2020-11-19
9,10,Die Very Rough,Mario Judah,https://open.spotify.com/track/3brXaWuPsVScvYQKUh3Ijc,viral-us-weekly-2020-11-19--2020-11-19.csv,November,47,Viral 50,2020-11-19
10,11,Line Without a Hook,Ricky Montgomery,https://open.spotify.com/track/5jvgec3P4jyoZUPTy2pWDR,viral-us-weekly-2020-11-19--2020-11-19.csv,November,47,Viral 50,2020-11-19
11,12,ICE (feat. MORGENSHTERN),MORGENSHTERN,https://open.spotify.com/track/2E5NGLtMqDmeijWcntP8Ca,viral-us-weekly-2020-11-19--2020-11-19.csv,November,47,Viral 50,2020-11-19
12,13,Producer Man,Lyn Lapid,https://open.spotify.com/track/5BArc3UpONi77FMkNT4LYU,viral-us-weekly-2020-11-19--2020-11-19.csv,November,47,Viral 50,2020-11-19
13,14,Starting Over,Chris Stapleton,https://open.spotify.com/track/3K07bGe8iljQ3mOKArHLDo,viral-us-weekly-2020-11-19--2020-11-19.csv,November,47,Viral 50,2020-11-19
14,15,moment,Vierre Cloud,https://open.spotify.com/track/2JKIYl8KaAMzOR1dIzEO5f,viral-us-weekly-2020-11-19--2020-11-19.csv,November,47,Viral 50,2020-11-19
15,16,Deep End,Fousheé,https://open.spotify.com/track/6HlE9t71z9DjGi7KqSyEpA,viral-us-weekly-2020-11-19--2020-11-19.csv,November,47,Viral 50,2020-11-19
16,17,Goosebumps,HVME,https://open.spotify.com/track/20McUFi8KCIVdNDLrkTDuZ,viral-us-weekly-2020-11-19--2020-11-19.csv,November,47,Viral 50,2020-11-19
17,18,Clouds (feat. Zach Sobiech),A Firm Handshake,https://open.spotify.com/track/40CJfuACP98IVW9aY6wAmh,viral-us-weekly-2020-11-19--2020-11-19.csv,November,47,Viral 50,2020-11-19
18,19,No Eres La Oficial,David Santos,https://open.spotify.com/track/7LYWPZL216dyiN02mjefro,viral-us-weekly-2020-11-19--2020-11-19.csv,November,47,Viral 50,2020-11-19
19,20,Deep End - SIDEPIECE Remix,John Summit,https://open.spotify.com/track/5WNa0eaGNwQ1ZXTHVlULpd,viral-us-weekly-2020-11-19--2020-11-19.csv,November,47,Viral 50,2020-11-19
20,21,Love Me Later,Natasha Mosley,https://open.spotify.com/track/2XcXeVg89HLC4n4GO1hai6,viral-us-weekly-2020-11-19--2020-11-19.csv,November,47,Viral 50,2020-11-19
21,22,Candy,Robbie Williams,https://open.spotify.com/track/5NlFXQ0si6U87gXs6hq81B,viral-us-weekly-2020-11-19--2020-11-19.csv,November,47,Viral 50,2020-11-19
22,23,Don't Worry (Clappers),Slimelife Shawty,https://open.spotify.com/track/5LRKPn8fgSZT5e4YHDWng3,viral-us-weekly-2020-11-19--2020-11-19.csv,November,47,Viral 50,2020-11-19
23,24,Astronaut In The Ocean,Masked Wolf,https://open.spotify.com/track/0jdso14vaFnpRazMLEZovF,viral-us-weekly-2020-11-19--2020-11-19.csv,November,47,Viral 50,2020-11-19
24,25,Dirt Road,Kidd G,https://open.spotify.com/track/3azaE9S4YBYOuKmZu2TZrV,viral-us-weekly-2020-11-19--2020-11-19.csv,November,47,Viral 50,2020-11-19
25,26,Canceled,Larray,https://open.spotify.com/track/3VxOgQ9o1aKonFx4d5lPR3,viral-us-weekly-2020-11-19--2020-11-19.csv,November,47,Viral 50,2020-11-19
26,27,positions,Ariana Grande,https://open.spotify.com/track/35mvY5S1H3J2QZyna3TFe0,viral-us-weekly-2020-11-19--2020-11-19.csv,November,47,Viral 50,2020-11-19
27,28,HIT EM WHERE IT HURTS,PawPaw Rod,https://open.spotify.com/track/63e35wfL6GMUp0boIvNBhw,viral-us-weekly-2020-11-19--2020-11-19.csv,November,47,Viral 50,2020-11-19
28,29,Cold,Chris Stapleton,https://open.spotify.com/track/24nhOvYX2gk3txBbMzXeUB,viral-us-weekly-2020-11-19--2020-11-19.csv,November,47,Viral 50,2020-11-19
29,30,Cigarette Ahegao,Penelope Scott,https://open.spotify.com/track/6UYJYgY8VRo6mKrhgTe1CF,viral-us-weekly-2020-11-19--2020-11-19.csv,November,47,Viral 50,2020-11-19
30,31,Arkansas,Chris Stapleton,https://open.spotify.com/track/0NdEdsXS9jbX1hnufawZ0z,viral-us-weekly-2020-11-19--2020-11-19.csv,November,47,Viral 50,2020-11-19
31,32,SO DONE,The Kid LAROI,https://open.spotify.com/track/3qgPpwtuRu5oP8EtFSj8HE,viral-us-weekly-2020-11-19--2020-11-19.csv,November,47,Viral 50,2020-11-19
32,33,Forever After All,Luke Combs,https://open.spotify.com/track/6IBcOGPsniK3Pso1wHIhew,viral-us-weekly-2020-11-19--2020-11-19.csv,November,47,Viral 50,2020-11-19
33,34,Tyler Herro,Jack Harlow,https://open.spotify.com/track/4DuUwzP4ALMqpquHU0ltAB,viral-us-weekly-2020-11-19--2020-11-19.csv,November,47,Viral 50,2020-11-19
34,35,Drip Like ME,Kenndog,https://open.spotify.com/track/5lNsNowjCKqgafSWE7Ie2Z,viral-us-weekly-2020-11-19--2020-11-19.csv,November,47,Viral 50,2020-11-19
35,36,Blue Hour,TOMORROW X TOGETHER,https://open.spotify.com/track/0JQHGu03YJikcND4SENdiW,viral-us-weekly-2020-11-19--2020-11-19.csv,November,47,Viral 50,2020-11-19
36,37,Put Your Records On,Ritt Momney,https://open.spotify.com/track/6AGOKlMZWLCaEJGnaROtF9,viral-us-weekly-2020-11-19--2020-11-19.csv,November,47,Viral 50,2020-11-19
37,38,Jealous,Eyedress,https://open.spotify.com/track/5KbTBSGUvgDg75gIVhUaAW,viral-us-weekly-2020-11-19--2020-11-19.csv,November,47,Viral 50,2020-11-19
38,39,Fairytale of New York (feat. Kirsty MacColl),The Pogues,https://open.spotify.com/track/3VTNVsTTu05dmTsVFrmGpK,viral-us-weekly-2020-11-19--2020-11-19.csv,November,47,Viral 50,2020-11-19
39,40,Fire for You,Cannons,https://open.spotify.com/track/4o0LyB69tylqDG6eTGhmig,viral-us-weekly-2020-11-19--2020-11-19.csv,November,47,Viral 50,2020-11-19
40,41,Just the Two of Us (feat. Bill Withers),"Grover Washington, Jr.",https://open.spotify.com/track/1ko2lVN0vKGUl9zrU0qSlT,viral-us-weekly-2020-11-19--2020-11-19.csv,November,47,Viral 50,2020-11-19
41,42,Jenny (I Wanna Ruin Our Friendship),Studio Killers,https://open.spotify.com/track/7lgA34nFXxjqQgyLkPUcLv,viral-us-weekly-2020-11-19--2020-11-19.csv,November,47,Viral 50,2020-11-19
42,43,Lonely (with benny blanco),Justin Bieber,https://open.spotify.com/track/4y4spB9m0Q6026KfkAvy9Q,viral-us-weekly-2020-11-19--2020-11-19.csv,November,47,Viral 50,2020-11-19
43,44,Trap Anthem,MC Virgins,https://open.spotify.com/track/0CJgUQ8UemK2htS73Ye5U8,viral-us-weekly-2020-11-19--2020-11-19.csv,November,47,Viral 50,2020-11-19
44,45,Achilles Come Down,Gang of Youths,https://open.spotify.com/track/22TntnVO3lQNDR5nsvxGRs,viral-us-weekly-2020-11-19--2020-11-19.csv,November,47,Viral 50,2020-11-19
45,46,I CAN'T STOP ME,TWICE,https://open.spotify.com/track/3apeXzypBMnUfYcZYNX6DH,viral-us-weekly-2020-11-19--2020-11-19.csv,November,47,Viral 50,2020-11-19
46,47,Miss YOU!,CORPSE,https://open.spotify.com/track/3pXVmZh293nWtqxildz9jf,viral-us-weekly-2020-11-19--2020-11-19.csv,November,47,Viral 50,2020-11-19
47,48,Gucci Bucket Hat,Pap Chanel,https://open.spotify.com/track/0DaMA9Qeod1l8d6kmEq4Ay,viral-us-weekly-2020-11-19--2020-11-19.csv,November,47,Viral 50,2020-11-19
48,49,Судно (Борис Рижий),Molchat Doma,https://open.spotify.com/track/6DONTnamNDOJdO6DzCu71p,viral-us-weekly-2020-11-19--2020-11-19.csv,November,47,Viral 50,2020-11-19
49,50,Took Her To The O,King Von,https://open.spotify.com/track/7fEoXCZTZFosUFvFQg1BmW,viral-us-weekly-2020-11-19--2020-11-19.csv,November,47,Viral 50,2020-11-19
0,1,Home,Edith Whiskers,https://open.spotify.com/track/18V1UiYRvWYwn01CRDbbuR,viral-us-weekly-2020-11-26--2020-11-26.csv,November,48,Viral 50,2020-11-26
1,2,Gdzie jest biały węgorz ? (Zejście),Cypis,https://open.spotify.com/track/4fNbS43X6yt4iWxLgRqwKa,viral-us-weekly-2020-11-26--2020-11-26.csv,November,48,Viral 50,2020-11-26
2,3,Touch You,遠野高志,https://open.spotify.com/track/6qWEpnyU43Bcrx3vfbGuVm,viral-us-weekly-2020-11-26--2020-11-26.csv,November,48,Viral 50,2020-11-26
3,4,Oh No,Kreepa,https://open.spotify.com/track/4qBMiRsJjtm1WR4KyAQqrX,viral-us-weekly-2020-11-26--2020-11-26.csv,November,48,Viral 50,2020-11-26
4,5,DRUGS,Tai Verdes,https://open.spotify.com/track/0ooz46SAYMJsdOPnwW4nKK,viral-us-weekly-2020-11-26--2020-11-26.csv,November,48,Viral 50,2020-11-26
5,6,Adderall (Corvette Corvette),Popp Hunna,https://open.spotify.com/track/3aAmQOxRPeKDL0HMWFA5qn,viral-us-weekly-2020-11-26--2020-11-26.csv,November,48,Viral 50,2020-11-26
6,7,Quicksand,Morray,https://open.spotify.com/track/33HO2V42Tc6xE0SbCg6vBj,viral-us-weekly-2020-11-26--2020-11-26.csv,November,48,Viral 50,2020-11-26
7,8,Jenny (I Wanna Ruin Our Friendship),Studio Killers,https://open.spotify.com/track/7lgA34nFXxjqQgyLkPUcLv,viral-us-weekly-2020-11-26--2020-11-26.csv,November,48,Viral 50,2020-11-26
8,9,Whoopty,CJ,https://open.spotify.com/track/5vGLcdRuSbUhD8ScwsGSdA,viral-us-weekly-2020-11-26--2020-11-26.csv,November,48,Viral 50,2020-11-26
9,10,Dancing in My Room,347aidan,https://open.spotify.com/track/6Pgmqg15yVexuOgtzuxwoX,viral-us-weekly-2020-11-26--2020-11-26.csv,November,48,Viral 50,2020-11-26
10,11,Rät,Penelope Scott,https://open.spotify.com/track/25z6kpmIwkCUqk2IORrJ5v,viral-us-weekly-2020-11-26--2020-11-26.csv,November,48,Viral 50,2020-11-26
11,12,Die Very Rough,Mario Judah,https://open.spotify.com/track/3brXaWuPsVScvYQKUh3Ijc,viral-us-weekly-2020-11-26--2020-11-26.csv,November,48,Viral 50,2020-11-26
12,13,Line Without a Hook,Ricky Montgomery,https://open.spotify.com/track/5jvgec3P4jyoZUPTy2pWDR,viral-us-weekly-2020-11-26--2020-11-26.csv,November,48,Viral 50,2020-11-26
13,14,The Thanksgiving Song,Adam Sandler,https://open.spotify.com/track/10zEjN1uWiYKSLo01BGlJx,viral-us-weekly-2020-11-26--2020-11-26.csv,November,48,Viral 50,2020-11-26
14,15,E-GIRLS ARE RUINING MY LIFE!,CORPSE,https://open.spotify.com/track/7bCfHiRcfUjG0YVVNUL7Ve,viral-us-weekly-2020-11-26--2020-11-26.csv,November,48,Viral 50,2020-11-26
15,16,DÁKITI,Bad Bunny,https://open.spotify.com/track/47EiUVwUp4C9fGccaPuUCS,viral-us-weekly-2020-11-26--2020-11-26.csv,November,48,Viral 50,2020-11-26
16,17,Alice's Restaurant Massacree,Arlo Guthrie,https://open.spotify.com/track/4OjKHySJHstsImlUW3qfml,viral-us-weekly-2020-11-26--2020-11-26.csv,November,48,Viral 50,2020-11-26
17,18,Mayonaka no Door / Stay With Me,Miki Matsubara,https://open.spotify.com/track/2BHj31ufdEqVK5CkYDp9mA,viral-us-weekly-2020-11-26--2020-11-26.csv,November,48,Viral 50,2020-11-26
18,19,ICE (feat. MORGENSHTERN),MORGENSHTERN,https://open.spotify.com/track/2E5NGLtMqDmeijWcntP8Ca,viral-us-weekly-2020-11-26--2020-11-26.csv,November,48,Viral 50,2020-11-26
19,20,Goosebumps,HVME,https://open.spotify.com/track/20McUFi8KCIVdNDLrkTDuZ,viral-us-weekly-2020-11-26--2020-11-26.csv,November,48,Viral 50,2020-11-26
20,21,Deep End - SIDEPIECE Remix,John Summit,https://open.spotify.com/track/5WNa0eaGNwQ1ZXTHVlULpd,viral-us-weekly-2020-11-26--2020-11-26.csv,November,48,Viral 50,2020-11-26
21,22,Candy,Robbie Williams,https://open.spotify.com/track/5NlFXQ0si6U87gXs6hq81B,viral-us-weekly-2020-11-26--2020-11-26.csv,November,48,Viral 50,2020-11-26
22,23,34+35,Ariana Grande,https://open.spotify.com/track/6Im9k8u9iIzKMrmV7BWtlF,viral-us-weekly-2020-11-26--2020-11-26.csv,November,48,Viral 50,2020-11-26
23,24,pov,Ariana Grande,https://open.spotify.com/track/3UoULw70kMsiVXxW0L3A33,viral-us-weekly-2020-11-26--2020-11-26.csv,November,48,Viral 50,2020-11-26
24,25,Under My Skin,Nate Smith,https://open.spotify.com/track/7G6eOSluX80fOpWD1ERuyF,viral-us-weekly-2020-11-26--2020-11-26.csv,November,48,Viral 50,2020-11-26
25,26,Astronomia - Never Go Home,Tony Igy,https://open.spotify.com/track/5WYB4aZkflwjAApBoDCYkz,viral-us-weekly-2020-11-26--2020-11-26.csv,November,48,Viral 50,2020-11-26
26,27,Paradise (feat. Dermot Kennedy),MEDUZA,https://open.spotify.com/track/6ft4hAq6yde8jPZY2i5zLr,viral-us-weekly-2020-11-26--2020-11-26.csv,November,48,Viral 50,2020-11-26
27,28,Just the Two of Us (feat. Bill Withers),"Grover Washington, Jr.",https://open.spotify.com/track/1ko2lVN0vKGUl9zrU0qSlT,viral-us-weekly-2020-11-26--2020-11-26.csv,November,48,Viral 50,2020-11-26
28,29,Love Me Later,Natasha Mosley,https://open.spotify.com/track/2XcXeVg89HLC4n4GO1hai6,viral-us-weekly-2020-11-26--2020-11-26.csv,November,48,Viral 50,2020-11-26
29,30,THICK (feat. Megan Thee Stallion) - Remix,DJ Chose,https://open.spotify.com/track/52ySvuxscDGsXUVsci1Kpa,viral-us-weekly-2020-11-26--2020-11-26.csv,November,48,Viral 50,2020-11-26
30,31,moment,Vierre Cloud,https://open.spotify.com/track/2JKIYl8KaAMzOR1dIzEO5f,viral-us-weekly-2020-11-26--2020-11-26.csv,November,48,Viral 50,2020-11-26
31,32,Trap Anthem,MC Virgins,https://open.spotify.com/track/0CJgUQ8UemK2htS73Ye5U8,viral-us-weekly-2020-11-26--2020-11-26.csv,November,48,Viral 50,2020-11-26
32,33,Fairytale of New York (feat. Kirsty MacColl),The Pogues,https://open.spotify.com/track/3VTNVsTTu05dmTsVFrmGpK,viral-us-weekly-2020-11-26--2020-11-26.csv,November,48,Viral 50,2020-11-26
33,34,No Eres La Oficial,David Santos,https://open.spotify.com/track/7LYWPZL216dyiN02mjefro,viral-us-weekly-2020-11-26--2020-11-26.csv,November,48,Viral 50,2020-11-26
34,35,Astronaut In The Ocean,Masked Wolf,https://open.spotify.com/track/0jdso14vaFnpRazMLEZovF,viral-us-weekly-2020-11-26--2020-11-26.csv,November,48,Viral 50,2020-11-26
35,36,Dirt Road,Kidd G,https://open.spotify.com/track/3azaE9S4YBYOuKmZu2TZrV,viral-us-weekly-2020-11-26--2020-11-26.csv,November,48,Viral 50,2020-11-26
36,37,SO DONE,The Kid LAROI,https://open.spotify.com/track/3qgPpwtuRu5oP8EtFSj8HE,viral-us-weekly-2020-11-26--2020-11-26.csv,November,48,Viral 50,2020-11-26
37,38,Cigarette Ahegao,Penelope Scott,https://open.spotify.com/track/6UYJYgY8VRo6mKrhgTe1CF,viral-us-weekly-2020-11-26--2020-11-26.csv,November,48,Viral 50,2020-11-26
38,39,Don't Worry (Clappers),Slimelife Shawty,https://open.spotify.com/track/5LRKPn8fgSZT5e4YHDWng3,viral-us-weekly-2020-11-26--2020-11-26.csv,November,48,Viral 50,2020-11-26
39,40,Achilles Come Down,Gang of Youths,https://open.spotify.com/track/22TntnVO3lQNDR5nsvxGRs,viral-us-weekly-2020-11-26--2020-11-26.csv,November,48,Viral 50,2020-11-26
40,41,HIT EM WHERE IT HURTS,PawPaw Rod,https://open.spotify.com/track/63e35wfL6GMUp0boIvNBhw,viral-us-weekly-2020-11-26--2020-11-26.csv,November,48,Viral 50,2020-11-26
41,42,Jealous,Eyedress,https://open.spotify.com/track/5KbTBSGUvgDg75gIVhUaAW,viral-us-weekly-2020-11-26--2020-11-26.csv,November,48,Viral 50,2020-11-26
42,43,Deep End,Fousheé,https://open.spotify.com/track/6HlE9t71z9DjGi7KqSyEpA,viral-us-weekly-2020-11-26--2020-11-26.csv,November,48,Viral 50,2020-11-26
43,44,BOO!,Championxiii,https://open.spotify.com/track/1eDyjPYw65g3wvQ7xJLF5c,viral-us-weekly-2020-11-26--2020-11-26.csv,November,48,Viral 50,2020-11-26
44,45,Fire for You,Cannons,https://open.spotify.com/track/4o0LyB69tylqDG6eTGhmig,viral-us-weekly-2020-11-26--2020-11-26.csv,November,48,Viral 50,2020-11-26
45,46,Forever After All,Luke Combs,https://open.spotify.com/track/6IBcOGPsniK3Pso1wHIhew,viral-us-weekly-2020-11-26--2020-11-26.csv,November,48,Viral 50,2020-11-26
46,47,夜に駆ける,YOASOBI,https://open.spotify.com/track/3dPtXHP0oXQ4HCWHsOA9js,viral-us-weekly-2020-11-26--2020-11-26.csv,November,48,Viral 50,2020-11-26
47,48,Never the 1,ROSIE,https://open.spotify.com/track/6xyOZrXp6UGOFa30jewqIV,viral-us-weekly-2020-11-26--2020-11-26.csv,November,48,Viral 50,2020-11-26
48,49,LEFT RIGHT,Bktherula,https://open.spotify.com/track/6hO0b9LAggdysS9RIn8VxH,viral-us-weekly-2020-11-26--2020-11-26.csv,November,48,Viral 50,2020-11-26
49,50,MORE,K/DA,https://open.spotify.com/track/6juLaduD4STCUDWT0AYun4,viral-us-weekly-2020-11-26--2020-11-26.csv,November,48,Viral 50,2020-11-26
